date,code,close
2020-01-02,000002,4497.51
2020-01-03,000002,4427.07
2020-01-06,000002,4352.48
2020-01-07,000002,4387.01
2020-01-08,000002,4375.96
2020-01-09,000002,4447.79
2020-01-10,000002,4345.57
2020-01-13,000002,4375.96
2020-01-14,000002,4335.9
2020-01-15,000002,4211.59
2020-01-16,000002,4217.11
2020-01-17,000002,4207.44
2020-01-20,000002,4125.94
2020-01-21,000002,4034.78
2020-01-22,000002,4159.1
2020-01-23,000002,4003.01
2020-02-03,000002,3678.4
2020-02-04,000002,3815.15
2020-02-05,000002,3817.91
2020-02-06,000002,3853.83
2020-02-07,000002,3798.58
2020-02-10,000002,3960.19
2020-02-11,000002,4016.82
2020-02-12,000002,4016.82
2020-02-13,000002,4137.0
2020-02-14,000002,4254.41
2020-02-17,000002,4201.92
2020-02-18,000002,4102.46
2020-02-19,000002,4095.56
2020-02-20,000002,4123.18
2020-02-21,000002,4040.3
2020-02-24,000002,3991.96
2020-02-25,000002,4051.35
2020-02-26,000002,4159.1
2020-02-27,000002,4098.32
2020-02-28,000002,4087.27
2020-03-02,000002,4299.99
2020-03-03,000002,4295.84
2020-03-04,000002,4456.08
2020-03-05,000002,4461.6
2020-03-06,000002,4299.99
2020-03-09,000002,4219.87
2020-03-10,000002,4254.41
2020-03-11,000002,4196.39
2020-03-12,000002,4137.0
2020-03-13,000002,4067.93
2020-03-16,000002,3942.23
2020-03-17,000002,3882.84
2020-03-18,000002,3632.82
2020-03-19,000002,3485.02
2020-03-20,000002,3563.76
2020-03-23,000002,3391.09
2020-03-24,000002,3439.44
2020-03-25,000002,3660.45
2020-03-26,000002,3619.01
2020-03-27,000002,3670.12
2020-03-30,000002,3596.91
2020-03-31,000002,3543.04
2020-04-01,000002,3678.4
2020-04-02,000002,3712.94
2020-04-03,000002,3697.74
2020-04-07,000002,3739.18
2020-04-08,000002,3723.99
2020-04-09,000002,3686.69
2020-04-10,000002,3712.94
2020-04-13,000002,3735.04
2020-04-14,000002,3777.86
2020-04-15,000002,3688.07
2020-04-16,000002,3671.5
2020-04-17,000002,3690.84
2020-04-20,000002,3671.5
2020-04-21,000002,3594.14
2020-04-22,000002,3609.34
2020-04-23,000002,3591.38
2020-04-24,000002,3547.18
2020-04-27,000002,3574.81
2020-04-28,000002,3645.25
2020-04-29,000002,3710.17
2020-04-30,000002,3701.89
2020-05-06,000002,3627.3
2020-05-07,000002,3587.24
2020-05-08,000002,3627.3
2020-05-11,000002,3648.01
2020-05-12,000002,3581.71
2020-05-13,000002,3581.71
2020-05-14,000002,3520.94
2020-05-15,000002,3520.94
2020-05-18,000002,3620.39
2020-05-19,000002,3609.34
2020-05-20,000002,3537.51
2020-05-21,000002,3533.37
2020-05-22,000002,3475.35
2020-05-25,000002,3516.79
2020-05-26,000002,3567.9
2020-05-27,000002,3577.57
2020-05-28,000002,3610.72
2020-05-29,000002,3549.94
2020-06-01,000002,3646.63
2020-06-02,000002,3762.66
2020-06-03,000002,3707.41
2020-06-04,000002,3692.22
2020-06-05,000002,3648.01
2020-06-08,000002,3674.26
2020-06-09,000002,3652.16
2020-06-10,000002,3616.24
2020-06-11,000002,3577.57
2020-06-12,000002,3551.32
2020-06-15,000002,3536.13
2020-06-16,000002,3566.52
2020-06-17,000002,3547.18
2020-06-18,000002,3576.19
2020-06-19,000002,3584.47
2020-06-22,000002,3548.56
2020-06-23,000002,3529.22
2020-06-24,000002,3646.63
2020-06-29,000002,3580.33
2020-06-30,000002,3610.72
2020-07-01,000002,3880.07
2020-07-02,000002,3921.51
2020-07-03,000002,3957.43
2020-07-06,000002,4284.79
2020-07-07,000002,4185.34
2020-07-08,000002,4199.15
2020-07-09,000002,4230.92
2020-07-10,000002,4029.25
2020-07-13,000002,4033.4
2020-07-14,000002,3997.48
2020-07-15,000002,3906.32
2020-07-16,000002,3804.1
2020-07-17,000002,3761.28
2020-07-20,000002,3909.08
2020-07-21,000002,3869.02
2020-07-22,000002,3851.07
2020-07-23,000002,3801.34
2020-07-24,000002,3733.66
2020-07-27,000002,3685.31
2020-07-28,000002,3711.55
2020-07-29,000002,3744.71
2020-07-30,000002,3712.94
2020-07-31,000002,3707.41
2020-08-03,000002,3768.19
2020-08-04,000002,3831.73
2020-08-05,000002,3777.86
2020-08-06,000002,3782.0
2020-08-07,000002,3733.66
2020-08-10,000002,3841.4
2020-08-11,000002,3851.07
2020-08-12,000002,3965.71
2020-08-13,000002,3950.52
2020-08-14,000002,3964.36
2020-08-17,000002,4040.26
2020-08-18,000002,3967.22
2020-08-19,000002,3929.98
2020-08-20,000002,3935.71
2020-08-21,000002,3918.53
2020-08-24,000002,3885.58
2020-08-25,000002,3894.18
2020-08-26,000002,3878.42
2020-08-27,000002,3859.81
2020-08-28,000002,3948.6
2020-08-31,000002,3905.64
2020-09-01,000002,3898.47
2020-09-02,000002,3941.44
2020-09-03,000002,3982.98
2020-09-04,000002,4020.21
2020-09-07,000002,4071.77
2020-09-08,000002,4053.15
2020-09-09,000002,4007.32
2020-09-10,000002,4076.07
2020-09-11,000002,4010.19
2020-09-14,000002,3967.22
2020-09-15,000002,3991.57
2020-09-16,000002,4037.4
2020-09-17,000002,4018.78
2020-09-18,000002,4196.37
2020-09-21,000002,4173.46
2020-09-22,000002,4147.68
2020-09-23,000002,4110.44
2020-09-24,000002,4024.51
2020-09-25,000002,3955.76
2020-09-28,000002,4067.48
2020-09-29,000002,4051.72
2020-09-30,000002,4013.05
2020-10-09,000002,4014.48
2020-10-12,000002,4054.59
2020-10-13,000002,4008.76
2020-10-14,000002,3978.68
2020-10-15,000002,3967.22
2020-10-16,000002,3990.14
2020-10-19,000002,3972.95
2020-10-20,000002,3935.71
2020-10-21,000002,3957.2
2020-10-22,000002,4008.76
2020-10-23,000002,3993.0
2020-10-26,000002,4010.19
2020-10-27,000002,3934.28
2020-10-28,000002,3855.51
2020-10-29,000002,3921.39
2020-10-30,000002,3945.74
2020-11-02,000002,4003.03
2020-11-03,000002,4014.48
2020-11-04,000002,4033.1
2020-11-05,000002,4189.21
2020-11-06,000002,4219.29
2020-11-09,000002,4235.04
2020-11-10,000002,4200.67
2020-11-11,000002,4263.69
2020-11-12,000002,4262.26
2020-11-13,000002,4160.57
2020-11-16,000002,4182.05
2020-11-17,000002,4289.47
2020-11-18,000002,4405.48
2020-11-19,000002,4426.96
2020-11-20,000002,4421.23
2020-11-23,000002,4445.58
2020-11-24,000002,4418.37
2020-11-25,000002,4411.21
2020-11-26,000002,4431.26
2020-11-27,000002,4527.21
2020-11-30,000002,4396.88
2020-12-01,000002,4404.04
2020-12-02,000002,4458.47
2020-12-03,000002,4425.53
2020-12-04,000002,4296.63
2020-12-07,000002,4212.13
2020-12-08,000002,4179.19
2020-12-09,000002,4104.71
2020-12-10,000002,4093.26
2020-12-11,000002,4076.07
2020-12-14,000002,4141.95
2020-12-15,000002,4088.96
2020-12-16,000002,4096.12
2020-12-17,000002,4130.49
2020-12-18,000002,4081.8
2020-12-21,000002,4034.53
2020-12-22,000002,4017.35
2020-12-23,000002,3985.84
2020-12-24,000002,4001.59
2020-12-25,000002,4024.51
2020-12-28,000002,4070.34
2020-12-29,000002,4084.66
2020-12-30,000002,4064.61
2020-12-31,000002,4110.44
2021-01-04,000002,3978.68
2021-01-05,000002,3997.3
2021-01-06,000002,4117.6
2021-01-07,000002,4123.33
2021-01-08,000002,4202.1
2021-01-11,000002,4265.12
2021-01-12,000002,4253.66
2021-01-13,000002,4282.31
2021-01-14,000002,4295.2
2021-01-15,000002,4289.47
2021-01-18,000002,4477.09
2021-01-19,000002,4479.95
2021-01-20,000002,4368.24
2021-01-21,000002,4310.95
2021-01-22,000002,4190.65
2021-01-25,000002,4204.97
2021-01-26,000002,4253.66
2021-01-27,000002,4210.7
2021-01-28,000002,4071.77
2021-01-29,000002,3980.11
2021-02-01,000002,4020.21
2021-02-02,000002,4058.88
2021-02-03,000002,3998.73
2021-02-04,000002,3994.43
2021-02-05,000002,4136.22
2021-02-08,000002,4172.03
2021-02-09,000002,4117.6
2021-02-10,000002,4129.06
2021-02-18,000002,4298.06
2021-02-19,000002,4273.71
2021-02-22,000002,4257.96
2021-02-23,000002,4298.06
2021-02-24,000002,4295.2
2021-02-25,000002,4724.86
2021-02-26,000002,4740.61
2021-03-01,000002,4776.42
2021-03-02,000002,4767.83
2021-03-03,000002,4797.9
2021-03-04,000002,4681.89
2021-03-05,000002,4517.19
2021-03-08,000002,4468.49
2021-03-09,000002,4442.71
2021-03-10,000002,4395.45
2021-03-11,000002,4461.33
2021-03-12,000002,4510.03
2021-03-15,000002,4502.87
2021-03-16,000002,4711.97
2021-03-17,000002,4684.76
2021-03-18,000002,4683.33
2021-03-19,000002,4468.49
2021-03-22,000002,4530.08
2021-03-23,000002,4500.0
2021-03-24,000002,4405.48
2021-03-25,000002,4375.4
2021-03-26,000002,4399.75
2021-03-29,000002,4439.85
2021-03-30,000002,4492.84
2021-03-31,000002,4296.63
2021-04-01,000002,4272.28
2021-04-02,000002,4296.63
2021-04-06,000002,4214.99
2021-04-07,000002,4253.66
2021-04-08,000002,4177.76
2021-04-09,000002,4133.36
2021-04-12,000002,4094.69
2021-04-13,000002,4051.72
2021-04-14,000002,4119.04
2021-04-15,000002,4100.42
2021-04-16,000002,4134.79
2021-04-19,000002,4153.41
2021-04-20,000002,4114.74
2021-04-21,000002,4103.28
2021-04-22,000002,4156.27
2021-04-23,000002,4023.08
2021-04-26,000002,3967.22
2021-04-27,000002,4000.16
2021-04-28,000002,3964.36
2021-04-29,000002,3994.43
2021-04-30,000002,4034.53
2021-05-06,000002,3998.73
2021-05-07,000002,4010.19
2021-05-10,000002,3944.31
2021-05-11,000002,3955.76
2021-05-12,000002,3871.26
2021-05-13,000002,3849.78
2021-05-14,000002,3876.99
2021-05-17,000002,3884.15
2021-05-18,000002,3908.5
2021-05-19,000002,3834.03
2021-05-20,000002,3862.67
2021-05-21,000002,3805.38
2021-05-24,000002,3750.96
2021-05-25,000002,3832.59
2021-05-26,000002,3892.75
2021-05-27,000002,3889.88
2021-05-28,000002,3859.81
2021-05-31,000002,3824.0
2021-06-01,000002,3809.68
2021-06-02,000002,3832.59
2021-06-03,000002,3819.7
2021-06-04,000002,3771.01
2021-06-07,000002,3715.15
2021-06-08,000002,3732.34
2021-06-09,000002,3710.86
2021-06-10,000002,3673.62
2021-06-11,000002,3622.06
2021-06-15,000002,3546.15
2021-06-16,000002,3574.8
2021-06-17,000002,3580.52
2021-06-18,000002,3518.94
2021-06-21,000002,3465.95
2021-06-22,000002,3470.24
2021-06-23,000002,3508.91
2021-06-24,000002,3484.57
2021-06-25,000002,3510.35
2021-06-28,000002,3448.76
2021-06-29,000002,3408.66
2021-06-30,000002,3410.09
2021-07-01,000002,3577.66
2021-07-02,000002,3444.46
2021-07-05,000002,3411.52
2021-07-06,000002,3506.05
2021-07-07,000002,3443.03
2021-07-08,000002,3444.46
2021-07-09,000002,3445.9
2021-07-12,000002,3411.52
2021-07-13,000002,3414.39
2021-07-14,000002,3324.16
2021-07-15,000002,3368.56
2021-07-16,000002,3430.14
2021-07-19,000002,3362.83
2021-07-20,000002,3306.97
2021-07-21,000002,3255.41
2021-07-22,000002,3324.16
2021-07-23,000002,3309.84
2021-07-26,000002,3059.2
2021-07-27,000002,2887.33
2021-07-28,000002,2934.6
2021-07-29,000002,2950.35
2021-07-30,000002,2958.95
2021-08-02,000002,2993.32
2021-08-03,000002,2990.45
2021-08-04,000002,2943.19
2021-08-05,000002,3006.21
2021-08-06,000002,3021.96
2021-08-09,000002,3190.96
2021-08-10,000002,3130.81
2021-08-11,000002,3309.84
2021-08-12,000002,3242.52
2021-08-13,000002,3264.01
2021-08-16,000002,3288.35
2021-08-17,000002,3311.27
2021-08-18,000002,3397.2
2021-08-19,000002,3315.57
2021-08-20,000002,3258.28
2021-08-23,000002,3268.3
2021-08-24,000002,3296.95
2021-08-25,000002,3216.68
2021-08-26,000002,3160.65
2021-08-27,000002,3165.19
2021-08-30,000002,2942.57
2021-08-31,000002,2998.6
2021-09-01,000002,3153.07
2021-09-02,000002,3210.62
2021-09-03,000002,3169.73
2021-09-06,000002,3112.18
2021-09-07,000002,3118.24
2021-09-08,000002,3078.87
2021-09-09,000002,3059.18
2021-09-10,000002,3089.47
2021-09-13,000002,3219.71
2021-09-14,000002,3048.58
2021-09-15,000002,2965.28
2021-09-16,000002,2880.47
2021-09-17,000002,2888.05
2021-09-22,000002,3041.01
2021-09-23,000002,3112.18
2021-09-24,000002,3077.35
2021-09-27,000002,3000.12
2021-09-28,000002,3192.45
2021-09-29,000002,3206.08
2021-09-30,000002,3227.28
2021-10-08,000002,3216.68
2021-10-11,000002,3346.92
2021-10-12,000002,3377.21
2021-10-13,000002,3377.21
2021-10-14,000002,3225.77
2021-10-15,000002,3193.96
2021-10-18,000002,3074.32
2021-10-19,000002,3074.32
2021-10-20,000002,3028.89
2021-10-21,000002,3139.44
2021-10-22,000002,3230.31
2021-10-25,000002,3118.24
2021-10-26,000002,2986.49
2021-10-27,000002,2977.4
2021-10-28,000002,2897.13
2021-10-29,000002,2757.8
2021-11-01,000002,2754.78
2021-11-02,000002,2671.48
2021-11-03,000002,2733.57
2021-11-04,000002,2735.09
2021-11-05,000002,2698.74
2021-11-08,000002,2772.95
2021-11-09,000002,2759.32
2021-11-10,000002,2874.42
2021-11-11,000002,3148.53
2021-11-12,000002,2992.54
2021-11-15,000002,2938.02
2021-11-16,000002,2913.79
2021-11-17,000002,2947.11
2021-11-18,000002,2891.08
2021-11-19,000002,3013.75
2021-11-22,000002,2910.76
2021-11-23,000002,2913.79
2021-11-24,000002,2922.88
2021-11-25,000002,2910.76
2021-11-26,000002,2875.93
2021-11-29,000002,2795.67
2021-11-30,000002,2765.38
2021-12-01,000002,2797.18
2021-12-02,000002,2881.99
2021-12-03,000002,2918.34
2021-12-06,000002,2951.65
2021-12-07,000002,3019.8
2021-12-08,000002,3000.12
2021-12-09,000002,3089.47
2021-12-10,000002,3053.12
2021-12-13,000002,3013.75
2021-12-14,000002,2953.17
2021-12-15,000002,2969.83
2021-12-16,000002,2997.09
2021-12-17,000002,2957.71
2021-12-20,000002,2962.25
2021-12-21,000002,3075.84
2021-12-22,000002,3007.69
2021-12-23,000002,2975.88
2021-12-24,000002,2974.37
2021-12-27,000002,2971.34
2021-12-28,000002,2980.43
2021-12-29,000002,2934.99
2021-12-30,000002,2895.62
2021-12-31,000002,2992.54
2022-01-04,000002,3103.1
2022-01-05,000002,3206.08
2022-01-06,000002,3187.91
2022-01-07,000002,3315.12
2022-01-10,000002,3356.01
2022-01-11,000002,3377.21
2022-01-12,000002,3339.35
2022-01-13,000002,3260.6
2022-01-14,000002,3134.9
2022-01-17,000002,3160.65
2022-01-18,000002,3269.69
2022-01-19,000002,3316.63
2022-01-20,000002,3348.44
2022-01-21,000002,3277.26
2022-01-24,000002,3286.35
2022-01-25,000002,3153.07
2022-01-26,000002,3139.44
2022-01-27,000002,3095.53
2022-01-28,000002,3078.87
2022-02-07,000002,3166.7
2022-02-08,000002,3162.16
2022-02-09,000002,3104.61
2022-02-10,000002,3157.62
2022-02-11,000002,3207.59
2022-02-14,000002,3065.24
2022-02-15,000002,3000.12
2022-02-16,000002,3028.89
2022-02-17,000002,2998.6
2022-02-18,000002,3101.58
2022-02-21,000002,3134.9
2022-02-22,000002,3125.81
2022-02-23,000002,3068.27
2022-02-24,000002,3004.66
2022-02-25,000002,2957.71
2022-02-28,000002,2907.73
2022-03-01,000002,2934.99
2022-03-02,000002,2925.91
2022-03-03,000002,2951.65
2022-03-04,000002,2833.53
2022-03-07,000002,2807.78
2022-03-08,000002,2676.02
2022-03-09,000002,2571.53
2022-03-10,000002,2539.72
2022-03-11,000002,2521.55
2022-03-14,000002,2436.74
2022-03-15,000002,2241.38
2022-03-16,000002,2348.9
2022-03-17,000002,2526.09
2022-03-18,000002,2642.71
2022-03-21,000002,2544.27
2022-03-22,000002,2662.39
2022-03-23,000002,2712.37
2022-03-24,000002,2647.25
2022-03-25,000002,2636.65
2022-03-28,000002,2691.17
2022-03-29,000002,2647.25
2022-03-30,000002,2874.42
2022-03-31,000002,2900.16
2022-04-01,000002,3128.84
2022-04-06,000002,3213.65
2022-04-07,000002,3166.7
2022-04-08,000002,3254.54
2022-04-11,000002,3140.96
2022-04-12,000002,3054.64
2022-04-13,000002,3104.61
2022-04-14,000002,3180.33
2022-04-15,000002,3225.77
2022-04-18,000002,3109.16
2022-04-19,000002,3128.84
2022-04-20,000002,2930.45
2022-04-21,000002,2922.88
2022-04-22,000002,3000.12
2022-04-25,000002,2851.7
2022-04-26,000002,2871.39
2022-04-27,000002,2760.83
2022-04-28,000002,2832.01
2022-04-29,000002,2934.99
2022-05-05,000002,2942.57
2022-05-06,000002,2800.21
2022-05-09,000002,2798.69
2022-05-10,000002,2810.81
2022-05-11,000002,2795.67
2022-05-12,000002,2722.97
2022-05-13,000002,2827.47
2022-05-16,000002,2859.27
2022-05-17,000002,2888.05
2022-05-18,000002,2850.19
2022-05-19,000002,2915.31
2022-05-20,000002,2862.3
2022-05-23,000002,2779.01
2022-05-24,000002,2744.17
2022-05-25,000002,2759.32
2022-05-26,000002,2785.06
2022-05-27,000002,2747.2
2022-05-30,000002,2698.74
2022-05-31,000002,2697.23
2022-06-01,000002,2707.83
2022-06-02,000002,2682.08
2022-06-06,000002,2618.48
2022-06-07,000002,2639.68
2022-06-08,000002,2656.34
2022-06-09,000002,2700.26
2022-06-10,000002,2704.8
2022-06-13,000002,2645.74
2022-06-14,000002,2688.14
2022-06-15,000002,2777.49
2022-06-16,000002,2753.26
2022-06-17,000002,2748.72
2022-06-20,000002,2813.84
2022-06-21,000002,2813.84
2022-06-22,000002,2771.43
2022-06-23,000002,2812.32
2022-06-24,000002,2777.49
2022-06-27,000002,2803.24
2022-06-28,000002,2794.15
2022-06-29,000002,2972.86
2022-06-30,000002,3104.61
2022-07-01,000002,3089.47
2022-07-04,000002,3060.69
2022-07-05,000002,3034.95
2022-07-06,000002,2948.62
2022-07-07,000002,2906.22
2022-07-08,000002,2919.85
2022-07-11,000002,2874.42
2022-07-12,000002,2881.99
2022-07-13,000002,2871.39
2022-07-14,000002,2785.06
2022-07-15,000002,2668.45
2022-07-18,000002,2710.86
2022-07-19,000002,2695.71
2022-07-20,000002,2689.65
2022-07-21,000002,2618.48
2022-07-22,000002,2632.11
2022-07-25,000002,2650.28
2022-07-26,000002,2733.57
2022-07-27,000002,2689.65
2022-07-28,000002,2673.0
2022-07-29,000002,2606.36
2022-08-01,000002,2554.87
2022-08-02,000002,2501.86
2022-08-03,000002,2432.2
2022-08-04,000002,2457.94
2022-08-05,000002,2492.78
2022-08-08,000002,2464.0
2022-08-09,000002,2457.94
2022-08-10,000002,2438.26
2022-08-11,000002,2465.52
2022-08-12,000002,2480.66
2022-08-15,000002,2467.03
2022-08-16,000002,2503.38
2022-08-17,000002,2556.38
2022-08-18,000002,2542.75
2022-08-19,000002,2576.07
2022-08-22,000002,2582.13
2022-08-23,000002,2553.35
2022-08-24,000002,2517.01
2022-08-25,000002,2545.76
2022-08-26,000002,2545.76
2022-08-29,000002,2503.95
2022-08-30,000002,2555.41
2022-08-31,000002,2674.42
2022-09-01,000002,2708.19
2022-09-02,000002,2701.76
2022-09-05,000002,2761.26
2022-09-06,000002,2870.62
2022-09-07,000002,2817.55
2022-09-08,000002,2827.2
2022-09-09,000002,2918.86
2022-09-13,000002,2923.69
2022-09-14,000002,2880.27
2022-09-15,000002,2975.15
2022-09-16,000002,2894.74
2022-09-19,000002,2923.69
2022-09-20,000002,2823.98
2022-09-21,000002,2823.98
2022-09-22,000002,2812.72
2022-09-23,000002,2815.94
2022-09-26,000002,2804.68
2022-09-27,000002,2830.41
2022-09-28,000002,2807.9
2022-09-29,000002,2758.04
2022-09-30,000002,2867.4
2022-10-10,000002,2856.14
2022-10-11,000002,2730.7
2022-10-12,000002,2762.87
2022-10-13,000002,2701.76
2022-10-14,000002,2737.14
2022-10-17,000002,2669.59
2022-10-18,000002,2634.21
2022-10-19,000002,2600.44
2022-10-20,000002,2592.4
2022-10-21,000002,2603.66
2022-10-24,000002,2502.34
2022-10-25,000002,2500.73
2022-10-26,000002,2423.54
2022-10-27,000002,2394.59
2022-10-28,000002,2306.14
2022-10-31,000002,2174.27
2022-11-01,000002,2228.95
2022-11-02,000002,2236.99
2022-11-03,000002,2193.57
2022-11-04,000002,2257.9
2022-11-07,000002,2288.45
2022-11-08,000002,2293.28
2022-11-09,000002,2339.91
2022-11-10,000002,2304.53
2022-11-11,000002,2534.51
2022-11-14,000002,2635.82
2022-11-15,000002,2629.39
2022-11-16,000002,2550.59
2022-11-17,000002,2542.55
2022-11-18,000002,2516.81
2022-11-21,000002,2503.95
2022-11-22,000002,2508.77
2022-11-23,000002,2491.08
2022-11-24,000002,2576.32
2022-11-25,000002,2785.38
2022-11-28,000002,2753.22
2022-11-29,000002,3028.22
2022-11-30,000002,2999.27
2022-12-01,000002,3055.56
2022-12-02,000002,2957.46
2022-12-05,000002,3042.69
2022-12-06,000002,3084.51
2022-12-07,000002,2975.15
2022-12-08,000002,3116.67
2022-12-09,000002,3290.35
2022-12-12,000002,3127.93
2022-12-13,000002,3132.75
2022-12-14,000002,3095.76
2022-12-15,000002,3074.86
2022-12-16,000002,3116.67
2022-12-19,000002,3111.84
2022-12-20,000002,3008.92
2022-12-21,000002,3007.31
2022-12-22,000002,3012.14
2022-12-23,000002,3020.18
2022-12-26,000002,2954.24
2022-12-27,000002,2976.76
2022-12-28,000002,2988.01
2022-12-29,000002,2920.47
2022-12-30,000002,2926.9
2023-01-03,000002,2931.73
2023-01-04,000002,3066.82
2023-01-05,000002,3108.63
2023-01-06,000002,3090.94
2023-01-09,000002,3020.18
2023-01-10,000002,3023.39
2023-01-11,000002,3053.95
2023-01-12,000002,2991.23
2023-01-13,000002,3020.18
2023-01-16,000002,3007.31
2023-01-17,000002,3013.75
2023-01-18,000002,2971.93
2023-01-19,000002,2983.19
2023-01-20,000002,2988.01
2023-01-30,000002,2909.21
2023-01-31,000002,2941.38
2023-02-01,000002,2925.29
2023-02-02,000002,2923.69
2023-02-03,000002,2889.91
2023-02-06,000002,2778.95
2023-02-07,000002,2823.98
2023-02-08,000002,2814.33
2023-02-09,000002,2841.67
2023-02-10,000002,2841.67
2023-02-13,000002,2840.06
2023-02-14,000002,2848.1
2023-02-15,000002,2788.6
2023-02-16,000002,2786.99
2023-02-17,000002,2748.39
2023-02-20,000002,2823.98
2023-02-21,000002,2835.24
2023-02-22,000002,2803.07
2023-02-23,000002,2809.51
2023-02-24,000002,2769.3
2023-02-27,000002,2762.87
2023-02-28,000002,2756.44
2023-03-01,000002,2769.3
2023-03-02,000002,2690.5
2023-03-03,000002,2703.36
2023-03-06,000002,2645.47
2023-03-07,000002,2594.01
2023-03-08,000002,2587.58
2023-03-09,000002,2592.4
2023-03-10,000002,2545.76
2023-03-13,000002,2547.37
2023-03-14,000002,2532.9
2023-03-15,000002,2550.59
2023-03-16,000002,2532.9
2023-03-17,000002,2557.02
2023-03-20,000002,2528.07
2023-03-21,000002,2531.29
2023-03-22,000002,2557.02
2023-03-23,000002,2550.59
2023-03-24,000002,2542.55
2023-03-27,000002,2487.87
2023-03-28,000002,2468.57
2023-03-29,000002,2475.0
2023-03-30,000002,2508.77
2023-03-31,000002,2450.88
2023-04-03,000002,2478.22
2023-04-04,000002,2436.41
2023-04-06,000002,2418.72
2023-04-07,000002,2544.15
2023-04-10,000002,2524.86
2023-04-11,000002,2579.53
2023-04-12,000002,2581.14
2023-04-13,000002,2548.98
2023-04-14,000002,2542.55
2023-04-17,000002,2561.84
2023-04-18,000002,2557.02
2023-04-19,000002,2489.48
2023-04-20,000002,2481.43
2023-04-21,000002,2460.53
2023-04-24,000002,2396.2
2023-04-25,000002,2392.98
2023-04-26,000002,2380.12
2023-04-27,000002,2399.42
2023-04-28,000002,2434.8
2023-05-04,000002,2404.24
2023-05-05,000002,2499.12
2023-05-08,000002,2505.56
2023-05-09,000002,2487.87
2023-05-10,000002,2460.53
2023-05-11,000002,2460.53
2023-05-12,000002,2421.93
2023-05-15,000002,2421.93
2023-05-16,000002,2397.81
2023-05-17,000002,2376.9
2023-05-18,000002,2351.17
2023-05-19,000002,2338.31
2023-05-22,000002,2359.21
2023-05-23,000002,2335.09
2023-05-24,000002,2269.15
2023-05-25,000002,2282.02
2023-05-26,000002,2285.24
2023-05-29,000002,2256.29
2023-05-30,000002,2309.36
2023-05-31,000002,2290.06
2023-06-01,000002,2251.46
2023-06-02,000002,2335.09
2023-06-05,000002,2309.36
2023-06-06,000002,2325.44
2023-06-07,000002,2351.17
2023-06-08,000002,2394.59
2023-06-09,000002,2359.21
2023-06-12,000002,2343.13
2023-06-13,000002,2351.17
2023-06-14,000002,2315.79
2023-06-15,000002,2367.25
2023-06-16,000002,2338.31
2023-06-19,000002,2282.02
2023-06-20,000002,2253.07
2023-06-21,000002,2241.81
2023-06-26,000002,2211.26
2023-06-27,000002,2304.53
2023-06-28,000002,2286.84
2023-06-29,000002,2253.07
2023-06-30,000002,2254.68
2023-07-03,000002,2275.59
2023-07-04,000002,2254.68
2023-07-05,000002,2246.64
2023-07-06,000002,2246.64
2023-07-07,000002,2230.56
2023-07-10,000002,2236.99
2023-07-11,000002,2228.95
2023-07-12,000002,2200.0
2023-07-13,000002,2219.3
2023-07-14,000002,2216.08
2023-07-17,000002,2204.83
2023-07-18,000002,2203.22
2023-07-19,000002,2235.38
2023-07-20,000002,2232.17
2023-07-21,000002,2248.25
2023-07-24,000002,2219.3
2023-07-25,000002,2399.42
2023-07-26,000002,2391.38
2023-07-27,000002,2368.86
2023-07-28,000002,2449.27
2023-07-31,000002,2452.49
2023-08-01,000002,2426.76
2023-08-02,000002,2421.93
2023-08-03,000002,2468.57
2023-08-04,000002,2450.88
2023-08-07,000002,2368.86
2023-08-08,000002,2344.74
2023-08-09,000002,2364.04
2023-08-10,000002,2372.08
2023-08-11,000002,2347.96
2023-08-14,000002,2315.79
2023-08-15,000002,2298.1
2023-08-16,000002,2338.31
2023-08-17,000002,2336.7
2023-08-18,000002,2301.32
2023-08-21,000002,2248.25
2023-08-22,000002,2254.68
2023-08-23,000002,2222.52
2023-08-24,000002,2204.83
2023-08-25,000002,2273.31
2023-08-28,000002,2376.49
2023-08-29,000002,2401.86
2023-08-30,000002,2401.86
2023-08-31,000002,2307.14
2023-09-01,000002,2376.49
2023-09-04,000002,2374.8
2023-09-05,000002,2347.74
2023-09-06,000002,2396.79
2023-09-07,000002,2368.03
2023-09-08,000002,2352.81
2023-09-11,000002,2317.29
2023-09-12,000002,2308.83
2023-09-13,000002,2303.76
2023-09-14,000002,2285.15
2023-09-15,000002,2269.93
2023-09-18,000002,2251.32
2023-09-19,000002,2249.63
2023-09-20,000002,2247.94
2023-09-21,000002,2242.87
2023-09-22,000002,2264.86
2023-09-25,000002,2222.57
2023-09-26,000002,2210.73
2023-09-27,000002,2207.35
2023-09-28,000002,2212.42
2023-10-09,000002,2180.28
2023-10-10,000002,2168.44
2023-10-11,000002,2159.99
2023-10-12,000002,2171.83
2023-10-13,000002,2129.54
2023-10-16,000002,2065.26
2023-10-17,000002,2026.36
2023-10-18,000002,1980.69
2023-10-19,000002,1938.41
2023-10-20,000002,1972.23
2023-10-23,000002,1965.47
2023-10-24,000002,1972.23
2023-10-25,000002,1979.0
2023-10-26,000002,1957.01
2023-10-27,000002,1967.16
2023-10-30,000002,1962.09
2023-10-31,000002,1916.42
2023-11-01,000002,1918.11
2023-11-02,000002,1897.81
2023-11-03,000002,1906.27
2023-11-06,000002,2024.67
2023-11-07,000002,2017.9
2023-11-08,000002,2051.73
2023-11-09,000002,2022.98
2023-11-10,000002,2011.14
2023-11-13,000002,1982.38
2023-11-14,000002,1992.53
2023-11-15,000002,2011.14
2023-11-16,000002,1995.91
2023-11-17,000002,1965.47
2023-11-20,000002,1957.01
2023-11-21,000002,2016.21
2023-11-22,000002,2002.68
2023-11-23,000002,2058.5
2023-11-24,000002,2050.04
2023-11-27,000002,1995.91
2023-11-28,000002,1987.46
2023-11-29,000002,1938.41
2023-11-30,000002,1935.02
2023-12-01,000002,1928.26
2023-12-04,000002,1891.04
2023-12-05,000002,1825.08
2023-12-06,000002,1835.23
2023-12-07,000002,1843.68
2023-12-08,000002,1823.39
2023-12-11,000002,1798.01
2023-12-12,000002,1862.29
2023-12-13,000002,1799.71
2023-12-14,000002,1776.03
2023-12-15,000002,1799.71
2023-12-18,000002,1782.79
2023-12-19,000002,1755.73
2023-12-20,000002,1735.43
2023-12-21,000002,1762.49
2023-12-22,000002,1755.73
2023-12-25,000002,1742.2
2023-12-26,000002,1720.21
2023-12-27,000002,1720.21
2023-12-28,000002,1779.41
2023-12-29,000002,1769.26
2024-01-02,000002,1716.82
2024-01-03,000002,1713.44
2024-01-04,000002,1679.61
2024-01-05,000002,1689.76
2024-01-08,000002,1661.01
2024-01-09,000002,1671.16
2024-01-10,000002,1647.48
2024-01-11,000002,1650.86
2024-01-12,000002,1640.71
2024-01-15,000002,1642.4
2024-01-16,000002,1625.49
2024-01-17,000002,1579.82
2024-01-18,000002,1589.97
2024-01-19,000002,1591.66
2024-01-22,000002,1530.77
2024-01-23,000002,1552.75
2024-01-24,000002,1591.66
2024-01-25,000002,1684.69
2024-01-26,000002,1725.28
2024-01-29,000002,1701.6
2024-01-30,000002,1655.93
2024-01-31,000002,1623.79
2024-02-01,000002,1596.73
2024-02-02,000002,1605.19
2024-02-05,000002,1552.75
2024-02-06,000002,1608.57
2024-02-07,000002,1610.26
2024-02-08,000002,1701.6
2024-02-19,000002,1664.39
2024-02-20,000002,1674.54
2024-02-21,000002,1726.97
2024-02-22,000002,1716.82
2024-02-23,000002,1725.28
2024-02-26,000002,1688.07
2024-02-27,000002,1701.6
2024-02-28,000002,1679.61
2024-02-29,000002,1698.22
2024-03-01,000002,1672.85
2024-03-04,000002,1595.04
2024-03-05,000002,1603.5
2024-03-06,000002,1578.13
2024-03-07,000002,1557.83
2024-03-08,000002,1552.75
2024-03-11,000002,1600.11
2024-03-12,000002,1691.45
2024-03-13,000002,1639.02
2024-03-14,000002,1642.4
2024-03-15,000002,1601.81
2024-03-18,000002,1596.73
2024-03-19,000002,1578.13
2024-03-20,000002,1583.2
2024-03-21,000002,1589.97
2024-03-22,000002,1566.29
2024-03-25,000002,1579.82
2024-03-26,000002,1600.11
2024-03-27,000002,1557.83
2024-03-28,000002,1562.9
2024-03-29,000002,1522.31
2024-04-01,000002,1518.92
2024-04-02,000002,1437.74
2024-04-03,000002,1385.3
2024-04-08,000002,1353.16
2024-04-09,000002,1351.47
2024-04-10,000002,1282.12
2024-04-11,000002,1258.44
2024-04-12,000002,1200.93
2024-04-15,000002,1207.7
2024-04-16,000002,1195.86
2024-04-17,000002,1200.93
2024-04-18,000002,1163.72
2024-04-19,000002,1133.27
2024-04-22,000002,1131.58
2024-04-23,000002,1111.28
2024-04-24,000002,1106.21
2024-04-25,000002,1107.9
2024-04-26,000002,1162.03
2024-04-29,000002,1278.74
2024-04-30,000002,1253.37
2024-05-06,000002,1261.82
2024-05-07,000002,1271.97
2024-05-08,000002,1217.85
2024-05-09,000002,1234.76
2024-05-10,000002,1278.74
2024-05-13,000002,1255.06
2024-05-14,000002,1261.82
2024-05-15,000002,1307.49
2024-05-16,000002,1383.61
2024-05-17,000002,1522.31
2024-05-20,000002,1552.75
2024-05-21,000002,1554.45
2024-05-22,000002,1589.97
2024-05-23,000002,1617.03
2024-05-24,000002,1520.62
2024-05-27,000002,1500.32
2024-05-28,000002,1441.12
2024-05-29,000002,1451.27
2024-05-30,000002,1398.83
2024-05-31,000002,1395.45
2024-06-03,000002,1368.39
2024-06-04,000002,1414.05
2024-06-05,000002,1371.77
2024-06-06,000002,1356.55
2024-06-07,000002,1381.92
2024-06-11,000002,1354.85
2024-06-12,000002,1334.56
2024-06-13,000002,1304.11
2024-06-14,000002,1343.01
2024-06-17,000002,1293.96
2024-06-18,000002,1273.66
2024-06-19,000002,1263.52
2024-06-20,000002,1219.54
2024-06-21,000002,1216.15
2024-06-24,000002,1182.33
2024-06-25,000002,1202.62
2024-06-26,000002,1216.15
2024-06-27,000002,1184.02
2024-06-28,000002,1172.18
2024-07-01,000002,1233.07
2024-07-02,000002,1206.01
2024-07-03,000002,1211.08
2024-07-04,000002,1173.87
2024-07-05,000002,1163.72
2024-07-08,000002,1128.2
2024-07-09,000002,1134.97
2024-07-10,000002,1124.82
2024-07-11,000002,1151.88
2024-07-12,000002,1175.56
2024-07-15,000002,1155.26
2024-07-16,000002,1170.49
2024-07-17,000002,1204.31
2024-07-18,000002,1207.7
2024-07-19,000002,1194.17
2024-07-22,000002,1180.63
2024-07-23,000002,1158.65
2024-07-24,000002,1124.82
2024-07-25,000002,1133.27
2024-07-26,000002,1156.95
2024-07-29,000002,1131.58
2024-07-30,000002,1141.73
2024-07-31,000002,1199.24
2024-08-01,000002,1167.1
2024-08-02,000002,1151.88
2024-08-05,000002,1146.81
2024-08-06,000002,1163.72
2024-08-07,000002,1148.5
2024-08-08,000002,1170.49
2024-08-09,000002,1214.46
2024-08-12,000002,1163.72
2024-08-13,000002,1155.26
2024-08-14,000002,1146.81
2024-08-15,000002,1168.79
2024-08-16,000002,1150.19
2024-08-19,000002,1150.19
2024-08-20,000002,1128.2
2024-08-21,000002,1107.9
2024-08-22,000002,1094.37
2024-08-23,000002,1084.22
2024-08-26,000002,1104.52
2024-08-27,000002,1067.31
2024-08-28,000002,1052.08
2024-08-29,000002,1055.47
2024-08-30,000002,1143.42
2024-09-02,000002,1085.91
2024-09-03,000002,1102.83
2024-09-04,000002,1092.68
2024-09-05,000002,1114.67
2024-09-06,000002,1094.37
2024-09-09,000002,1077.46
2024-09-10,000002,1065.62
2024-09-11,000002,1067.31
2024-09-12,000002,1067.31
2024-09-13,000002,1069.0
2024-09-18,000002,1097.75
2024-09-19,000002,1145.11
2024-09-20,000002,1165.41
2024-09-23,000002,1172.18
2024-09-24,000002,1204.31
2024-09-25,000002,1236.45
2024-09-26,000002,1359.93
2024-09-27,000002,1495.24
2024-09-30,000002,1644.09
2024-10-08,000002,1755.73
2024-10-09,000002,1579.82
2024-10-10,000002,1542.61
2024-10-11,000002,1539.22
2024-10-14,000002,1579.82
2024-10-15,000002,1556.14
2024-10-16,000002,1691.45
2024-10-17,000002,1557.83
2024-10-18,000002,1584.89
2024-10-21,000002,1554.45
2024-10-22,000002,1562.9
2024-10-23,000002,1578.13
2024-10-24,000002,1542.61
2024-10-25,000002,1545.99
2024-10-28,000002,1588.27
2024-10-29,000002,1544.3
2024-10-30,000002,1559.52
2024-10-31,000002,1569.67
2024-11-01,000002,1540.91
2024-11-04,000002,1534.15
2024-11-05,000002,1579.82
2024-11-06,000002,1606.88
2024-11-07,000002,1672.85
2024-11-08,000002,1608.57
2024-11-11,000002,1573.05
2024-11-12,000002,1554.45
2024-11-13,000002,1534.15
2024-11-14,000002,1513.85
2024-11-15,000002,1473.26
2024-11-18,000002,1495.24
2024-11-19,000002,1480.02
2024-11-20,000002,1481.71
2024-11-21,000002,1468.18
2024-11-22,000002,1424.2
2024-11-25,000002,1417.44
2024-11-26,000002,1414.05
2024-11-27,000002,1429.28
2024-11-28,000002,1434.35
2024-11-29,000002,1454.65
2024-12-02,000002,1468.18
2024-12-03,000002,1478.33
2024-12-04,000002,1446.19
2024-12-05,000002,1441.12
2024-12-06,000002,1468.18
2024-12-09,000002,1424.2
2024-12-10,000002,1451.27
2024-12-11,000002,1463.11
2024-12-12,000002,1469.87
2024-12-13,000002,1422.51
2024-12-16,000002,1392.07
2024-12-17,000002,1376.84
2024-12-18,000002,1376.84
2024-12-19,000002,1337.94
2024-12-20,000002,1322.72
2024-12-23,000002,1295.65
2024-12-24,000002,1307.49
2024-12-25,000002,1275.36
2024-12-26,000002,1270.28
2024-12-27,000002,1277.05
2024-12-30,000002,1244.91
2024-12-31,000002,1227.99
2025-01-02,000002,1202.62
2025-01-03,000002,1184.02
2025-01-06,000002,1180.63
2025-01-07,000002,1192.47
2025-01-08,000002,1177.25
2025-01-09,000002,1175.56
2025-01-10,000002,1131.58
2025-01-13,000002,1143.42
2025-01-14,000002,1168.79
2025-01-15,000002,1160.34
2025-01-16,000002,1163.72
2025-01-17,000002,1121.43
2025-01-20,000002,1158.65
2025-01-21,000002,1244.91
2025-01-22,000002,1187.4
2025-01-23,000002,1244.91
2025-01-24,000002,1249.98
2025-01-27,000002,1229.69
2025-02-05,000002,1178.94
2025-02-06,000002,1187.4
2025-02-07,000002,1255.06
2025-02-10,000002,1255.06
2025-02-11,000002,1224.61
2025-02-12,000002,1346.4
2025-02-13,000002,1348.09
2025-02-14,000002,1321.02
2025-02-17,000002,1299.04
2025-02-18,000002,1271.97
2025-02-19,000002,1293.96
2025-02-20,000002,1271.97
2025-02-21,000002,1288.89
2025-02-24,000002,1322.72
2025-02-25,000002,1299.04
2025-02-26,000002,1326.1
2025-02-27,000002,1321.02
2025-02-28,000002,1310.88
2025-03-03,000002,1317.64
2025-03-04,000002,1292.27
2025-03-05,000002,1273.66
2025-03-06,000002,1314.26
2025-03-07,000002,1273.66
2025-03-10,000002,1265.21
2025-03-11,000002,1256.75
2025-03-12,000002,1258.44
2025-03-13,000002,1243.22
2025-03-14,000002,1275.36
2025-03-17,000002,1278.74
2025-03-18,000002,1273.66
2025-03-19,000002,1263.52
2025-03-20,000002,1256.75
2025-03-21,000002,1244.91
2025-03-24,000002,1214.46
2025-03-25,000002,1216.15
2025-03-26,000002,1217.85
2025-03-27,000002,1212.77
2025-03-28,000002,1204.31
2025-03-31,000002,1192.47
2025-04-01,000002,1202.62
2025-04-02,000002,1190.78
2025-04-03,000002,1207.7
2025-04-07,000002,1116.36
2025-04-08,000002,1150.19
2025-04-09,000002,1194.17
2025-04-10,000002,1217.85
2025-04-11,000002,1197.55
2025-04-14,000002,1192.47
2025-04-15,000002,1182.33
2025-04-16,000002,1190.78
2025-04-17,000002,1217.85
2025-04-18,000002,1236.45
2025-04-21,000002,1214.46
2025-04-22,000002,1214.46
2025-04-23,000002,1195.86
2025-04-24,000002,1197.55
2025-04-25,000002,1192.47
2025-04-28,000002,1155.26
2025-04-29,000002,1151.88
2025-04-30,000002,1151.88
2025-05-06,000002,1155.26
2025-05-07,000002,1167.1
2025-05-08,000002,1163.72
2025-05-09,000002,1146.81
2025-05-12,000002,1158.65
2025-05-13,000002,1160.34
2025-05-14,000002,1165.41
2025-05-15,000002,1148.5
2025-05-16,000002,1145.11
2025-05-19,000002,1150.19
2025-05-20,000002,1146.81
2025-05-21,000002,1143.42
2025-05-22,000002,1128.2
2025-05-23,000002,1121.43
2025-05-26,000002,1121.43
2025-05-27,000002,1128.2
2025-05-28,000002,1129.89
2025-05-29,000002,1133.27
2025-05-30,000002,1123.12
2025-06-03,000002,1112.98
2025-06-04,000002,1119.74
2025-06-05,000002,1123.12
2025-06-06,000002,1116.36
2025-06-09,000002,1119.74
2025-06-10,000002,1116.36
2025-06-11,000002,1111.28
2025-06-12,000002,1101.14
2025-06-13,000002,1089.3
2025-06-16,000002,1111.28
2025-06-17,000002,1104.52
2025-06-18,000002,1089.3
2025-06-19,000002,1069.0
2025-06-20,000002,1063.92
2025-06-23,000002,1063.92
2025-06-24,000002,1074.07
2025-06-25,000002,1087.6
2025-06-26,000002,1080.84
2025-06-27,000002,1080.84
2025-06-30,000002,1085.91
2025-07-01,000002,1074.07
2025-07-02,000002,1099.44
2025-07-03,000002,1092.68
2025-07-04,000002,1089.3
2025-07-07,000002,1102.83
2025-07-08,000002,1109.59
2025-07-09,000002,1106.21
2025-07-10,000002,1143.42
2025-07-11,000002,1143.42
2025-07-14,000002,1126.51
2025-07-15,000002,1116.36
2025-07-16,000002,1109.59
2025-07-17,000002,1109.59
2025-07-18,000002,1111.28
2025-07-21,000002,1116.36
2025-07-22,000002,1133.27
2025-07-23,000002,1136.66
2025-07-24,000002,1151.88
2025-07-25,000002,1146.81
2025-07-28,000002,1148.5
2025-07-29,000002,1151.88
2025-07-30,000002,1133.27
2025-07-31,000002,1089.3
2025-08-01,000002,1080.84
2025-08-04,000002,1084.22
2025-08-05,000002,1090.99
2025-08-06,000002,1089.3
2025-08-07,000002,1094.37
2025-08-08,000002,1090.99
2025-08-11,000002,1096.06
2025-08-12,000002,1094.37
2025-08-13,000002,1092.68
2025-08-14,000002,1087.6
2025-08-15,000002,1104.52
2025-08-18,000002,1099.44
2025-08-19,000002,1104.52
2025-08-20,000002,1107.9
2025-08-21,000002,1109.59
2025-08-22,000002,1109.59
2025-08-25,000002,1211.08
2025-08-26,000002,1182.33
2025-08-27,000002,1140.04
2025-08-28,000002,1145.11
2025-08-29,000002,1148.5
2025-09-01,000002,1151.88
2025-09-02,000002,1136.66
2025-09-03,000002,1112.98
2025-09-04,000002,1104.52
2025-09-05,000002,1114.67
2025-09-08,000002,1143.42
2025-09-09,000002,1160.34
2025-09-10,000002,1160.34
2025-09-11,000002,1155.26
2025-09-12,000002,1173.87
2025-09-15,000002,1178.94
2025-09-16,000002,1190.78
2025-09-17,000002,1192.47
2025-09-18,000002,1145.11
2025-09-19,000002,1180.63
2025-09-22,000002,1184.02
2025-09-23,000002,1143.42
2025-09-24,000002,1156.95
2025-09-25,000002,1150.19
2025-09-26,000002,1150.19
2025-09-29,000002,1151.88
2025-09-30,000002,1165.41
2025-10-09,000002,1148.5
2025-10-10,000002,1141.73
2025-10-13,000002,1111.28
2025-10-14,000002,1104.52
2025-10-15,000002,1097.75
2025-10-16,000002,1082.53
2025-10-17,000002,1069.0
2025-10-20,000002,1072.38
2025-10-21,000002,1082.53
2025-10-22,000002,1079.15
2025-10-23,000002,1079.15
2025-10-24,000002,1075.76
2025-10-27,000002,1069.0
2025-10-28,000002,1060.54
2025-10-29,000002,1067.31
2025-10-30,000002,1060.54
2025-10-31,000002,1060.54
2025-11-03,000002,1065.62
2025-11-04,000002,1053.78
2025-11-05,000002,1052.08
2025-11-06,000002,1045.32
2025-11-07,000002,1045.32
2025-11-10,000002,1058.85
2025-11-11,000002,1062.23
2025-11-12,000002,1058.85
2025-11-13,000002,1062.23
2025-11-14,000002,1060.54
2025-11-17,000002,1058.85
2025-11-18,000002,1036.86
2025-11-19,000002,1025.02
2025-11-20,000002,1048.7
2025-11-21,000002,1025.02
2025-11-24,000002,1021.64
2025-11-25,000002,1021.64
2025-11-26,000002,996.27
2025-11-27,000002,925.22
2025-11-28,000002,910.0
2025-12-01,000002,879.56
2025-12-02,000002,879.56
2025-12-03,000002,847.42
2025-12-04,000002,840.65
2025-12-05,000002,837.27
2025-12-08,000002,830.5
2025-12-09,000002,806.82
2025-12-10,000002,888.01
2025-12-11,000002,857.57
2025-12-12,000002,849.11
2025-12-15,000002,823.74
2025-12-16,000002,840.65
2025-12-17,000002,838.96
2025-12-18,000002,823.74
2025-12-19,000002,828.81
2025-12-22,000002,833.89
2025-12-23,000002,810.21
2025-12-24,000002,805.13
2025-12-25,000002,810.21
2025-12-26,000002,806.82
2025-12-29,000002,801.75
2025-12-30,000002,781.45
2025-12-31,000002,786.53
2026-01-05,000002,803.44
2026-01-06,000002,816.97
2026-01-07,000002,800.06
2026-01-08,000002,828.81
2026-01-09,000002,838.96
2026-01-12,000002,825.43
2026-01-13,000002,816.97
2026-01-14,000002,793.29
2026-01-15,000002,820.35
2026-01-16,000002,800.06
2026-01-19,000002,800.06
2026-01-20,000002,810.21
2026-01-21,000002,847.42
2026-01-22,000002,837.27
2026-01-23,000002,837.27
2026-01-26,000002,815.28
2026-01-27,000002,803.44
2026-01-28,000002,822.05
2026-01-29,000002,867.72
2026-01-30,000002,825.43
2026-02-02,000002,791.6
2026-02-03,000002,794.98
2026-02-04,000002,828.81
2026-02-05,000002,825.43
2026-02-06,000002,813.59
2026-02-09,000002,838.96
2026-02-10,000002,825.43
2026-02-11,000002,827.12
2026-02-12,000002,832.19
2026-02-13,000002,840.65
2026-02-24,000002,832.19
2026-02-25,000002,845.73
2026-02-26,000002,815.28
2026-02-27,000002,818.66
2026-03-02,000002,803.44
2026-03-03,000002,789.91
2026-03-04,000002,781.45
2026-03-05,000002,793.29
2026-03-06,000002,798.37
2026-03-09,000002,786.53
2026-03-10,000002,789.91
2026-03-11,000002,789.91
2026-03-12,000002,786.53
2026-03-13,000002,788.22
2026-03-16,000002,788.22
2026-03-17,000002,794.98
2026-03-18,000002,783.14
2026-03-19,000002,761.15
2026-03-20,000002,734.09
2026-03-23,000002,679.96
2026-03-24,000002,691.8
2026-03-25,000002,696.88
2026-03-26,000002,683.35
2026-03-27,000002,686.73
2026-03-30,000002,678.27
2026-03-31,000002,674.89
2026-04-01,000002,683.35
2026-04-02,000002,663.05
2026-04-03,000002,646.14
2026-04-07,000002,644.44
2026-04-08,000002,668.12
2026-04-09,000002,654.59
2026-04-10,000002,657.98
2026-04-13,000002,661.36
2026-04-14,000002,679.96
2026-04-15,000002,671.51
2026-04-16,000002,669.82
2026-04-17,000002,669.82
2026-04-20,000002,664.74
2026-04-21,000002,659.67
2026-04-22,000002,656.28
2026-04-23,000002,644.44
2026-04-24,000002,634.29
2026-04-27,000002,630.91
2026-04-28,000002,634.29
2026-04-29,000002,654.59
2026-04-30,000002,661.36
2026-05-06,000002,678.27
2026-05-07,000002,673.2
2026-05-08,000002,676.58
2026-05-11,000002,691.8
2026-05-12,000002,693.5
2026-05-13,000002,674.89
2026-05-14,000002,654.59
2026-05-15,000002,639.37
2020-01-02,000858,2360.2
2020-01-03,000858,2332.86
2020-01-06,000858,2308.74
2020-01-07,000858,2311.77
2020-01-08,000858,2303.2
2020-01-09,000858,2336.79
2020-01-10,000858,2387.72
2020-01-13,000858,2495.65
2020-01-14,000858,2475.99
2020-01-15,000858,2516.02
2020-01-16,000858,2513.52
2020-01-17,000858,2475.82
2020-01-20,000858,2458.12
2020-01-21,000858,2369.85
2020-01-22,000858,2353.41
2020-01-23,000858,2254.41
2020-02-03,000858,2028.9
2020-02-04,000858,2046.05
2020-02-05,000858,2099.84
2020-02-06,000858,2129.15
2020-02-07,000858,2154.7
2020-02-10,000858,2164.53
2020-02-11,000858,2229.93
2020-02-12,000858,2224.57
2020-02-13,000858,2218.32
2020-02-14,000858,2205.63
2020-02-17,000858,2221.18
2020-02-18,000858,2204.91
2020-02-19,000858,2251.55
2020-02-20,000858,2325.71
2020-02-21,000858,2323.03
2020-02-24,000858,2271.21
2020-02-25,000858,2239.05
2020-02-26,000858,2217.6
2020-02-27,000858,2256.91
2020-02-28,000858,2155.06
2020-03-02,000858,2191.69
2020-03-03,000858,2222.43
2020-03-04,000858,2238.51
2020-03-05,000858,2380.21
2020-03-06,000858,2324.28
2020-03-09,000858,2256.91
2020-03-10,000858,2335.9
2020-03-11,000858,2321.24
2020-03-12,000858,2252.27
2020-03-13,000858,2190.8
2020-03-16,000858,2063.92
2020-03-17,000858,2007.81
2020-03-18,000858,1922.58
2020-03-19,000858,1824.65
2020-03-20,000858,1939.02
2020-03-23,000858,1867.54
2020-03-24,000858,1948.67
2020-03-25,000858,2037.12
2020-03-26,000858,2035.15
2020-03-27,000858,2069.46
2020-03-30,000858,2023.36
2020-03-31,000858,2058.56
2020-04-01,000858,2054.99
2020-04-02,000858,2094.12
2020-04-03,000858,2100.02
2020-04-07,000858,2218.32
2020-04-08,000858,2238.69
2020-04-09,000858,2233.33
2020-04-10,000858,2260.85
2020-04-13,000858,2233.68
2020-04-14,000858,2295.33
2020-04-15,000858,2285.68
2020-04-16,000858,2253.34
2020-04-17,000858,2301.95
2020-04-20,000858,2310.7
2020-04-21,000858,2259.95
2020-04-22,000858,2328.39
2020-04-23,000858,2342.51
2020-04-24,000858,2348.05
2020-04-27,000858,2371.28
2020-04-28,000858,2483.86
2020-04-29,000858,2421.31
2020-04-30,000858,2426.14
2020-05-06,000858,2469.74
2020-05-07,000858,2535.86
2020-05-08,000858,2553.55
2020-05-11,000858,2534.78
2020-05-12,000858,2553.55
2020-05-13,000858,2608.94
2020-05-14,000858,2614.3
2020-05-15,000858,2595.01
2020-05-18,000858,2701.69
2020-05-19,000858,2705.8
2020-05-20,000858,2695.61
2020-05-21,000858,2710.44
2020-05-22,000858,2577.67
2020-05-25,000858,2627.35
2020-05-26,000858,2641.29
2020-05-27,000858,2611.8
2020-05-28,000858,2611.8
2020-05-29,000858,2648.26
2020-06-01,000858,2833.92
2020-06-02,000858,2837.14
2020-06-03,000858,2827.67
2020-06-04,000858,2838.57
2020-06-05,000858,2860.72
2020-06-08,000858,2870.02
2020-06-09,000858,2905.76
2020-06-10,000858,2904.5
2020-06-11,000858,2860.37
2020-06-12,000858,2885.92
2020-06-15,000858,2805.51
2020-06-16,000858,2817.66
2020-06-17,000858,2785.49
2020-06-18,000858,2829.81
2020-06-19,000858,2958.65
2020-06-22,000858,2951.95
2020-06-23,000858,3042.14
2020-06-24,000858,3053.55
2020-06-29,000858,3033.44
2020-06-30,000858,3099.0
2020-07-01,000858,3295.68
2020-07-02,000858,3431.68
2020-07-03,000858,3417.74
2020-07-06,000858,3491.99
2020-07-07,000858,3656.25
2020-07-08,000858,3682.87
2020-07-09,000858,3689.39
2020-07-10,000858,3748.79
2020-07-13,000858,3951.63
2020-07-14,000858,4000.52
2020-07-15,000858,4055.76
2020-07-16,000858,3650.27
2020-07-17,000858,3719.64
2020-07-20,000858,3652.45
2020-07-21,000858,3723.08
2020-07-22,000858,3783.2
2020-07-23,000858,3804.39
2020-07-24,000858,3647.2
2020-07-27,000858,3696.27
2020-07-28,000858,3875.56
2020-07-29,000858,3893.31
2020-07-30,000858,3917.58
2020-07-31,000858,3938.95
2020-08-03,000858,3942.93
2020-08-04,000858,3908.16
2020-08-05,000858,3938.59
2020-08-06,000858,3821.6
2020-08-07,000858,3753.5
2020-08-10,000858,3729.6
2020-08-11,000858,3785.01
2020-08-12,000858,3739.19
2020-08-13,000858,3746.98
2020-08-14,000858,3855.64
2020-08-17,000858,3984.04
2020-08-18,000858,3994.55
2020-08-19,000858,4024.07
2020-08-20,000858,3919.75
2020-08-21,000858,3955.25
2020-08-24,000858,4074.77
2020-08-25,000858,4266.74
2020-08-26,000858,4285.76
2020-08-27,000858,4311.66
2020-08-28,000858,4355.48
2020-08-31,000858,4346.43
2020-09-01,000858,4278.33
2020-09-02,000858,4255.88
2020-09-03,000858,4321.8
2020-09-04,000858,4169.31
2020-09-07,000858,4109.0
2020-09-08,000858,4019.18
2020-09-09,000858,3929.89
2020-09-10,000858,4042.18
2020-09-11,000858,4126.93
2020-09-14,000858,4166.77
2020-09-15,000858,4171.3
2020-09-16,000858,4093.25
2020-09-17,000858,4032.22
2020-09-18,000858,4156.63
2020-09-21,000858,4072.96
2020-09-22,000858,4036.74
2020-09-23,000858,3971.91
2020-09-24,000858,3917.22
2020-09-25,000858,3933.52
2020-09-28,000858,3986.58
2020-09-29,000858,3979.33
2020-09-30,000858,4002.33
2020-10-09,000858,4121.32
2020-10-12,000858,4378.12
2020-10-13,000858,4387.54
2020-10-14,000858,4335.56
2020-10-15,000858,4326.69
2020-10-16,000858,4289.92
2020-10-19,000858,4277.25
2020-10-20,000858,4364.17
2020-10-21,000858,4378.48
2020-10-22,000858,4377.94
2020-10-23,000858,4285.4
2020-10-26,000858,4212.59
2020-10-27,000858,4228.71
2020-10-28,000858,4346.06
2020-10-29,000858,4527.53
2020-10-30,000858,4425.21
2020-11-02,000858,4449.65
2020-11-03,000858,4534.77
2020-11-04,000858,4581.86
2020-11-05,000858,4697.94
2020-11-06,000858,4695.95
2020-11-09,000858,4889.73
2020-11-10,000858,4940.44
2020-11-11,000858,4869.81
2020-11-12,000858,4847.17
2020-11-13,000858,4799.18
2020-11-16,000858,4944.06
2020-11-17,000858,4873.43
2020-11-18,000858,4776.0
2020-11-19,000858,4793.75
2020-11-20,000858,4862.02
2020-11-23,000858,4936.45
2020-11-24,000858,4922.15
2020-11-25,000858,4762.42
2020-11-26,000858,4719.13
2020-11-27,000858,4750.28
2020-11-30,000858,4599.97
2020-12-01,000858,4672.23
2020-12-02,000858,4718.59
2020-12-03,000858,4738.15
2020-12-04,000858,4838.84
2020-12-07,000858,4894.08
2020-12-08,000858,4925.95
2020-12-09,000858,4884.66
2020-12-10,000858,4847.53
2020-12-11,000858,4844.82
2020-12-14,000858,4946.78
2020-12-15,000858,4904.22
2020-12-16,000858,4968.15
2020-12-17,000858,5031.17
2020-12-18,000858,5013.97
2020-12-21,000858,5105.42
2020-12-22,000858,5113.93
2020-12-23,000858,5039.86
2020-12-24,000858,4986.08
2020-12-25,000858,4996.94
2020-12-28,000858,5178.59
2020-12-29,000858,5088.94
2020-12-30,000858,5195.43
2020-12-31,000858,5285.44
2021-01-04,000858,5397.72
2021-01-05,000858,5794.87
2021-01-06,000858,5945.55
2021-01-07,000858,5976.34
2021-01-08,000858,5740.91
2021-01-11,000858,5454.77
2021-01-12,000858,5614.13
2021-01-13,000858,5529.56
2021-01-14,000858,5241.07
2021-01-15,000858,5210.28
2021-01-18,000858,5153.23
2021-01-19,000858,5098.0
2021-01-20,000858,5158.67
2021-01-21,000858,5377.8
2021-01-22,000858,5352.62
2021-01-25,000858,5717.18
2021-01-26,000858,5537.71
2021-01-27,000858,5298.66
2021-01-28,000858,5179.49
2021-01-29,000858,5272.58
2021-02-01,000858,5293.4
2021-02-02,000858,5507.65
2021-02-03,000858,5591.5
2021-02-04,000858,5679.33
2021-02-05,000858,5790.89
2021-02-08,000858,5795.24
2021-02-09,000858,5967.28
2021-02-10,000858,6205.43
2021-02-18,000858,6039.72
2021-02-19,000858,6237.12
2021-02-22,000858,5669.55
2021-02-23,000858,5704.68
2021-02-24,000858,5307.71
2021-02-25,000858,5232.01
2021-02-26,000858,5070.83
2021-03-01,000858,5234.18
2021-03-02,000858,5083.51
2021-03-03,000858,5166.81
2021-03-04,000858,4822.9
2021-03-05,000858,4826.34
2021-03-08,000858,4427.92
2021-03-09,000858,4391.7
2021-03-10,000858,4574.61
2021-03-11,000858,4799.9
2021-03-12,000858,4789.22
2021-03-15,000858,4545.82
2021-03-16,000858,4752.27
2021-03-17,000858,4786.68
2021-03-18,000858,4896.79
2021-03-19,000858,4722.94
2021-03-22,000858,4699.57
2021-03-23,000858,4749.38
2021-03-24,000858,4723.12
2021-03-25,000858,4635.83
2021-03-26,000858,4816.38
2021-03-29,000858,4927.58
2021-03-30,000858,4952.39
2021-03-31,000858,4853.15
2021-04-01,000858,4945.51
2021-04-02,000858,5153.41
2021-04-06,000858,5157.04
2021-04-07,000858,4905.12
2021-04-08,000858,4945.51
2021-04-09,000858,4804.61
2021-04-12,000858,4726.56
2021-04-13,000858,4761.15
2021-04-14,000858,4777.09
2021-04-15,000858,4632.57
2021-04-16,000858,4741.23
2021-04-19,000858,4811.31
2021-04-20,000858,4848.98
2021-04-21,000858,4905.12
2021-04-22,000858,4911.28
2021-04-23,000858,5070.83
2021-04-26,000858,4980.28
2021-04-27,000858,5103.79
2021-04-28,000858,5172.25
2021-04-29,000858,5242.88
2021-04-30,000858,5161.38
2021-05-06,000858,5006.36
2021-05-07,000858,4927.76
2021-05-10,000858,4781.07
2021-05-11,000858,4988.43
2021-05-12,000858,5025.74
2021-05-13,000858,4998.39
2021-05-14,000858,5197.6
2021-05-17,000858,5382.14
2021-05-18,000858,5423.98
2021-05-19,000858,5483.56
2021-05-20,000858,5496.6
2021-05-21,000858,5371.46
2021-05-24,000858,5523.76
2021-05-25,000858,5850.11
2021-05-26,000858,5777.13
2021-05-27,000858,5762.28
2021-05-28,000858,5739.09
2021-05-31,000858,5706.86
2021-06-01,000858,5717.36
2021-06-02,000858,5647.46
2021-06-03,000858,5679.51
2021-06-04,000858,5710.12
2021-06-07,000858,5666.83
2021-06-08,000858,5395.91
2021-06-09,000858,5369.65
2021-06-10,000858,5488.27
2021-06-11,000858,5461.47
2021-06-15,000858,5419.63
2021-06-16,000858,5293.95
2021-06-17,000858,5328.36
2021-06-18,000858,5270.04
2021-06-21,000858,5376.35
2021-06-22,000858,5431.04
2021-06-23,000858,5268.96
2021-06-24,000858,5300.83
2021-06-25,000858,5431.58
2021-06-28,000858,5547.31
2021-06-29,000858,5406.77
2021-06-30,000858,5394.82
2021-07-01,000858,5400.44
2021-07-02,000858,5180.04
2021-07-05,000858,5090.75
2021-07-06,000858,5021.03
2021-07-07,000858,5153.96
2021-07-08,000858,4886.83
2021-07-09,000858,4887.2
2021-07-12,000858,4954.3
2021-07-13,000858,5046.64
2021-07-14,000858,5033.84
2021-07-15,000858,5134.96
2021-07-16,000858,5074.44
2021-07-19,000858,5136.06
2021-07-20,000858,5161.84
2021-07-21,000858,5142.09
2021-07-22,000858,5121.61
2021-07-23,000858,4959.06
2021-07-26,000858,4562.82
2021-07-27,000858,4226.56
2021-07-28,000858,4327.68
2021-07-29,000858,4297.87
2021-07-30,000858,4036.4
2021-08-02,000858,4286.9
2021-08-03,000858,4389.3
2021-08-04,000858,4287.82
2021-08-05,000858,4153.79
2021-08-06,000858,4132.4
2021-08-09,000858,4205.72
2021-08-10,000858,4551.12
2021-08-11,000858,4501.75
2021-08-12,000858,4350.35
2021-08-13,000858,4403.01
2021-08-16,000858,4401.18
2021-08-17,000858,4204.62
2021-08-18,000858,4187.25
2021-08-19,000858,4071.14
2021-08-20,000858,3773.65
2021-08-23,000858,3767.43
2021-08-24,000858,3839.84
2021-08-25,000858,3976.97
2021-08-26,000858,3788.09
2021-08-27,000858,3760.85
2021-08-30,000858,3784.98
2021-08-31,000858,3687.89
2021-09-01,000858,3797.96
2021-09-02,000858,3679.48
2021-09-03,000858,3764.69
2021-09-06,000858,3866.53
2021-09-07,000858,3875.86
2021-09-08,000858,3798.15
2021-09-09,000858,3791.02
2021-09-10,000858,3907.49
2021-09-13,000858,3799.43
2021-09-14,000858,3761.76
2021-09-15,000858,3629.56
2021-09-16,000858,3602.13
2021-09-17,000858,3692.64
2021-09-22,000858,3546.0
2021-09-23,000858,3554.96
2021-09-24,000858,3666.5
2021-09-27,000858,4033.11
2021-09-28,000858,3966.73
2021-09-29,000858,3998.55
2021-09-30,000858,4011.53
2021-10-08,000858,4172.99
2021-10-11,000858,4165.31
2021-10-12,000858,4193.47
2021-10-13,000858,4379.06
2021-10-14,000858,4388.38
2021-10-15,000858,4284.53
2021-10-18,000858,3937.11
2021-10-19,000858,4003.85
2021-10-20,000858,4021.59
2021-10-21,000858,4040.79
2021-10-22,000858,4114.66
2021-10-25,000858,4029.27
2021-10-26,000858,4034.75
2021-10-27,000858,3949.55
2021-10-28,000858,3936.56
2021-10-29,000858,3958.87
2021-11-01,000858,3747.32
2021-11-02,000858,3681.12
2021-11-03,000858,3641.08
2021-11-04,000858,3781.69
2021-11-05,000858,3845.51
2021-11-08,000858,3857.94
2021-11-09,000858,3817.35
2021-11-10,000858,3761.21
2021-11-11,000858,3776.02
2021-11-12,000858,3727.38
2021-11-15,000858,3742.93
2021-11-16,000858,3876.41
2021-11-17,000858,3867.45
2021-11-18,000858,3814.6
2021-11-19,000858,3887.38
2021-11-22,000858,3949.0
2021-11-23,000858,3927.6
2021-11-24,000858,4103.51
2021-11-25,000858,4076.63
2021-11-26,000858,4074.98
2021-11-29,000858,4109.17
2021-11-30,000858,3986.12
2021-12-01,000858,4032.93
2021-12-02,000858,4072.97
2021-12-03,000858,4195.48
2021-12-06,000858,4247.59
2021-12-07,000858,4278.68
2021-12-08,000858,4461.52
2021-12-09,000858,4589.52
2021-12-10,000858,4516.38
2021-12-13,000858,4570.87
2021-12-14,000858,4571.23
2021-12-15,000858,4457.87
2021-12-16,000858,4452.38
2021-12-17,000858,4299.89
2021-12-20,000858,4315.25
2021-12-21,000858,4235.71
2021-12-22,000858,4244.3
2021-12-23,000858,4333.71
2021-12-24,000858,4423.86
2021-12-27,000858,4319.09
2021-12-28,000858,4344.14
2021-12-29,000858,4126.91
2021-12-30,000858,4123.25
2021-12-31,000858,4071.32
2022-01-04,000858,4087.78
2022-01-05,000858,4091.25
2022-01-06,000858,4013.18
2022-01-07,000858,3979.9
2022-01-10,000858,3930.53
2022-01-11,000858,3901.27
2022-01-12,000858,3984.65
2022-01-13,000858,3819.72
2022-01-14,000858,3788.64
2022-01-17,000858,3818.63
2022-01-18,000858,3867.08
2022-01-19,000858,3854.46
2022-01-20,000858,3898.71
2022-01-21,000858,3972.59
2022-01-24,000858,3932.54
2022-01-25,000858,3809.85
2022-01-26,000858,3767.61
2022-01-27,000858,3719.16
2022-01-28,000858,3627.37
2022-02-07,000858,3576.9
2022-02-08,000858,3474.14
2022-02-09,000858,3583.48
2022-02-10,000858,3529.72
2022-02-11,000858,3552.21
2022-02-14,000858,3620.6
2022-02-15,000858,3653.33
2022-02-16,000858,3646.2
2022-02-17,000858,3610.18
2022-02-18,000858,3638.7
2022-02-21,000858,3642.36
2022-02-22,000858,3536.31
2022-02-23,000858,3587.5
2022-02-24,000858,3450.18
2022-02-25,000858,3482.91
2022-02-28,000858,3474.14
2022-03-01,000858,3532.47
2022-03-02,000858,3459.51
2022-03-03,000858,3329.14
2022-03-04,000858,3224.91
2022-03-07,000858,3035.3
2022-03-08,000858,3039.87
2022-03-09,000858,2978.25
2022-03-10,000858,3147.75
2022-03-11,000858,3140.8
2022-03-14,000858,3040.24
2022-03-15,000858,2873.48
2022-03-16,000858,3013.36
2022-03-17,000858,3076.26
2022-03-18,000858,3070.04
2022-03-21,000858,3030.0
2022-03-22,000858,3004.22
2022-03-23,000858,3034.2
2022-03-24,000858,2950.46
2022-03-25,000858,2874.21
2022-03-28,000858,2764.68
2022-03-29,000858,2727.75
2022-03-30,000858,2869.82
2022-03-31,000858,2835.26
2022-04-01,000858,2923.76
2022-04-06,000858,2925.77
2022-04-07,000858,2933.82
2022-04-08,000858,2936.38
2022-04-11,000858,2809.66
2022-04-12,000858,2996.54
2022-04-13,000858,2968.01
2022-04-14,000858,3137.15
2022-04-15,000858,3106.61
2022-04-18,000858,3056.88
2022-04-19,000858,3017.01
2022-04-20,000858,3033.47
2022-04-21,000858,2972.77
2022-04-22,000858,3024.88
2022-04-25,000858,2834.17
2022-04-26,000858,2898.16
2022-04-27,000858,2951.01
2022-04-28,000858,3032.56
2022-04-29,000858,2964.54
2022-05-05,000858,2953.75
2022-05-06,000858,2871.83
2022-05-09,000858,2830.14
2022-05-10,000858,2840.2
2022-05-11,000858,2880.06
2022-05-12,000858,2890.48
2022-05-13,000858,2869.64
2022-05-16,000858,2837.46
2022-05-17,000858,2855.19
2022-05-18,000858,2826.49
2022-05-19,000858,2807.1
2022-05-20,000858,2970.75
2022-05-23,000858,2915.17
2022-05-24,000858,2862.87
2022-05-25,000858,2878.96
2022-05-26,000858,2874.76
2022-05-27,000858,2888.11
2022-05-30,000858,3038.59
2022-05-31,000858,3134.04
2022-06-01,000858,3115.94
2022-06-02,000858,3103.87
2022-06-06,000858,3162.2
2022-06-07,000858,3183.77
2022-06-08,000858,3257.1
2022-06-09,000858,3218.33
2022-06-10,000858,3244.11
2022-06-13,000858,3154.33
2022-06-14,000858,3177.92
2022-06-15,000858,3241.55
2022-06-16,000858,3247.4
2022-06-17,000858,3312.86
2022-06-20,000858,3355.1
2022-06-21,000858,3321.64
2022-06-22,000858,3256.0
2022-06-23,000858,3298.6
2022-06-24,000858,3382.71
2022-06-27,000858,3528.99
2022-06-28,000858,3650.59
2022-06-29,000858,3564.68
2022-06-30,000858,3749.04
2022-07-01,000858,3768.91
2022-07-04,000858,3732.52
2022-07-05,000858,3687.4
2022-07-06,000858,3615.55
2022-07-07,000858,3557.07
2022-07-08,000858,3577.68
2022-07-11,000858,3516.04
2022-07-12,000858,3527.55
2022-07-13,000858,3585.11
2022-07-14,000858,3529.96
2022-07-15,000858,3525.69
2022-07-18,000858,3477.98
2022-07-19,000858,3507.13
2022-07-20,000858,3511.03
2022-07-21,000858,3466.28
2022-07-22,000858,3451.62
2022-07-25,000858,3491.9
2022-07-26,000858,3545.93
2022-07-27,000858,3492.27
2022-07-28,000858,3474.08
2022-07-29,000858,3312.18
2022-08-01,000858,3315.53
2022-08-02,000858,3261.31
2022-08-03,000858,3241.45
2022-08-04,000858,3282.11
2022-08-05,000858,3326.67
2022-08-08,000858,3303.09
2022-08-09,000858,3285.82
2022-08-10,000858,3230.49
2022-08-11,000858,3303.09
2022-08-12,000858,3317.75
2022-08-15,000858,3267.63
2022-08-16,000858,3253.33
2022-08-17,000858,3271.34
2022-08-18,000858,3219.91
2022-08-19,000858,3224.18
2022-08-22,000858,3184.08
2022-08-23,000858,3119.1
2022-08-24,000858,3104.99
2022-08-25,000858,3145.28
2022-08-26,000858,3158.09
2022-08-29,000858,3069.9
2022-08-30,000858,3045.39
2022-08-31,000858,3104.06
2022-09-01,000858,3036.66
2022-09-02,000858,3004.73
2022-09-05,000858,2952.37
2022-09-06,000858,2980.41
2022-09-07,000858,2950.89
2022-09-08,000858,2953.3
2022-09-09,000858,2997.68
2022-09-13,000858,3037.96
2022-09-14,000858,3015.13
2022-09-15,000858,3052.26
2022-09-16,000858,2990.62
2022-09-19,000858,3026.64
2022-09-20,000858,3078.07
2022-09-21,000858,3034.62
2022-09-22,000858,2950.15
2022-09-23,000858,2954.42
2022-09-26,000858,3009.74
2022-09-27,000858,3171.64
2022-09-28,000858,3148.8
2022-09-29,000858,3128.57
2022-09-30,000858,3141.93
2022-10-10,000858,2950.15
2022-10-11,000858,2944.39
2022-10-12,000858,2907.44
2022-10-13,000858,2851.19
2022-10-14,000858,2954.23
2022-10-17,000858,2926.94
2022-10-18,000858,2946.43
2022-10-19,000858,2868.46
2022-10-20,000858,2861.96
2022-10-21,000858,2824.83
2022-10-24,000858,2659.22
2022-10-25,000858,2638.61
2022-10-26,000858,2662.37
2022-10-27,000858,2545.41
2022-10-28,000858,2552.83
2022-10-31,000858,2478.57
2022-11-01,000858,2647.15
2022-11-02,000858,2666.46
2022-11-03,000858,2616.33
2022-11-04,000858,2784.91
2022-11-07,000858,2806.07
2022-11-08,000858,2738.31
2022-11-09,000858,2699.5
2022-11-10,000858,2706.19
2022-11-11,000858,2785.28
2022-11-14,000858,2790.48
2022-11-15,000858,2861.96
2022-11-16,000858,2863.07
2022-11-17,000858,2833.18
2022-11-18,000858,2851.93
2022-11-21,000858,2765.04
2022-11-22,000858,2789.18
2022-11-23,000858,2780.64
2022-11-24,000858,2744.25
2022-11-25,000858,2736.27
2022-11-28,000858,2741.28
2022-11-29,000858,2878.67
2022-11-30,000858,2912.27
2022-12-01,000858,3055.79
2022-12-02,000858,3027.38
2022-12-05,000858,3128.57
2022-12-06,000858,3256.49
2022-12-07,000858,3224.55
2022-12-08,000858,3244.6
2022-12-09,000858,3402.6
2022-12-12,000858,3311.26
2022-12-13,000858,3332.05
2022-12-14,000858,3417.64
2022-12-15,000858,3378.28
2022-12-16,000858,3388.68
2022-12-19,000858,3340.96
2022-12-20,000858,3202.83
2022-12-21,000858,3239.59
2022-12-22,000858,3332.61
2022-12-23,000858,3347.27
2022-12-26,000858,3315.9
2022-12-27,000858,3361.38
2022-12-28,000858,3345.23
2022-12-29,000858,3318.68
2022-12-30,000858,3354.7
2023-01-03,000858,3308.47
2023-01-04,000858,3316.27
2023-01-05,000858,3508.98
2023-01-06,000858,3536.09
2023-01-09,000858,3636.72
2023-01-10,000858,3624.84
2023-01-11,000858,3603.67
2023-01-12,000858,3590.49
2023-01-13,000858,3686.85
2023-01-16,000858,3834.26
2023-01-17,000858,3766.31
2023-01-18,000858,3820.89
2023-01-19,000858,3811.61
2023-01-20,000858,3875.11
2023-01-30,000858,4039.97
2023-01-31,000858,3880.31
2023-02-01,000858,3899.99
2023-02-02,000858,3945.47
2023-02-03,000858,3898.87
2023-02-06,000858,3744.77
2023-02-07,000858,3772.07
2023-02-08,000858,3704.86
2023-02-09,000858,3850.41
2023-02-10,000858,3800.47
2023-02-13,000858,3943.43
2023-02-14,000858,3884.76
2023-02-15,000858,3917.44
2023-02-16,000858,3913.54
2023-02-17,000858,3864.52
2023-02-20,000858,3953.64
2023-02-21,000858,3900.36
2023-02-22,000858,3852.46
2023-02-23,000858,3807.9
2023-02-24,000858,3733.63
2023-02-27,000858,3802.51
2023-02-28,000858,3795.27
2023-03-01,000858,3850.23
2023-03-02,000858,3829.06
2023-03-03,000858,3820.15
2023-03-06,000858,3798.24
2023-03-07,000858,3721.57
2023-03-08,000858,3700.21
2023-03-09,000858,3676.08
2023-03-10,000858,3624.84
2023-03-13,000858,3687.22
2023-03-14,000858,3625.58
2023-03-15,000858,3570.62
2023-03-16,000858,3549.83
2023-03-17,000858,3499.7
2023-03-20,000858,3451.43
2023-03-21,000858,3569.14
2023-03-22,000858,3560.41
2023-03-23,000858,3612.58
2023-03-24,000858,3583.62
2023-03-27,000858,3535.16
2023-03-28,000858,3573.97
2023-03-29,000858,3625.58
2023-03-30,000858,3683.32
2023-03-31,000858,3657.51
2023-04-03,000858,3623.91
2023-04-04,000858,3641.73
2023-04-06,000858,3537.58
2023-04-07,000858,3510.1
2023-04-10,000858,3428.22
2023-04-11,000858,3351.73
2023-04-12,000858,3264.28
2023-04-13,000858,3302.53
2023-04-14,000858,3260.01
2023-04-17,000858,3308.1
2023-04-18,000858,3310.7
2023-04-19,000858,3273.01
2023-04-20,000858,3221.21
2023-04-21,000858,3193.36
2023-04-24,000858,3119.1
2023-04-25,000858,3152.52
2023-04-26,000858,3130.42
2023-04-27,000858,3140.82
2023-04-28,000858,3137.66
2023-05-04,000858,3136.74
2023-05-05,000858,3225.11
2023-05-08,000858,3182.22
2023-05-09,000858,3244.79
2023-05-10,000858,3217.87
2023-05-11,000858,3203.94
2023-05-12,000858,3144.53
2023-05-15,000858,3201.53
2023-05-16,000858,3165.33
2023-05-17,000858,3143.98
2023-05-18,000858,3131.35
2023-05-19,000858,3171.08
2023-05-22,000858,3297.52
2023-05-23,000858,3230.49
2023-05-24,000858,3162.73
2023-05-25,000858,3122.81
2023-05-26,000858,3158.09
2023-05-29,000858,3123.92
2023-05-30,000858,3066.56
2023-05-31,000858,2992.48
2023-06-01,000858,3032.21
2023-06-02,000858,3117.24
2023-06-05,000858,3067.11
2023-06-06,000858,3074.91
2023-06-07,000858,3044.83
2023-06-08,000858,3060.06
2023-06-09,000858,3055.79
2023-06-12,000858,3163.84
2023-06-13,000858,3213.41
2023-06-14,000858,3298.82
2023-06-15,000858,3379.02
2023-06-16,000858,3417.64
2023-06-19,000858,3296.22
2023-06-20,000858,3230.68
2023-06-21,000858,3182.22
2023-06-26,000858,3094.22
2023-06-27,000858,3155.81
2023-06-28,000858,3166.26
2023-06-29,000858,3111.92
2023-06-30,000858,3107.36
2023-07-03,000858,3179.36
2023-07-04,000858,3195.7
2023-07-05,000858,3141.75
2023-07-06,000858,3121.23
2023-07-07,000858,3109.07
2023-07-10,000858,3126.93
2023-07-11,000858,3137.19
2023-07-12,000858,3143.27
2023-07-13,000858,3279.86
2023-07-14,000858,3267.32
2023-07-17,000858,3223.06
2023-07-18,000858,3199.12
2023-07-19,000858,3197.6
2023-07-20,000858,3202.16
2023-07-21,000858,3253.64
2023-07-24,000858,3217.36
2023-07-25,000858,3409.99
2023-07-26,000858,3377.69
2023-07-27,000858,3390.23
2023-07-28,000858,3441.9
2023-07-31,000858,3438.49
2023-08-01,000858,3417.21
2023-08-02,000858,3381.11
2023-08-03,000858,3392.89
2023-08-04,000858,3405.81
2023-08-07,000858,3368.39
2023-08-08,000858,3360.22
2023-08-09,000858,3365.92
2023-08-10,000858,3349.39
2023-08-11,000858,3274.35
2023-08-14,000858,3203.3
2023-08-15,000858,3163.03
2023-08-16,000858,3166.83
2023-08-17,000858,3199.88
2023-08-18,000858,3106.6
2023-08-21,000858,3076.97
2023-08-22,000858,3080.39
2023-08-23,000858,3039.73
2023-08-24,000858,3082.48
2023-08-25,000858,3068.99
2023-08-28,000858,2991.86
2023-08-29,000858,3028.15
2023-08-30,000858,2998.13
2023-08-31,000858,2961.85
2023-09-01,000858,3034.61
2023-09-04,000858,3190.19
2023-09-05,000858,3148.21
2023-09-06,000858,3147.64
2023-09-07,000858,3098.44
2023-09-08,000858,3076.02
2023-09-11,000858,3122.18
2023-09-12,000858,3096.16
2023-09-13,000858,3108.88
2023-09-14,000858,3077.54
2023-09-15,000858,3034.04
2023-09-18,000858,3092.74
2023-09-19,000858,3056.83
2023-09-20,000858,3036.51
2023-09-21,000858,2995.09
2023-09-22,000858,3038.03
2023-09-25,000858,3018.65
2023-09-26,000858,2975.9
2023-09-27,000858,2974.76
2023-09-28,000858,2965.46
2023-10-09,000858,2930.69
2023-10-10,000858,2914.35
2023-10-11,000858,2919.86
2023-10-12,000858,2958.43
2023-10-13,000858,2918.53
2023-10-16,000858,2852.23
2023-10-17,000858,2857.36
2023-10-18,000858,2835.14
2023-10-19,000858,2740.34
2023-10-20,000858,2729.89
2023-10-23,000858,2730.84
2023-10-24,000858,2736.54
2023-10-25,000858,2837.04
2023-10-26,000858,2869.52
2023-10-27,000858,2906.37
2023-10-30,000858,2974.95
2023-10-31,000858,2963.56
2023-11-01,000858,3039.54
2023-11-02,000858,2999.65
2023-11-03,000858,3033.28
2023-11-06,000858,3036.51
2023-11-07,000858,3026.44
2023-11-08,000858,3013.52
2023-11-09,000858,3012.0
2023-11-10,000858,2980.65
2023-11-13,000858,2942.28
2023-11-14,000858,2961.66
2023-11-15,000858,2987.3
2023-11-16,000858,2970.59
2023-11-17,000858,2944.56
2023-11-20,000858,2933.16
2023-11-21,000858,2950.26
2023-11-22,000858,2916.25
2023-11-23,000858,2907.89
2023-11-24,000858,2910.93
2023-11-27,000858,2835.33
2023-11-28,000858,2825.83
2023-11-29,000858,2817.28
2023-11-30,000858,2833.43
2023-12-01,000858,2796.57
2023-12-04,000858,2770.74
2023-12-05,000858,2710.32
2023-12-06,000858,2737.49
2023-12-07,000858,2707.47
2023-12-08,000858,2715.26
2023-12-11,000858,2644.4
2023-12-12,000858,2646.3
2023-12-13,000858,2541.44
2023-12-14,000858,2519.97
2023-12-15,000858,2539.92
2023-12-18,000858,2545.62
2023-12-19,000858,2532.89
2023-12-20,000858,2510.09
2023-12-21,000858,2547.52
2023-12-22,000858,2534.6
2023-12-25,000858,2556.07
2023-12-26,000858,2551.7
2023-12-27,000858,2542.39
2023-12-28,000858,2661.5
2023-12-29,000858,2665.49
2024-01-02,000858,2583.61
2024-01-03,000858,2562.34
2024-01-04,000858,2513.7
2024-01-05,000858,2493.19
2024-01-08,000858,2433.54
2024-01-09,000858,2428.03
2024-01-10,000858,2446.83
2024-01-11,000858,2462.41
2024-01-12,000858,2445.88
2024-01-15,000858,2444.55
2024-01-16,000858,2439.42
2024-01-17,000858,2377.3
2024-01-18,000858,2429.74
2024-01-19,000858,2448.54
2024-01-22,000858,2412.64
2024-01-23,000858,2419.86
2024-01-24,000858,2432.59
2024-01-25,000858,2490.72
2024-01-26,000858,2488.63
2024-01-29,000858,2503.45
2024-01-30,000858,2426.13
2024-01-31,000858,2399.34
2024-02-01,000858,2403.14
2024-02-02,000858,2352.23
2024-02-05,000858,2404.47
2024-02-06,000858,2526.43
2024-02-07,000858,2543.15
2024-02-08,000858,2537.83
2024-02-19,000858,2586.46
2024-02-20,000858,2552.84
2024-02-21,000858,2678.98
2024-02-22,000858,2680.5
2024-02-23,000858,2692.09
2024-02-26,000858,2655.04
2024-02-27,000858,2655.04
2024-02-28,000858,2650.67
2024-02-29,000858,2702.35
2024-03-01,000858,2708.8
2024-03-04,000858,2665.87
2024-03-05,000858,2689.81
2024-03-06,000858,2641.74
2024-03-07,000858,2626.36
2024-03-08,000858,2629.59
2024-03-11,000858,2681.64
2024-03-12,000858,2817.47
2024-03-13,000858,2807.02
2024-03-14,000858,2841.21
2024-03-15,000858,2896.88
2024-03-18,000858,2916.06
2024-03-19,000858,2989.58
2024-03-20,000858,2981.6
2024-03-21,000858,2975.14
2024-03-22,000858,2914.73
2024-03-25,000858,2882.25
2024-03-26,000858,2948.74
2024-03-27,000858,2900.11
2024-03-28,000858,2908.46
2024-03-29,000858,2916.25
2024-04-01,000858,2987.87
2024-04-02,000858,2954.06
2024-04-03,000858,2936.96
2024-04-08,000858,2798.09
2024-04-09,000858,2782.7
2024-04-10,000858,2718.87
2024-04-11,000858,2704.06
2024-04-12,000858,2668.91
2024-04-15,000858,2798.66
2024-04-16,000858,2754.02
2024-04-17,000858,2760.29
2024-04-18,000858,2754.21
2024-04-19,000858,2714.69
2024-04-22,000858,2746.23
2024-04-23,000858,2793.15
2024-04-24,000858,2830.2
2024-04-25,000858,2830.2
2024-04-26,000858,2892.32
2024-04-29,000858,2882.82
2024-04-30,000858,2857.74
2024-05-06,000858,2944.75
2024-05-07,000858,2962.42
2024-05-08,000858,2944.56
2024-05-09,000858,2941.52
2024-05-10,000858,2933.73
2024-05-13,000858,2870.47
2024-05-14,000858,2875.03
2024-05-15,000858,2875.6
2024-05-16,000858,2926.51
2024-05-17,000858,2971.35
2024-05-20,000858,2988.25
2024-05-21,000858,2973.81
2024-05-22,000858,2946.84
2024-05-23,000858,2917.96
2024-05-24,000858,2871.42
2024-05-27,000858,2879.59
2024-05-28,000858,2850.14
2024-05-29,000858,2834.57
2024-05-30,000858,2778.52
2024-05-31,000858,2786.88
2024-06-03,000858,2773.2
2024-06-04,000858,2807.4
2024-06-05,000858,2769.03
2024-06-06,000858,2752.69
2024-06-07,000858,2704.06
2024-06-11,000858,2630.73
2024-06-12,000858,2619.71
2024-06-13,000858,2556.26
2024-06-14,000858,2577.53
2024-06-17,000858,2578.48
2024-06-18,000858,2543.53
2024-06-19,000858,2549.8
2024-06-20,000858,2511.42
2024-06-21,000858,2473.43
2024-06-24,000858,2489.2
2024-06-25,000858,2498.32
2024-06-26,000858,2494.33
2024-06-27,000858,2462.98
2024-06-28,000858,2432.4
2024-07-01,000858,2437.34
2024-07-02,000858,2499.27
2024-07-03,000858,2488.63
2024-07-04,000858,2480.84
2024-07-05,000858,2449.68
2024-07-08,000858,2391.93
2024-07-09,000858,2413.97
2024-07-10,000858,2403.9
2024-07-11,000858,2478.75
2024-07-12,000858,2510.08
2024-07-15,000858,2512.05
2024-07-16,000858,2511.65
2024-07-17,000858,2576.28
2024-07-18,000858,2582.97
2024-07-19,000858,2628.68
2024-07-22,000858,2585.34
2024-07-23,000858,2498.25
2024-07-24,000858,2483.67
2024-07-25,000858,2478.16
2024-07-26,000858,2486.43
2024-07-29,000858,2445.06
2024-07-30,000858,2429.1
2024-07-31,000858,2499.44
2024-08-01,000858,2443.09
2024-08-02,000858,2437.18
2024-08-05,000858,2482.49
2024-08-06,000858,2480.52
2024-08-07,000858,2502.19
2024-08-08,000858,2528.79
2024-08-09,000858,2523.47
2024-08-12,000858,2516.18
2024-08-13,000858,2474.61
2024-08-14,000858,2449.59
2024-08-15,000858,2461.8
2024-08-16,000858,2462.99
2024-08-19,000858,2442.1
2024-08-20,000858,2426.34
2024-08-21,000858,2407.62
2024-08-22,000858,2383.78
2024-08-23,000858,2386.15
2024-08-26,000858,2327.24
2024-08-27,000858,2318.96
2024-08-28,000858,2246.06
2024-08-29,000858,2340.24
2024-08-30,000858,2423.98
2024-09-02,000858,2344.58
2024-09-03,000858,2370.58
2024-09-04,000858,2346.74
2024-09-05,000858,2355.41
2024-09-06,000858,2315.61
2024-09-09,000858,2289.8
2024-09-10,000858,2293.94
2024-09-11,000858,2285.67
2024-09-12,000858,2233.45
2024-09-13,000858,2151.49
2024-09-18,000858,2121.74
2024-09-19,000858,2184.99
2024-09-20,000858,2172.77
2024-09-23,000858,2212.37
2024-09-24,000858,2371.37
2024-09-25,000858,2405.65
2024-09-26,000858,2646.22
2024-09-27,000858,2910.82
2024-09-30,000858,3201.82
2024-10-08,000858,3232.17
2024-10-09,000858,2909.64
2024-10-10,000858,2994.36
2024-10-11,000858,2948.45
2024-10-14,000858,2950.62
2024-10-15,000858,2837.13
2024-10-16,000858,2790.83
2024-10-17,000858,2717.94
2024-10-18,000858,2817.43
2024-10-21,000858,2817.63
2024-10-22,000858,2865.51
2024-10-23,000858,2926.39
2024-10-24,000858,2885.6
2024-10-25,000858,2918.11
2024-10-28,000858,3033.57
2024-10-29,000858,2971.11
2024-10-30,000858,2931.71
2024-10-31,000858,2892.89
2024-11-01,000858,2914.37
2024-11-04,000858,2927.76
2024-11-05,000858,3010.51
2024-11-06,000858,2979.98
2024-11-07,000858,3196.5
2024-11-08,000858,3082.82
2024-11-11,000858,3050.31
2024-11-12,000858,3040.07
2024-11-13,000858,3032.98
2024-11-14,000858,3024.11
2024-11-15,000858,2980.76
2024-11-18,000858,2942.15
2024-11-19,000858,2924.81
2024-11-20,000858,2947.47
2024-11-21,000858,2945.5
2024-11-22,000858,2854.67
2024-11-25,000858,2833.19
2024-11-26,000858,2852.9
2024-11-27,000858,2897.23
2024-11-28,000858,2837.13
2024-11-29,000858,2891.71
2024-12-02,000858,2904.12
2024-12-03,000858,2896.04
2024-12-04,000858,2871.22
2024-12-05,000858,2857.43
2024-12-06,000858,2885.21
2024-12-09,000858,2871.81
2024-12-10,000858,2937.62
2024-12-11,000858,2943.53
2024-12-12,000858,2991.21
2024-12-13,000858,2916.73
2024-12-16,000858,2848.76
2024-12-17,000858,2854.67
2024-12-18,000858,2860.78
2024-12-19,000858,2828.27
2024-12-20,000858,2821.57
2024-12-23,000858,2806.6
2024-12-24,000858,2826.89
2024-12-25,000858,2819.01
2024-12-26,000858,2807.38
2024-12-27,000858,2807.97
2024-12-30,000858,2782.16
2024-12-31,000858,2759.11
2025-01-02,000858,2699.02
2025-01-03,000858,2667.69
2025-01-06,000858,2577.65
2025-01-07,000858,2578.05
2025-01-08,000858,2555.39
2025-01-09,000858,2572.73
2025-01-10,000858,2533.72
2025-01-13,000858,2545.54
2025-01-14,000858,2620.8
2025-01-15,000858,2615.88
2025-01-16,000858,2590.46
2025-01-17,000858,2606.62
2025-01-20,000858,2646.02
2025-01-21,000858,2628.09
2025-01-22,000858,2568.2
2025-01-23,000858,2585.8
2025-01-24,000858,2567.11
2025-01-27,000858,2556.66
2025-02-05,000858,2512.64
2025-02-06,000858,2530.53
2025-02-07,000858,2565.3
2025-02-10,000858,2563.29
2025-02-11,000858,2537.77
2025-02-12,000858,2566.71
2025-02-13,000858,2643.29
2025-02-14,000858,2637.66
2025-02-17,000858,2644.09
2025-02-18,000858,2616.96
2025-02-19,000858,2635.25
2025-02-20,000858,2622.99
2025-02-21,000858,2635.45
2025-02-24,000858,2651.13
2025-02-25,000858,2587.81
2025-02-26,000858,2608.92
2025-02-27,000858,2668.21
2025-02-28,000858,2644.7
2025-03-03,000858,2629.82
2025-03-04,000858,2607.91
2025-03-05,000858,2585.0
2025-03-06,000858,2646.71
2025-03-07,000858,2709.42
2025-03-10,000858,2667.01
2025-03-11,000858,2717.46
2025-03-12,000858,2672.63
2025-03-13,000858,2660.98
2025-03-14,000858,2830.01
2025-03-17,000858,2810.72
2025-03-18,000858,2804.89
2025-03-19,000858,2792.23
2025-03-20,000858,2733.34
2025-03-21,000858,2705.4
2025-03-24,000858,2699.57
2025-03-25,000858,2684.49
2025-03-26,000858,2680.27
2025-03-27,000858,2691.33
2025-03-28,000858,2677.86
2025-03-31,000858,2640.07
2025-04-01,000858,2648.92
2025-04-02,000858,2636.05
2025-04-03,000858,2653.14
2025-04-07,000858,2548.22
2025-04-08,000858,2628.21
2025-04-09,000858,2658.16
2025-04-10,000858,2676.25
2025-04-11,000858,2645.1
2025-04-14,000858,2633.84
2025-04-15,000858,2640.07
2025-04-16,000858,2659.17
2025-04-17,000858,2663.79
2025-04-18,000858,2648.11
2025-04-21,000858,2619.77
2025-04-22,000858,2614.95
2025-04-23,000858,2612.34
2025-04-24,000858,2594.05
2025-04-25,000858,2593.84
2025-04-28,000858,2630.02
2025-04-29,000858,2603.89
2025-04-30,000858,2586.81
2025-05-06,000858,2602.69
2025-05-07,000858,2612.74
2025-05-08,000858,2649.12
2025-05-09,000858,2644.7
2025-05-12,000858,2672.63
2025-05-13,000858,2673.04
2025-05-14,000858,2718.66
2025-05-15,000858,2686.7
2025-05-16,000858,2634.65
2025-05-19,000858,2598.87
2025-05-20,000858,2595.45
2025-05-21,000858,2598.07
2025-05-22,000858,2594.65
2025-05-23,000858,2575.75
2025-05-26,000858,2540.78
2025-05-27,000858,2535.76
2025-05-28,000858,2551.03
2025-05-29,000858,2559.07
2025-05-30,000858,2541.38
2025-06-03,000858,2506.01
2025-06-04,000858,2503.4
2025-06-05,000858,2513.04
2025-06-06,000858,2514.25
2025-06-09,000858,2511.64
2025-06-10,000858,2500.18
2025-06-11,000858,2506.41
2025-06-12,000858,2462.19
2025-06-13,000858,2394.26
2025-06-16,000858,2377.17
2025-06-17,000858,2365.92
2025-06-18,000858,2378.38
2025-06-19,000858,2357.27
2025-06-20,000858,2403.1
2025-06-23,000858,2377.37
2025-06-24,000858,2406.92
2025-06-25,000858,2415.56
2025-06-26,000858,2406.52
2025-06-27,000858,2395.46
2025-06-30,000858,2389.83
2025-07-01,000858,2384.41
2025-07-02,000858,2395.46
2025-07-03,000858,2404.31
2025-07-04,000858,2419.78
2025-07-07,000858,2410.13
2025-07-08,000858,2427.62
2025-07-09,000858,2444.1
2025-07-10,000858,2463.8
2025-07-11,000858,2498.37
2025-07-14,000858,2520.68
2025-07-15,000858,2512.44
2025-07-16,000858,2518.07
2025-07-17,000858,2528.92
2025-07-18,000858,2552.2
2025-07-21,000858,2527.05
2025-07-22,000858,2588.28
2025-07-23,000858,2581.48
2025-07-24,000858,2588.7
2025-07-25,000858,2547.25
2025-07-28,000858,2557.97
2025-07-29,000858,2546.84
2025-07-30,000858,2567.46
2025-07-31,000858,2497.97
2025-08-01,000858,2494.88
2025-08-04,000858,2493.23
2025-08-05,000858,2514.47
2025-08-06,000858,2518.8
2025-08-07,000858,2526.84
2025-08-08,000858,2520.04
2025-08-11,000858,2555.5
2025-08-12,000858,2540.04
2025-08-13,000858,2540.04
2025-08-14,000858,2532.82
2025-08-15,000858,2538.18
2025-08-18,000858,2551.58
2025-08-19,000858,2565.19
2025-08-20,000858,2593.44
2025-08-21,000858,2586.64
2025-08-22,000858,2593.65
2025-08-25,000858,2679.01
2025-08-26,000858,2675.09
2025-08-27,000858,2610.76
2025-08-28,000858,2587.05
2025-08-29,000858,2670.76
2025-09-01,000858,2657.15
2025-09-02,000858,2650.76
2025-09-03,000858,2610.76
2025-09-04,000858,2587.87
2025-09-05,000858,2614.68
2025-09-08,000858,2661.69
2025-09-09,000858,2655.71
2025-09-10,000858,2640.45
2025-09-11,000858,2649.93
2025-09-12,000858,2622.51
2025-09-15,000858,2611.38
2025-09-16,000858,2593.85
2025-09-17,000858,2597.15
2025-09-18,000858,2555.5
2025-09-19,000858,2558.39
2025-09-22,000858,2525.81
2025-09-23,000858,2519.42
2025-09-24,000858,2523.13
2025-09-25,000858,2505.6
2025-09-26,000858,2477.77
2025-09-29,000858,2513.85
2025-09-30,000858,2504.78
2025-10-09,000858,2498.18
2025-10-10,000858,2489.31
2025-10-13,000858,2471.17
2025-10-14,000858,2516.94
2025-10-15,000858,2516.94
2025-10-16,000858,2530.76
2025-10-17,000858,2496.32
2025-10-20,000858,2483.75
2025-10-21,000858,2484.98
2025-10-22,000858,2476.32
2025-10-23,000858,2501.69
2025-10-24,000858,2480.24
2025-10-27,000858,2480.24
2025-10-28,000858,2476.32
2025-10-29,000858,2450.14
2025-10-30,000858,2442.72
2025-10-31,000858,2453.44
2025-11-03,000858,2453.23
2025-11-04,000858,2415.7
2025-11-05,000858,2395.5
2025-11-06,000858,2395.29
2025-11-07,000858,2407.25
2025-11-10,000858,2490.76
2025-11-11,000858,2490.35
2025-11-12,000858,2482.1
2025-11-13,000858,2499.0
2025-11-14,000858,2478.59
2025-11-17,000858,2477.36
2025-11-18,000858,2481.69
2025-11-19,000858,2471.99
2025-11-20,000858,2479.42
2025-11-21,000858,2467.66
2025-11-24,000858,2443.75
2025-11-25,000858,2443.54
2025-11-26,000858,2438.39
2025-11-27,000858,2431.79
2025-11-28,000858,2429.93
2025-12-01,000858,2425.81
2025-12-02,000858,2403.54
2025-12-03,000858,2383.54
2025-12-04,000858,2359.83
2025-12-05,000858,2370.34
2025-12-08,000858,2335.5
2025-12-09,000858,2286.22
2025-12-10,000858,2301.48
2025-12-11,000858,2307.25
2025-12-12,000858,2301.06
2025-12-15,000858,2318.59
2025-12-16,000858,2329.93
2025-12-17,000858,2338.18
2025-12-18,000858,2329.91
2025-12-19,000858,2332.02
2025-12-22,000858,2327.8
2025-12-23,000858,2314.93
2025-12-24,000858,2305.64
2025-12-25,000858,2333.49
2025-12-26,000858,2316.19
2025-12-29,000858,2279.9
2025-12-30,000858,2265.13
2025-12-31,000858,2235.18
2026-01-05,000858,2276.53
2026-01-06,000858,2282.22
2026-01-07,000858,2268.51
2026-01-08,000858,2255.43
2026-01-09,000858,2260.49
2026-01-12,000858,2290.24
2026-01-13,000858,2278.64
2026-01-14,000858,2258.38
2026-01-15,000858,2238.34
2026-01-16,000858,2218.72
2026-01-19,000858,2205.85
2026-01-20,000858,2213.44
2026-01-21,000858,2174.2
2026-01-22,000858,2168.08
2026-01-23,000858,2172.93
2026-01-26,000858,2159.22
2026-01-27,000858,2131.37
2026-01-28,000858,2124.62
2026-01-29,000858,2337.08
2026-01-30,000858,2215.34
2026-02-02,000858,2263.66
2026-02-03,000858,2263.45
2026-02-04,000858,2289.61
2026-02-05,000858,2297.42
2026-02-06,000858,2257.54
2026-02-09,000858,2265.13
2026-02-10,000858,2246.99
2026-02-11,000858,2237.28
2026-02-12,000858,2207.33
2026-02-13,000858,2237.71
2026-02-24,000858,2218.72
2026-02-25,000858,2218.93
2026-02-26,000858,2191.71
2026-02-27,000858,2195.3
2026-03-02,000858,2177.79
2026-03-03,000858,2163.65
2026-03-04,000858,2131.37
2026-03-05,000858,2140.44
2026-03-06,000858,2160.49
2026-03-09,000858,2141.92
2026-03-10,000858,2153.1
2026-03-11,000858,2155.84
2026-03-12,000858,2157.74
2026-03-13,000858,2172.09
2026-03-16,000858,2205.64
2026-03-17,000858,2210.91
2026-03-18,000858,2188.34
2026-03-19,000858,2163.23
2026-03-20,000858,2160.49
2026-03-23,000858,2114.7
2026-03-24,000858,2138.12
2026-03-25,000858,2161.54
2026-03-26,000858,2136.86
2026-03-27,000858,2165.76
2026-03-30,000858,2182.85
2026-03-31,000858,2178.84
2026-04-01,000858,2202.47
2026-04-02,000858,2215.34
2026-04-03,000858,2183.48
2026-04-07,000858,2175.47
2026-04-08,000858,2198.25
2026-04-09,000858,2164.71
2026-04-10,000858,2153.52
2026-04-13,000858,2160.91
2026-04-14,000858,2175.26
2026-04-15,000858,2184.75
2026-04-16,000858,2182.43
2026-04-17,000858,2149.09
2026-04-20,000858,2138.33
2026-04-21,000858,2134.75
2026-04-22,000858,2123.35
2026-04-23,000858,2134.75
2026-04-24,000858,2136.65
2026-04-27,000858,2114.07
2026-04-28,000858,2114.07
2026-04-29,000858,2074.83
2026-04-30,000858,2048.24
2026-05-06,000858,1946.55
2026-05-07,000858,1953.72
2026-05-08,000858,1943.8
2026-05-11,000858,1937.05
2026-05-12,000858,1910.68
2026-05-13,000858,1880.93
2026-05-14,000858,1877.56
2026-05-15,000858,1832.83
2020-01-02,002352,129.54
2020-01-03,002352,128.53
2020-01-06,002352,127.36
2020-01-07,002352,130.3
2020-01-08,002352,128.74
2020-01-09,002352,128.78
2020-01-10,002352,129.92
2020-01-13,002352,131.06
2020-01-14,002352,129.33
2020-01-15,002352,127.88
2020-01-16,002352,127.39
2020-01-17,002352,128.5
2020-01-20,002352,134.31
2020-01-21,002352,134.65
2020-01-22,002352,132.75
2020-01-23,002352,135.55
2020-02-03,002352,133.61
2020-02-04,002352,134.1
2020-02-05,002352,145.5
2020-02-06,002352,156.74
2020-02-07,002352,155.01
2020-02-10,002352,156.29
2020-02-11,002352,153.14
2020-02-12,002352,151.72
2020-02-13,002352,148.2
2020-02-14,002352,146.78
2020-02-17,002352,160.19
2020-02-18,002352,157.98
2020-02-19,002352,161.12
2020-02-20,002352,161.71
2020-02-21,002352,158.26
2020-02-24,002352,158.84
2020-02-25,002352,171.53
2020-02-26,002352,167.8
2020-02-27,002352,172.94
2020-02-28,002352,169.18
2020-03-02,002352,172.91
2020-03-03,002352,166.17
2020-03-04,002352,166.34
2020-03-05,002352,167.97
2020-03-06,002352,165.58
2020-03-09,002352,162.44
2020-03-10,002352,162.61
2020-03-11,002352,159.02
2020-03-12,002352,154.77
2020-03-13,002352,152.62
2020-03-16,002352,148.61
2020-03-17,002352,147.99
2020-03-18,002352,149.51
2020-03-19,002352,155.18
2020-03-20,002352,156.36
2020-03-23,002352,153.9
2020-03-24,002352,155.04
2020-03-25,002352,161.02
2020-03-26,002352,158.64
2020-03-27,002352,157.6
2020-03-30,002352,163.09
2020-03-31,002352,163.27
2020-04-01,002352,158.46
2020-04-02,002352,159.95
2020-04-03,002352,163.51
2020-04-07,002352,169.11
2020-04-08,002352,168.31
2020-04-09,002352,167.97
2020-04-10,002352,166.34
2020-04-13,002352,169.35
2020-04-14,002352,168.83
2020-04-15,002352,165.58
2020-04-16,002352,164.86
2020-04-17,002352,168.18
2020-04-20,002352,168.35
2020-04-21,002352,165.65
2020-04-22,002352,169.38
2020-04-23,002352,169.45
2020-04-24,002352,164.38
2020-04-27,002352,163.37
2020-04-28,002352,167.16
2020-04-29,002352,162.82
2020-04-30,002352,162.61
2020-05-06,002352,162.92
2020-05-07,002352,160.28
2020-05-08,002352,159.55
2020-05-11,002352,163.86
2020-05-12,002352,162.43
2020-05-13,002352,161.84
2020-05-14,002352,159.1
2020-05-15,002352,157.95
2020-05-18,002352,158.47
2020-05-19,002352,162.92
2020-05-20,002352,159.13
2020-05-21,002352,156.39
2020-05-22,002352,154.3
2020-05-25,002352,154.96
2020-05-26,002352,155.97
2020-05-27,002352,154.75
2020-05-28,002352,154.75
2020-05-29,002352,158.4
2020-06-01,002352,161.95
2020-06-02,002352,168.9
2020-06-03,002352,172.89
2020-06-04,002352,173.76
2020-06-05,002352,175.08
2020-06-08,002352,178.8
2020-06-09,002352,182.28
2020-06-10,002352,185.79
2020-06-11,002352,184.12
2020-06-12,002352,185.2
2020-06-15,002352,191.14
2020-06-16,002352,191.1
2020-06-17,002352,193.22
2020-06-18,002352,194.51
2020-06-19,002352,194.58
2020-06-22,002352,189.05
2020-06-23,002352,193.29
2020-06-24,002352,191.83
2020-06-29,002352,190.1
2020-06-30,002352,190.1
2020-07-01,002352,191.77
2020-07-02,002352,192.95
2020-07-03,002352,195.41
2020-07-06,002352,197.33
2020-07-07,002352,213.24
2020-07-08,002352,214.04
2020-07-09,002352,214.08
2020-07-10,002352,225.37
2020-07-13,002352,230.9
2020-07-14,002352,228.39
2020-07-15,002352,230.86
2020-07-16,002352,221.27
2020-07-17,002352,220.09
2020-07-20,002352,226.93
2020-07-21,002352,235.0
2020-07-22,002352,233.61
2020-07-23,002352,230.17
2020-07-24,002352,220.85
2020-07-27,002352,233.85
2020-07-28,002352,236.25
2020-07-29,002352,243.27
2020-07-30,002352,244.28
2020-07-31,002352,246.47
2020-08-03,002352,246.5
2020-08-04,002352,243.2
2020-08-05,002352,242.68
2020-08-06,002352,236.84
2020-08-07,002352,235.28
2020-08-10,002352,234.23
2020-08-11,002352,229.65
2020-08-12,002352,224.36
2020-08-13,002352,225.82
2020-08-14,002352,230.06
2020-08-17,002352,230.76
2020-08-18,002352,238.54
2020-08-19,002352,245.74
2020-08-20,002352,240.25
2020-08-21,002352,248.86
2020-08-24,002352,253.59
2020-08-25,002352,253.42
2020-08-26,002352,278.75
2020-08-27,002352,276.7
2020-08-28,002352,304.36
2020-08-31,002352,295.75
2020-09-01,002352,293.73
2020-09-02,002352,291.85
2020-09-03,002352,288.45
2020-09-04,002352,290.85
2020-09-07,002352,280.07
2020-09-08,002352,278.4
2020-09-09,002352,268.64
2020-09-10,002352,272.74
2020-09-11,002352,277.43
2020-09-14,002352,273.85
2020-09-15,002352,281.32
2020-09-16,002352,271.94
2020-09-17,002352,271.77
2020-09-18,002352,274.2
2020-09-21,002352,268.22
2020-09-22,002352,267.25
2020-09-23,002352,270.06
2020-09-24,002352,266.03
2020-09-25,002352,268.64
2020-09-28,002352,277.36
2020-09-29,002352,277.92
2020-09-30,002352,282.19
2020-10-09,002352,297.8
2020-10-12,002352,303.39
2020-10-13,002352,317.29
2020-10-14,002352,323.83
2020-10-15,002352,312.74
2020-10-16,002352,312.01
2020-10-19,002352,310.83
2020-10-20,002352,314.13
2020-10-21,002352,311.94
2020-10-22,002352,304.54
2020-10-23,002352,295.36
2020-10-26,002352,303.22
2020-10-27,002352,302.45
2020-10-28,002352,301.44
2020-10-29,002352,299.29
2020-10-30,002352,287.75
2020-11-02,002352,292.62
2020-11-03,002352,297.69
2020-11-04,002352,309.99
2020-11-05,002352,306.52
2020-11-06,002352,290.15
2020-11-09,002352,289.77
2020-11-10,002352,287.27
2020-11-11,002352,279.41
2020-11-12,002352,282.71
2020-11-13,002352,280.91
2020-11-16,002352,278.02
2020-11-17,002352,272.63
2020-11-18,002352,270.86
2020-11-19,002352,280.77
2020-11-20,002352,275.45
2020-11-23,002352,273.85
2020-11-24,002352,271.59
2020-11-25,002352,265.23
2020-11-26,002352,266.31
2020-11-27,002352,270.9
2020-11-30,002352,278.02
2020-12-01,002352,279.41
2020-12-02,002352,277.95
2020-12-03,002352,281.11
2020-12-04,002352,288.66
2020-12-07,002352,284.1
2020-12-08,002352,278.75
2020-12-09,002352,270.55
2020-12-10,002352,274.34
2020-12-11,002352,272.01
2020-12-14,002352,272.81
2020-12-15,002352,267.94
2020-12-16,002352,275.94
2020-12-17,002352,275.76
2020-12-18,002352,278.02
2020-12-21,002352,284.38
2020-12-22,002352,300.61
2020-12-23,002352,301.65
2020-12-24,002352,299.53
2020-12-25,002352,298.7
2020-12-28,002352,296.82
2020-12-29,002352,295.92
2020-12-30,002352,302.9
2020-12-31,002352,306.62
2021-01-04,002352,314.44
2021-01-05,002352,324.94
2021-01-06,002352,321.71
2021-01-07,002352,320.66
2021-01-08,002352,318.3
2021-01-11,002352,319.55
2021-01-12,002352,321.64
2021-01-13,002352,313.82
2021-01-14,002352,306.48
2021-01-15,002352,305.48
2021-01-18,002352,313.54
2021-01-19,002352,317.99
2021-01-20,002352,326.64
2021-01-21,002352,351.7
2021-01-22,002352,348.88
2021-01-25,002352,355.14
2021-01-26,002352,347.18
2021-01-27,002352,347.14
2021-01-28,002352,337.73
2021-01-29,002352,344.02
2021-02-01,002352,361.88
2021-02-02,002352,371.85
2021-02-03,002352,365.95
2021-02-04,002352,369.94
2021-02-10,002352,406.95
2021-02-18,002352,404.76
2021-02-19,002352,402.78
2021-02-22,002352,374.63
2021-02-23,002352,380.16
2021-02-24,002352,360.77
2021-02-25,002352,367.51
2021-02-26,002352,364.76
2021-03-01,002352,364.21
2021-03-02,002352,354.1
2021-03-03,002352,354.34
2021-03-04,002352,341.06
2021-03-05,002352,337.45
2021-03-08,002352,316.46
2021-03-09,002352,312.77
2021-03-10,002352,319.41
2021-03-11,002352,321.36
2021-03-12,002352,319.1
2021-03-15,002352,310.9
2021-03-16,002352,319.72
2021-03-17,002352,326.43
2021-03-18,002352,318.68
2021-03-19,002352,297.9
2021-03-22,002352,295.4
2021-03-23,002352,293.66
2021-03-24,002352,285.49
2021-03-25,002352,287.89
2021-03-26,002352,286.19
2021-03-29,002352,285.25
2021-03-30,002352,289.32
2021-03-31,002352,281.57
2021-04-01,002352,283.76
2021-04-02,002352,288.76
2021-04-06,002352,285.98
2021-04-07,002352,281.32
2021-04-08,002352,280.8
2021-04-09,002352,252.72
2021-04-12,002352,229.02
2021-04-13,002352,225.2
2021-04-14,002352,223.88
2021-04-15,002352,224.47
2021-04-16,002352,221.41
2021-04-19,002352,224.95
2021-04-20,002352,223.94
2021-04-21,002352,222.4
2021-04-22,002352,220.69
2021-04-23,002352,228.9
2021-04-26,002352,230.86
2021-04-27,002352,226.6
2021-04-28,002352,228.73
2021-04-29,002352,223.84
2021-04-30,002352,224.78
2021-05-06,002352,220.66
2021-05-07,002352,214.47
2021-05-10,002352,217.48
2021-05-11,002352,218.67
2021-05-12,002352,217.13
2021-05-13,002352,220.52
2021-05-14,002352,219.61
2021-05-17,002352,227.75
2021-05-18,002352,240.67
2021-05-19,002352,242.77
2021-05-20,002352,239.87
2021-05-21,002352,235.15
2021-05-24,002352,240.08
2021-05-25,002352,241.06
2021-05-26,002352,244.52
2021-05-27,002352,243.12
2021-05-28,002352,243.99
2021-05-31,002352,242.73
2021-06-01,002352,244.72
2021-06-02,002352,253.56
2021-06-03,002352,260.58
2021-06-04,002352,264.53
2021-06-07,002352,256.15
2021-06-08,002352,251.08
2021-06-09,002352,251.08
2021-06-10,002352,248.36
2021-06-11,002352,248.11
2021-06-15,002352,242.8
2021-06-16,002352,237.6
2021-06-17,002352,234.04
2021-06-18,002352,236.73
2021-06-21,002352,248.92
2021-06-22,002352,245.04
2021-06-23,002352,240.92
2021-06-24,002352,244.59
2021-06-25,002352,244.66
2021-06-28,002352,241.2
2021-06-29,002352,235.57
2021-06-30,002352,236.48
2021-07-01,002352,237.49
2021-07-02,002352,232.64
2021-07-05,002352,228.73
2021-07-06,002352,227.22
2021-07-07,002352,233.37
2021-07-08,002352,229.46
2021-07-09,002352,228.8
2021-07-12,002352,224.19
2021-07-13,002352,225.83
2021-07-14,002352,235.08
2021-07-15,002352,228.1
2021-07-16,002352,228.1
2021-07-19,002352,220.94
2021-07-20,002352,217.97
2021-07-21,002352,216.15
2021-07-22,002352,216.68
2021-07-23,002352,215.35
2021-07-26,002352,208.54
2021-07-27,002352,198.62
2021-07-28,002352,195.12
2021-07-29,002352,206.02
2021-07-30,002352,206.48
2021-08-02,002352,212.31
2021-08-03,002352,212.87
2021-08-04,002352,213.43
2021-08-05,002352,209.58
2021-08-06,002352,209.55
2021-08-09,002352,214.65
2021-08-10,002352,212.8
2021-08-11,002352,207.31
2021-08-12,002352,207.8
2021-08-13,002352,209.97
2021-08-16,002352,208.43
2021-08-17,002352,204.31
2021-08-18,002352,201.73
2021-08-19,002352,201.69
2021-08-20,002352,202.81
2021-08-23,002352,198.09
2021-08-24,002352,209.97
2021-08-25,002352,209.55
2021-08-26,002352,206.62
2021-08-27,002352,199.87
2021-08-30,002352,200.36
2021-08-31,002352,201.27
2021-09-01,002352,204.69
2021-09-02,002352,198.62
2021-09-03,002352,196.28
2021-09-06,002352,210.77
2021-09-07,002352,205.67
2021-09-08,002352,213.71
2021-09-09,002352,222.23
2021-09-10,002352,219.05
2021-09-13,002352,216.05
2021-09-14,002352,222.89
2021-09-15,002352,225.13
2021-09-16,002352,223.56
2021-09-17,002352,222.16
2021-09-22,002352,234.46
2021-09-23,002352,230.05
2021-09-24,002352,237.39
2021-09-27,002352,241.13
2021-09-28,002352,232.88
2021-09-29,002352,231.52
2021-09-30,002352,228.27
2021-10-08,002352,242.87
2021-10-11,002352,239.56
2021-10-12,002352,241.06
2021-10-13,002352,238.23
2021-10-14,002352,231.31
2021-10-15,002352,228.45
2021-10-18,002352,225.41
2021-10-19,002352,227.4
2021-10-20,002352,221.46
2021-10-21,002352,221.88
2021-10-22,002352,218.32
2021-10-25,002352,219.68
2021-10-26,002352,219.12
2021-10-27,002352,219.71
2021-10-28,002352,220.45
2021-10-29,002352,225.76
2021-11-01,002352,226.35
2021-11-02,002352,228.27
2021-11-03,002352,227.61
2021-11-04,002352,226.28
2021-11-05,002352,219.64
2021-11-08,002352,211.99
2021-11-09,002352,210.56
2021-11-10,002352,211.02
2021-11-11,002352,214.75
2021-11-12,002352,217.62
2021-11-15,002352,220.06
2021-11-16,002352,221.5
2021-11-17,002352,221.01
2021-11-18,002352,228.24
2021-11-19,002352,235.5
2021-11-22,002352,232.78
2021-11-23,002352,229.15
2021-11-24,002352,230.3
2021-11-25,002352,223.35
2021-11-26,002352,221.85
2021-11-29,002352,216.15
2021-11-30,002352,213.88
2021-12-01,002352,214.4
2021-12-02,002352,210.53
2021-12-03,002352,211.33
2021-12-06,002352,217.23
2021-12-07,002352,219.71
2021-12-08,002352,220.27
2021-12-09,002352,229.63
2021-12-10,002352,228.83
2021-12-13,002352,230.47
2021-12-14,002352,223.31
2021-12-15,002352,217.55
2021-12-16,002352,221.36
2021-12-17,002352,220.03
2021-12-20,002352,222.65
2021-12-21,002352,226.88
2021-12-22,002352,233.16
2021-12-23,002352,233.16
2021-12-24,002352,240.5
2021-12-27,002352,240.15
2021-12-28,002352,238.09
2021-12-29,002352,239.9
2021-12-30,002352,241.09
2021-12-31,002352,240.74
2022-01-04,002352,249.48
2022-01-05,002352,249.06
2022-01-06,002352,238.89
2022-01-07,002352,239.62
2022-01-10,002352,240.11
2022-01-11,002352,236.41
2022-01-12,002352,236.62
2022-01-13,002352,229.98
2022-01-14,002352,230.51
2022-01-17,002352,233.41
2022-01-18,002352,232.43
2022-01-19,002352,229.5
2022-01-20,002352,235.71
2022-01-21,002352,235.43
2022-01-24,002352,228.2
2022-01-25,002352,220.45
2022-01-26,002352,226.84
2022-01-27,002352,220.52
2022-01-28,002352,221.29
2022-02-07,002352,225.51
2022-02-08,002352,228.97
2022-02-09,002352,224.19
2022-02-10,002352,218.77
2022-02-11,002352,218.63
2022-02-14,002352,212.66
2022-02-15,002352,215.14
2022-02-16,002352,215.52
2022-02-17,002352,215.35
2022-02-18,002352,214.47
2022-02-21,002352,217.09
2022-02-22,002352,210.32
2022-02-23,002352,211.02
2022-02-24,002352,203.96
2022-02-25,002352,209.24
2022-02-28,002352,210.98
2022-03-01,002352,200.99
2022-03-02,002352,202.88
2022-03-03,002352,204.41
2022-03-04,002352,205.18
2022-03-07,002352,195.96
2022-03-08,002352,190.69
2022-03-09,002352,185.97
2022-03-10,002352,187.54
2022-03-11,002352,187.61
2022-03-14,002352,178.85
2022-03-15,002352,166.9
2022-03-16,002352,173.29
2022-03-17,002352,175.04
2022-03-18,002352,172.91
2022-03-21,002352,167.07
2022-03-22,002352,164.45
2022-03-23,002352,164.87
2022-03-24,002352,160.75
2022-03-25,002352,156.98
2022-03-28,002352,153.38
2022-03-29,002352,149.57
2022-03-30,002352,154.99
2022-03-31,002352,159.63
2022-04-01,002352,171.16
2022-04-06,002352,171.37
2022-04-07,002352,166.38
2022-04-08,002352,168.58
2022-04-11,002352,172.91
2022-04-12,002352,182.69
2022-04-13,002352,183.39
2022-04-14,002352,181.12
2022-04-15,002352,175.04
2022-04-18,002352,182.51
2022-04-19,002352,180.14
2022-04-20,002352,177.87
2022-04-21,002352,171.51
2022-04-22,002352,169.69
2022-04-25,002352,157.75
2022-04-26,002352,158.66
2022-04-27,002352,161.73
2022-04-28,002352,165.92
2022-04-29,002352,179.19
2022-05-05,002352,176.57
2022-05-06,002352,171.75
2022-05-09,002352,174.16
2022-05-10,002352,173.47
2022-05-11,002352,175.91
2022-05-12,002352,172.91
2022-05-13,002352,173.96
2022-05-16,002352,170.04
2022-05-17,002352,172.21
2022-05-18,002352,169.76
2022-05-19,002352,164.87
2022-05-20,002352,176.54
2022-05-23,002352,175.25
2022-05-24,002352,168.75
2022-05-25,002352,169.41
2022-05-26,002352,176.37
2022-05-27,002352,174.93
2022-05-30,002352,180.14
2022-05-31,002352,181.29
2022-06-01,002352,182.69
2022-06-02,002352,181.19
2022-06-06,002352,179.37
2022-06-07,002352,184.89
2022-06-08,002352,186.53
2022-06-09,002352,180.98
2022-06-10,002352,183.74
2022-06-13,002352,180.24
2022-06-14,002352,177.73
2022-06-15,002352,180.7
2022-06-16,002352,182.42
2022-06-17,002352,181.93
2022-06-20,002352,183.33
2022-06-21,002352,182.81
2022-06-22,002352,175.65
2022-06-23,002352,174.22
2022-06-24,002352,184.45
2022-06-27,002352,189.85
2022-06-28,002352,194.2
2022-06-29,002352,191.6
2022-06-30,002352,195.64
2022-07-01,002352,196.23
2022-07-04,002352,196.23
2022-07-05,002352,197.84
2022-07-06,002352,191.15
2022-07-07,002352,186.84
2022-07-08,002352,190.62
2022-07-11,002352,184.03
2022-07-12,002352,181.33
2022-07-13,002352,181.44
2022-07-14,002352,181.58
2022-07-15,002352,178.35
2022-07-18,002352,181.96
2022-07-19,002352,191.04
2022-07-20,002352,188.94
2022-07-21,002352,185.79
2022-07-22,002352,185.79
2022-07-25,002352,184.49
2022-07-26,002352,182.67
2022-07-27,002352,178.56
2022-07-28,002352,177.79
2022-07-29,002352,174.71
2022-08-01,002352,171.38
2022-08-02,002352,169.06
2022-08-03,002352,168.89
2022-08-04,002352,169.13
2022-08-05,002352,171.13
2022-08-08,002352,170.5
2022-08-09,002352,171.66
2022-08-10,002352,168.36
2022-08-11,002352,173.48
2022-08-12,002352,174.53
2022-08-15,002352,174.95
2022-08-16,002352,174.04
2022-08-17,002352,177.34
2022-08-18,002352,174.29
2022-08-19,002352,174.85
2022-08-22,002352,177.65
2022-08-23,002352,174.32
2022-08-24,002352,172.11
2022-08-25,002352,173.8
2022-08-26,002352,173.06
2022-08-29,002352,168.89
2022-08-30,002352,172.18
2022-08-31,002352,173.27
2022-09-01,002352,171.27
2022-09-02,002352,169.84
2022-09-05,002352,167.35
2022-09-06,002352,166.12
2022-09-07,002352,164.75
2022-09-08,002352,168.4
2022-09-09,002352,176.6
2022-09-13,002352,180.14
2022-09-14,002352,178.77
2022-09-15,002352,176.99
2022-09-16,002352,170.71
2022-09-19,002352,170.57
2022-09-20,002352,171.87
2022-09-21,002352,167.84
2022-09-22,002352,158.86
2022-09-23,002352,163.7
2022-09-26,002352,160.48
2022-09-27,002352,168.68
2022-09-28,002352,167.56
2022-09-29,002352,165.73
2022-09-30,002352,165.52
2022-10-10,002352,159.46
2022-10-11,002352,157.81
2022-10-12,002352,160.2
2022-10-13,002352,160.2
2022-10-14,002352,173.34
2022-10-17,002352,179.69
2022-10-18,002352,178.35
2022-10-19,002352,179.55
2022-10-20,002352,177.62
2022-10-21,002352,179.51
2022-10-24,002352,172.96
2022-10-25,002352,172.04
2022-10-26,002352,175.87
2022-10-27,002352,178.32
2022-10-28,002352,174.85
2022-10-31,002352,169.17
2022-11-01,002352,173.38
2022-11-02,002352,177.02
2022-11-03,002352,169.35
2022-11-04,002352,175.34
2022-11-07,002352,175.9
2022-11-08,002352,175.87
2022-11-09,002352,175.27
2022-11-10,002352,172.85
2022-11-11,002352,184.14
2022-11-14,002352,181.65
2022-11-15,002352,187.26
2022-11-16,002352,189.26
2022-11-17,002352,188.45
2022-11-18,002352,184.0
2022-11-21,002352,181.23
2022-11-22,002352,181.23
2022-11-23,002352,178.32
2022-11-24,002352,177.23
2022-11-25,002352,178.6
2022-11-28,002352,177.72
2022-11-29,002352,185.79
2022-11-30,002352,185.79
2022-12-01,002352,190.94
2022-12-02,002352,187.82
2022-12-05,002352,193.22
2022-12-06,002352,199.98
2022-12-07,002352,202.09
2022-12-08,002352,200.86
2022-12-09,002352,203.42
2022-12-12,002352,199.56
2022-12-13,002352,201.56
2022-12-14,002352,208.4
2022-12-15,002352,205.21
2022-12-16,002352,204.4
2022-12-19,002352,204.36
2022-12-20,002352,199.98
2022-12-21,002352,201.21
2022-12-22,002352,203.98
2022-12-23,002352,203.94
2022-12-26,002352,201.21
2022-12-27,002352,210.11
2022-12-28,002352,203.45
2022-12-29,002352,199.49
2022-12-30,002352,202.47
2023-01-03,002352,202.54
2023-01-04,002352,202.02
2023-01-05,002352,211.09
2023-01-06,002352,208.96
2023-01-09,002352,207.87
2023-01-10,002352,207.17
2023-01-11,002352,205.63
2023-01-12,002352,203.7
2023-01-13,002352,211.66
2023-01-16,002352,214.14
2023-01-17,002352,212.39
2023-01-18,002352,213.51
2023-01-19,002352,213.93
2023-01-20,002352,211.62
2023-01-30,002352,206.36
2023-01-31,002352,205.56
2023-02-01,002352,202.79
2023-02-02,002352,204.89
2023-02-03,002352,202.3
2023-02-06,002352,199.81
2023-02-07,002352,201.38
2023-02-08,002352,202.51
2023-02-09,002352,203.14
2023-02-10,002352,201.21
2023-02-13,002352,203.52
2023-02-14,002352,200.86
2023-02-15,002352,195.95
2023-02-16,002352,193.85
2023-02-17,002352,188.94
2023-02-20,002352,192.8
2023-02-21,002352,190.83
2023-02-22,002352,188.87
2023-02-23,002352,189.43
2023-02-24,002352,188.27
2023-02-27,002352,187.29
2023-02-28,002352,189.05
2023-03-01,002352,189.68
2023-03-02,002352,190.69
2023-03-03,002352,190.45
2023-03-06,002352,188.24
2023-03-07,002352,184.0
2023-03-08,002352,186.35
2023-03-09,002352,184.03
2023-03-10,002352,182.56
2023-03-13,002352,189.12
2023-03-14,002352,186.84
2023-03-15,002352,185.89
2023-03-16,002352,183.68
2023-03-17,002352,184.03
2023-03-20,002352,181.33
2023-03-21,002352,186.1
2023-03-22,002352,186.59
2023-03-23,002352,189.29
2023-03-24,002352,188.34
2023-03-27,002352,189.78
2023-03-28,002352,187.54
2023-03-29,002352,191.22
2023-03-30,002352,193.5
2023-03-31,002352,194.13
2023-04-03,002352,189.75
2023-04-04,002352,187.68
2023-04-06,002352,191.67
2023-04-07,002352,203.31
2023-04-10,002352,201.38
2023-04-11,002352,198.12
2023-04-12,002352,199.46
2023-04-13,002352,198.23
2023-04-14,002352,199.39
2023-04-17,002352,199.39
2023-04-18,002352,199.35
2023-04-19,002352,196.3
2023-04-20,002352,194.55
2023-04-21,002352,191.6
2023-04-24,002352,191.36
2023-04-25,002352,192.1
2023-04-26,002352,193.01
2023-04-27,002352,200.86
2023-04-28,002352,197.88
2023-05-04,002352,194.27
2023-05-05,002352,190.94
2023-05-08,002352,179.06
2023-05-09,002352,179.58
2023-05-10,002352,178.07
2023-05-11,002352,176.92
2023-05-12,002352,176.91
2023-05-15,002352,177.23
2023-05-16,002352,172.93
2023-05-17,002352,173.28
2023-05-18,002352,172.33
2023-05-19,002352,176.45
2023-05-22,002352,177.61
2023-05-23,002352,174.76
2023-05-24,002352,171.91
2023-05-25,002352,172.33
2023-05-26,002352,172.19
2023-05-29,002352,169.16
2023-05-30,002352,167.33
2023-05-31,002352,166.73
2023-06-01,002352,166.45
2023-06-02,002352,171.34
2023-06-05,002352,170.39
2023-06-06,002352,169.65
2023-06-07,002352,167.15
2023-06-08,002352,169.27
2023-06-09,002352,169.37
2023-06-12,002352,171.84
2023-06-13,002352,171.77
2023-06-14,002352,173.1
2023-06-15,002352,174.9
2023-06-16,002352,175.32
2023-06-19,002352,172.26
2023-06-20,002352,170.92
2023-06-21,002352,168.28
2023-06-26,002352,165.85
2023-06-27,002352,167.36
2023-06-28,002352,166.87
2023-06-29,002352,157.68
2023-06-30,002352,158.84
2023-07-03,002352,163.28
2023-07-04,002352,162.47
2023-07-05,002352,160.21
2023-07-06,002352,158.1
2023-07-07,002352,158.84
2023-07-10,002352,163.56
2023-07-11,002352,166.73
2023-07-12,002352,165.39
2023-07-13,002352,166.52
2023-07-14,002352,166.98
2023-07-17,002352,165.6
2023-07-18,002352,165.14
2023-07-19,002352,165.92
2023-07-20,002352,166.69
2023-07-21,002352,164.93
2023-07-24,002352,163.31
2023-07-25,002352,169.62
2023-07-26,002352,170.15
2023-07-27,002352,171.87
2023-07-28,002352,175.25
2023-07-31,002352,175.25
2023-08-01,002352,175.39
2023-08-02,002352,171.66
2023-08-03,002352,174.09
2023-08-04,002352,172.93
2023-08-07,002352,171.66
2023-08-08,002352,171.06
2023-08-09,002352,171.48
2023-08-10,002352,172.22
2023-08-11,002352,167.89
2023-08-14,002352,165.95
2023-08-15,002352,165.43
2023-08-16,002352,163.31
2023-08-17,002352,163.95
2023-08-18,002352,162.29
2023-08-21,002352,157.29
2023-08-22,002352,156.06
2023-08-23,002352,155.0
2023-08-24,002352,154.89
2023-08-25,002352,153.17
2023-08-28,002352,155.0
2023-08-29,002352,156.94
2023-08-30,002352,154.47
2023-08-31,002352,153.17
2023-09-01,002352,153.87
2023-09-04,002352,158.06
2023-09-05,002352,157.82
2023-09-06,002352,156.09
2023-09-07,002352,152.74
2023-09-08,002352,150.74
2023-09-11,002352,153.24
2023-09-12,002352,152.25
2023-09-13,002352,149.75
2023-09-14,002352,148.23
2023-09-15,002352,147.18
2023-09-18,002352,148.13
2023-09-19,002352,146.05
2023-09-20,002352,144.61
2023-09-21,002352,141.44
2023-09-22,002352,144.64
2023-09-25,002352,142.32
2023-09-26,002352,142.32
2023-09-27,002352,143.37
2023-09-28,002352,143.73
2023-10-09,002352,144.15
2023-10-10,002352,143.73
2023-10-11,002352,144.11
2023-10-12,002352,145.8
2023-10-13,002352,145.49
2023-10-16,002352,143.73
2023-10-17,002352,143.2
2023-10-18,002352,140.2
2023-10-19,002352,137.38
2023-10-20,002352,136.61
2023-10-23,002352,137.81
2023-10-24,002352,138.23
2023-10-25,002352,139.15
2023-10-26,002352,138.02
2023-10-27,002352,141.58
2023-10-30,002352,144.43
2023-10-31,002352,138.44
2023-11-01,002352,137.42
2023-11-02,002352,135.38
2023-11-03,002352,137.46
2023-11-06,002352,141.37
2023-11-07,002352,140.56
2023-11-08,002352,140.7
2023-11-09,002352,140.98
2023-11-10,002352,141.44
2023-11-13,002352,142.14
2023-11-14,002352,143.62
2023-11-15,002352,144.39
2023-11-16,002352,144.61
2023-11-17,002352,144.25
2023-11-20,002352,146.16
2023-11-21,002352,147.07
2023-11-22,002352,144.36
2023-11-23,002352,144.43
2023-11-24,002352,144.82
2023-11-27,002352,143.9
2023-11-28,002352,147.25
2023-11-29,002352,146.68
2023-11-30,002352,148.87
2023-12-01,002352,146.83
2023-12-04,002352,145.66
2023-12-05,002352,142.6
2023-12-06,002352,142.14
2023-12-07,002352,142.39
2023-12-08,002352,145.1
2023-12-11,002352,146.54
2023-12-12,002352,145.94
2023-12-13,002352,142.14
2023-12-14,002352,141.75
2023-12-15,002352,141.3
2023-12-18,002352,141.86
2023-12-19,002352,140.24
2023-12-20,002352,139.08
2023-12-21,002352,140.7
2023-12-22,002352,139.75
2023-12-25,002352,139.78
2023-12-26,002352,138.55
2023-12-27,002352,137.53
2023-12-28,002352,140.84
2023-12-29,002352,142.32
2024-01-02,002352,138.09
2024-01-03,002352,136.65
2024-01-04,002352,134.74
2024-01-05,002352,134.71
2024-01-08,002352,134.92
2024-01-09,002352,137.24
2024-01-10,002352,137.53
2024-01-11,002352,138.97
2024-01-12,002352,136.86
2024-01-15,002352,136.82
2024-01-16,002352,138.44
2024-01-17,002352,136.33
2024-01-18,002352,136.89
2024-01-19,002352,135.1
2024-01-22,002352,132.66
2024-01-23,002352,131.33
2024-01-24,002352,132.91
2024-01-25,002352,135.34
2024-01-26,002352,133.37
2024-01-29,002352,129.81
2024-01-30,002352,121.22
2024-01-31,002352,124.07
2024-02-01,002352,122.27
2024-02-02,002352,120.05
2024-02-05,002352,121.11
2024-02-06,002352,127.7
2024-02-07,002352,129.78
2024-02-08,002352,132.28
2024-02-19,002352,133.3
2024-02-20,002352,134.81
2024-02-21,002352,138.62
2024-02-22,002352,138.51
2024-02-23,002352,138.62
2024-02-26,002352,138.02
2024-02-27,002352,136.72
2024-02-28,002352,133.86
2024-02-29,002352,135.1
2024-03-01,002352,134.04
2024-03-04,002352,133.47
2024-03-05,002352,133.86
2024-03-06,002352,132.45
2024-03-07,002352,131.08
2024-03-08,002352,131.54
2024-03-11,002352,134.11
2024-03-12,002352,138.12
2024-03-13,002352,137.21
2024-03-14,002352,136.29
2024-03-15,002352,137.28
2024-03-18,002352,137.17
2024-03-19,002352,135.66
2024-03-20,002352,138.2
2024-03-21,002352,136.57
2024-03-22,002352,134.0
2024-03-25,002352,133.05
2024-03-26,002352,133.65
2024-03-27,002352,128.16
2024-03-28,002352,128.01
2024-03-29,002352,128.23
2024-04-01,002352,128.65
2024-04-02,002352,125.97
2024-04-03,002352,124.49
2024-04-08,002352,122.73
2024-04-09,002352,122.8
2024-04-10,002352,121.29
2024-04-11,002352,120.23
2024-04-12,002352,120.79
2024-04-15,002352,122.73
2024-04-16,002352,120.37
2024-04-17,002352,122.77
2024-04-18,002352,122.94
2024-04-19,002352,121.18
2024-04-22,002352,125.44
2024-04-23,002352,124.67
2024-04-24,002352,123.61
2024-04-25,002352,127.13
2024-04-26,002352,128.01
2024-04-29,002352,128.3
2024-04-30,002352,127.7
2024-05-06,002352,130.83
2024-05-07,002352,131.43
2024-05-08,002352,129.88
2024-05-09,002352,132.63
2024-05-10,002352,132.95
2024-05-13,002352,131.4
2024-05-14,002352,133.33
2024-05-15,002352,131.22
2024-05-16,002352,130.22
2024-05-17,002352,135.87
2024-05-20,002352,137.05
2024-05-21,002352,139.81
2024-05-22,002352,137.88
2024-05-23,002352,137.88
2024-05-24,002352,135.94
2024-05-27,002352,136.01
2024-05-28,002352,134.73
2024-05-29,002352,134.4
2024-05-30,002352,132.26
2024-05-31,002352,131.9
2024-06-03,002352,133.33
2024-06-04,002352,134.65
2024-06-05,002352,134.98
2024-06-06,002352,133.62
2024-06-07,002352,135.51
2024-06-11,002352,132.76
2024-06-12,002352,133.51
2024-06-13,002352,130.65
2024-06-14,002352,131.33
2024-06-17,002352,130.79
2024-06-18,002352,129.32
2024-06-19,002352,130.22
2024-06-20,002352,129.18
2024-06-21,002352,128.5
2024-06-24,002352,126.35
2024-06-25,002352,127.14
2024-06-26,002352,127.96
2024-06-27,002352,126.06
2024-06-28,002352,127.75
2024-07-01,002352,126.35
2024-07-02,002352,124.92
2024-07-03,002352,123.2
2024-07-04,002352,123.2
2024-07-05,002352,123.2
2024-07-08,002352,123.2
2024-07-09,002352,124.02
2024-07-10,002352,124.74
2024-07-11,002352,125.63
2024-07-12,002352,125.42
2024-07-15,002352,124.2
2024-07-16,002352,124.27
2024-07-17,002352,127.46
2024-07-18,002352,128.75
2024-07-19,002352,129.86
2024-07-22,002352,129.97
2024-07-23,002352,127.6
2024-07-24,002352,126.24
2024-07-25,002352,126.24
2024-07-26,002352,125.13
2024-07-29,002352,122.59
2024-07-30,002352,120.87
2024-07-31,002352,125.46
2024-08-01,002352,124.06
2024-08-02,002352,123.16
2024-08-05,002352,123.2
2024-08-06,002352,123.49
2024-08-07,002352,124.02
2024-08-08,002352,126.14
2024-08-09,002352,124.95
2024-08-12,002352,123.56
2024-08-13,002352,122.05
2024-08-14,002352,120.8
2024-08-15,002352,123.02
2024-08-16,002352,123.95
2024-08-19,002352,122.91
2024-08-20,002352,122.41
2024-08-21,002352,122.7
2024-08-22,002352,121.95
2024-08-23,002352,123.74
2024-08-26,002352,123.49
2024-08-27,002352,121.66
2024-08-28,002352,118.94
2024-08-29,002352,127.57
2024-08-30,002352,130.11
2024-09-02,002352,129.75
2024-09-03,002352,133.19
2024-09-04,002352,132.44
2024-09-05,002352,131.29
2024-09-06,002352,130.04
2024-09-09,002352,129.39
2024-09-10,002352,129.68
2024-09-11,002352,130.54
2024-09-12,002352,129.89
2024-09-13,002352,129.29
2024-09-18,002352,130.97
2024-09-19,002352,132.15
2024-09-20,002352,134.44
2024-09-23,002352,134.44
2024-09-24,002352,136.91
2024-09-25,002352,137.98
2024-09-26,002352,145.18
2024-09-27,002352,152.77
2024-09-30,002352,161.0
2024-10-08,002352,159.82
2024-10-09,002352,146.93
2024-10-10,002352,149.08
2024-10-11,002352,149.37
2024-10-14,002352,155.63
2024-10-15,002352,152.05
2024-10-16,002352,151.62
2024-10-17,002352,150.19
2024-10-18,002352,152.19
2024-10-21,002352,151.41
2024-10-22,002352,155.31
2024-10-23,002352,154.98
2024-10-24,002352,154.45
2024-10-25,002352,155.34
2024-10-28,002352,154.56
2024-10-29,002352,154.09
2024-10-30,002352,158.24
2024-10-31,002352,159.85
2024-11-01,002352,162.25
2024-11-04,002352,164.54
2024-11-05,002352,164.97
2024-11-06,002352,163.4
2024-11-07,002352,165.18
2024-11-08,002352,165.85
2024-11-11,002352,163.89
2024-11-12,002352,164.85
2024-11-13,002352,166.29
2024-11-14,002352,162.45
2024-11-15,002352,158.46
2024-11-18,002352,156.25
2024-11-19,002352,156.25
2024-11-20,002352,155.18
2024-11-21,002352,155.47
2024-11-22,002352,151.97
2024-11-25,002352,155.07
2024-11-26,002352,155.33
2024-11-27,002352,154.55
2024-11-28,002352,151.56
2024-11-29,002352,152.19
2024-12-02,002352,152.08
2024-12-03,002352,151.71
2024-12-04,002352,149.57
2024-12-05,002352,148.49
2024-12-06,002352,149.82
2024-12-09,002352,150.75
2024-12-10,002352,152.63
2024-12-11,002352,151.52
2024-12-12,002352,155.73
2024-12-13,002352,153.37
2024-12-16,002352,148.42
2024-12-17,002352,149.12
2024-12-18,002352,148.05
2024-12-19,002352,152.19
2024-12-20,002352,148.61
2024-12-23,002352,150.08
2024-12-24,002352,152.11
2024-12-25,002352,150.27
2024-12-26,002352,148.97
2024-12-27,002352,150.08
2024-12-30,002352,150.89
2024-12-31,002352,148.79
2025-01-02,002352,144.29
2025-01-03,002352,145.65
2025-01-06,002352,146.61
2025-01-07,002352,148.57
2025-01-08,002352,147.24
2025-01-09,002352,146.94
2025-01-10,002352,144.69
2025-01-13,002352,145.43
2025-01-14,002352,149.53
2025-01-15,002352,149.9
2025-01-16,002352,145.5
2025-01-17,002352,146.61
2025-01-20,002352,145.91
2025-01-21,002352,144.21
2025-01-22,002352,143.84
2025-01-23,002352,142.7
2025-01-24,002352,142.26
2025-01-27,002352,145.14
2025-02-05,002352,145.14
2025-02-06,002352,148.24
2025-02-07,002352,149.53
2025-02-10,002352,149.42
2025-02-11,002352,149.23
2025-02-12,002352,148.13
2025-02-13,002352,148.83
2025-02-14,002352,149.82
2025-02-17,002352,148.9
2025-02-18,002352,149.16
2025-02-19,002352,152.3
2025-02-20,002352,155.33
2025-02-21,002352,155.81
2025-02-24,002352,153.37
2025-02-25,002352,150.97
2025-02-26,002352,150.41
2025-02-27,002352,153.77
2025-02-28,002352,154.03
2025-03-03,002352,155.51
2025-03-04,002352,154.4
2025-03-05,002352,155.81
2025-03-06,002352,156.43
2025-03-07,002352,155.58
2025-03-10,002352,155.62
2025-03-11,002352,156.29
2025-03-12,002352,158.91
2025-03-13,002352,161.16
2025-03-14,002352,162.82
2025-03-17,002352,161.2
2025-03-18,002352,160.6
2025-03-19,002352,160.6
2025-03-20,002352,158.91
2025-03-21,002352,157.76
2025-03-24,002352,156.99
2025-03-25,002352,156.17
2025-03-26,002352,155.73
2025-03-27,002352,156.29
2025-03-28,002352,155.21
2025-03-31,002352,159.2
2025-04-01,002352,161.56
2025-04-02,002352,159.94
2025-04-03,002352,160.31
2025-04-07,002352,147.94
2025-04-08,002352,152.11
2025-04-09,002352,150.86
2025-04-10,002352,156.17
2025-04-11,002352,154.62
2025-04-14,002352,157.43
2025-04-15,002352,155.92
2025-04-16,002352,156.06
2025-04-17,002352,156.4
2025-04-18,002352,159.02
2025-04-21,002352,158.17
2025-04-22,002352,160.24
2025-04-23,002352,159.53
2025-04-24,002352,160.24
2025-04-25,002352,160.09
2025-04-28,002352,159.57
2025-04-29,002352,160.09
2025-04-30,002352,160.68
2025-05-06,002352,161.71
2025-05-07,002352,162.19
2025-05-08,002352,160.72
2025-05-09,002352,161.23
2025-05-12,002352,159.31
2025-05-13,002352,160.12
2025-05-14,002352,162.41
2025-05-15,002352,161.64
2025-05-16,002352,159.31
2025-05-19,002352,158.76
2025-05-20,002352,169.28
2025-05-21,002352,171.68
2025-05-22,002352,170.76
2025-05-23,002352,168.47
2025-05-26,002352,168.43
2025-05-27,002352,167.51
2025-05-28,002352,172.35
2025-05-29,002352,171.75
2025-05-30,002352,170.39
2025-06-03,002352,176.92
2025-06-04,002352,174.45
2025-06-05,002352,174.93
2025-06-06,002352,173.16
2025-06-09,002352,172.71
2025-06-10,002352,171.46
2025-06-11,002352,173.16
2025-06-12,002352,180.1
2025-06-13,002352,180.87
2025-06-16,002352,183.86
2025-06-17,002352,183.42
2025-06-18,002352,185.16
2025-06-19,002352,181.5
2025-06-20,002352,187.0
2025-06-23,002352,184.23
2025-06-24,002352,187.19
2025-06-25,002352,185.67
2025-06-26,002352,181.47
2025-06-27,002352,179.77
2025-06-30,002352,180.03
2025-07-01,002352,181.65
2025-07-02,002352,178.22
2025-07-03,002352,175.19
2025-07-04,002352,176.89
2025-07-07,002352,176.33
2025-07-08,002352,176.22
2025-07-09,002352,176.0
2025-07-10,002352,177.77
2025-07-11,002352,174.82
2025-07-14,002352,175.3
2025-07-15,002352,173.38
2025-07-16,002352,173.67
2025-07-17,002352,172.77
2025-07-18,002352,177.8
2025-07-21,002352,177.39
2025-07-22,002352,177.99
2025-07-23,002352,177.51
2025-07-24,002352,178.21
2025-07-25,002352,178.7
2025-07-28,002352,177.32
2025-07-29,002352,176.98
2025-07-30,002352,177.69
2025-07-31,002352,171.43
2025-08-01,002352,172.06
2025-08-04,002352,173.07
2025-08-05,002352,173.67
2025-08-06,002352,173.0
2025-08-07,002352,175.6
2025-08-08,002352,177.32
2025-08-11,002352,175.53
2025-08-12,002352,174.71
2025-08-13,002352,174.41
2025-08-14,002352,174.04
2025-08-15,002352,173.33
2025-08-18,002352,174.34
2025-08-19,002352,173.78
2025-08-20,002352,178.88
2025-08-21,002352,179.59
2025-08-22,002352,178.59
2025-08-25,002352,180.15
2025-08-26,002352,182.46
2025-08-27,002352,178.55
2025-08-28,002352,180.38
2025-08-29,002352,166.1
2025-09-01,002352,159.51
2025-09-02,002352,155.85
2025-09-03,002352,156.64
2025-09-04,002352,155.48
2025-09-05,002352,156.6
2025-09-08,002352,158.69
2025-09-09,002352,156.82
2025-09-10,002352,156.82
2025-09-11,002352,156.3
2025-09-12,002352,155.48
2025-09-15,002352,155.26
2025-09-16,002352,155.22
2025-09-17,002352,154.77
2025-09-18,002352,152.73
2025-09-19,002352,154.8
2025-09-22,002352,151.94
2025-09-23,002352,150.96
2025-09-24,002352,152.2
2025-09-25,002352,151.04
2025-09-26,002352,151.0
2025-09-29,002352,150.7
2025-09-30,002352,151.98
2025-10-09,002352,152.43
2025-10-10,002352,155.14
2025-10-13,002352,154.5
2025-10-14,002352,153.49
2025-10-15,002352,154.54
2025-10-16,002352,153.94
2025-10-17,002352,151.07
2025-10-20,002352,151.98
2025-10-21,002352,151.98
2025-10-22,002352,151.41
2025-10-23,002352,150.58
2025-10-24,002352,150.28
2025-10-27,002352,152.92
2025-10-28,002352,152.47
2025-10-29,002352,153.56
2025-10-30,002352,154.24
2025-10-31,002352,151.98
2025-11-03,002352,150.77
2025-11-04,002352,150.17
2025-11-05,002352,149.34
2025-11-06,002352,150.85
2025-11-07,002352,150.66
2025-11-10,002352,153.75
2025-11-11,002352,152.66
2025-11-12,002352,152.24
2025-11-13,002352,152.92
2025-11-14,002352,151.83
2025-11-17,002352,149.83
2025-11-18,002352,149.38
2025-11-19,002352,149.53
2025-11-20,002352,149.34
2025-11-21,002352,147.38
2025-11-24,002352,148.51
2025-11-25,002352,147.91
2025-11-26,002352,147.91
2025-11-27,002352,146.17
2025-11-28,002352,144.59
2025-12-01,002352,144.74
2025-12-02,002352,142.86
2025-12-03,002352,143.2
2025-12-04,002352,142.67
2025-12-05,002352,144.03
2025-12-08,002352,143.5
2025-12-09,002352,141.35
2025-12-10,002352,142.48
2025-12-11,002352,139.73
2025-12-12,002352,141.05
2025-12-15,002352,140.97
2025-12-16,002352,141.8
2025-12-17,002352,142.93
2025-12-18,002352,143.91
2025-12-19,002352,142.63
2025-12-22,002352,144.37
2025-12-23,002352,144.21
2025-12-24,002352,143.91
2025-12-25,002352,144.25
2025-12-26,002352,145.04
2025-12-29,002352,145.57
2025-12-30,002352,144.63
2025-12-31,002352,144.4
2026-01-05,002352,144.14
2026-01-06,002352,147.31
2026-01-07,002352,146.59
2026-01-08,002352,146.59
2026-01-09,002352,146.85
2026-01-12,002352,147.0
2026-01-13,002352,146.7
2026-01-14,002352,145.27
2026-01-15,002352,147.68
2026-01-16,002352,146.25
2026-01-19,002352,146.51
2026-01-20,002352,149.98
2026-01-21,002352,148.85
2026-01-22,002352,149.49
2026-01-23,002352,147.53
2026-01-26,002352,146.02
2026-01-27,002352,142.67
2026-01-28,002352,141.99
2026-01-29,002352,143.65
2026-01-30,002352,141.31
2026-02-02,002352,140.79
2026-02-03,002352,141.95
2026-02-04,002352,144.97
2026-02-05,002352,147.79
2026-02-06,002352,146.44
2026-02-09,002352,146.85
2026-02-10,002352,146.29
2026-02-11,002352,145.31
2026-02-12,002352,143.88
2026-02-13,002352,142.59
2026-02-24,002352,141.88
2026-02-25,002352,141.69
2026-02-26,002352,141.31
2026-02-27,002352,142.71
2026-03-02,002352,139.54
2026-03-03,002352,139.54
2026-03-04,002352,136.75
2026-03-05,002352,138.37
2026-03-06,002352,140.37
2026-03-09,002352,139.09
2026-03-10,002352,140.64
2026-03-11,002352,140.64
2026-03-12,002352,140.71
2026-03-13,002352,143.42
2026-03-16,002352,142.07
2026-03-17,002352,141.28
2026-03-18,002352,139.88
2026-03-19,002352,137.81
2026-03-20,002352,138.64
2026-03-23,002352,132.95
2026-03-24,002352,134.57
2026-03-25,002352,137.28
2026-03-26,002352,138.22
2026-03-27,002352,139.69
2026-03-30,002352,138.52
2026-03-31,002352,143.35
2026-04-01,002352,143.54
2026-04-02,002352,143.73
2026-04-03,002352,141.73
2026-04-07,002352,142.41
2026-04-08,002352,143.01
2026-04-09,002352,141.43
2026-04-10,002352,140.75
2026-04-13,002352,139.32
2026-04-14,002352,140.11
2026-04-15,002352,141.92
2026-04-16,002352,141.54
2026-04-17,002352,138.3
2026-04-20,002352,138.15
2026-04-21,002352,138.94
2026-04-22,002352,138.68
2026-04-23,002352,138.3
2026-04-24,002352,137.54
2026-04-27,002352,138.98
2026-04-28,002352,139.5
2026-04-29,002352,138.83
2026-04-30,002352,139.81
2026-05-06,002352,140.48
2026-05-07,002352,141.58
2026-05-08,002352,142.07
2026-05-11,002352,141.01
2026-05-12,002352,139.28
2026-05-13,002352,138.15
2026-05-14,002352,136.53
2026-05-15,002352,135.1
2020-01-02,002594,49.09
2020-01-03,002594,48.96
2020-01-06,002594,49.2
2020-01-07,002594,48.97
2020-01-08,002594,48.19
2020-01-09,002594,48.56
2020-01-10,002594,47.82
2020-01-13,002594,52.6
2020-01-14,002594,54.46
2020-01-15,002594,54.33
2020-01-16,002594,55.13
2020-01-17,002594,59.06
2020-01-20,002594,59.89
2020-01-21,002594,57.81
2020-01-22,002594,60.4
2020-01-23,002594,60.98
2020-02-03,002594,54.88
2020-02-04,002594,57.44
2020-02-05,002594,61.97
2020-02-06,002594,61.91
2020-02-07,002594,59.01
2020-02-10,002594,62.1
2020-02-11,002594,60.17
2020-02-12,002594,60.32
2020-02-13,002594,58.65
2020-02-14,002594,57.99
2020-02-17,002594,59.6
2020-02-18,002594,60.61
2020-02-19,002594,63.1
2020-02-20,002594,69.4
2020-02-21,002594,68.79
2020-02-24,002594,67.47
2020-02-25,002594,72.21
2020-02-26,002594,73.07
2020-02-27,002594,71.39
2020-02-28,002594,66.62
2020-03-02,002594,68.13
2020-03-03,002594,69.17
2020-03-04,002594,67.85
2020-03-05,002594,68.09
2020-03-06,002594,66.61
2020-03-09,002594,60.59
2020-03-10,002594,61.32
2020-03-11,002594,59.87
2020-03-12,002594,58.12
2020-03-13,002594,56.73
2020-03-16,002594,54.91
2020-03-17,002594,54.06
2020-03-18,002594,53.09
2020-03-19,002594,52.34
2020-03-20,002594,53.53
2020-03-23,002594,49.07
2020-03-24,002594,50.68
2020-03-25,002594,53.25
2020-03-26,002594,55.31
2020-03-27,002594,55.83
2020-03-30,002594,57.31
2020-03-31,002594,61.12
2020-04-01,002594,58.21
2020-04-02,002594,57.67
2020-04-03,002594,56.05
2020-04-07,002594,57.39
2020-04-08,002594,56.38
2020-04-09,002594,56.72
2020-04-10,002594,55.61
2020-04-13,002594,56.87
2020-04-14,002594,59.03
2020-04-15,002594,61.29
2020-04-16,002594,61.16
2020-04-17,002594,59.93
2020-04-20,002594,59.99
2020-04-21,002594,60.51
2020-04-22,002594,60.57
2020-04-23,002594,59.37
2020-04-24,002594,59.85
2020-04-27,002594,58.07
2020-04-28,002594,58.07
2020-04-29,002594,59.11
2020-04-30,002594,61.11
2020-05-06,002594,63.37
2020-05-07,002594,61.24
2020-05-08,002594,60.92
2020-05-11,002594,60.01
2020-05-12,002594,60.26
2020-05-13,002594,60.12
2020-05-14,002594,58.79
2020-05-15,002594,59.07
2020-05-18,002594,58.27
2020-05-19,002594,59.33
2020-05-20,002594,60.14
2020-05-21,002594,58.24
2020-05-22,002594,57.1
2020-05-25,002594,57.6
2020-05-26,002594,59.42
2020-05-27,002594,58.4
2020-05-28,002594,58.58
2020-05-29,002594,58.51
2020-06-01,002594,60.47
2020-06-02,002594,62.17
2020-06-03,002594,61.08
2020-06-04,002594,61.26
2020-06-05,002594,64.41
2020-06-08,002594,63.99
2020-06-09,002594,63.17
2020-06-10,002594,62.22
2020-06-11,002594,64.04
2020-06-12,002594,62.66
2020-06-15,002594,63.7
2020-06-16,002594,65.33
2020-06-17,002594,65.34
2020-06-18,002594,68.02
2020-06-19,002594,68.27
2020-06-22,002594,69.3
2020-06-23,002594,72.39
2020-06-24,002594,73.07
2020-06-29,002594,71.95
2020-06-30,002594,73.17
2020-07-01,002594,73.86
2020-07-02,002594,73.52
2020-07-03,002594,80.87
2020-07-06,002594,82.45
2020-07-07,002594,84.59
2020-07-08,002594,84.33
2020-07-09,002594,86.08
2020-07-10,002594,90.7
2020-07-13,002594,99.77
2020-07-14,002594,98.4
2020-07-15,002594,96.31
2020-07-16,002594,86.68
2020-07-17,002594,83.15
2020-07-20,002594,88.84
2020-07-21,002594,89.78
2020-07-22,002594,88.86
2020-07-23,002594,90.69
2020-07-24,002594,84.59
2020-07-27,002594,85.12
2020-07-28,002594,85.52
2020-07-29,002594,88.59
2020-07-30,002594,86.63
2020-07-31,002594,87.03
2020-08-03,002594,87.82
2020-08-04,002594,90.7
2020-08-05,002594,89.84
2020-08-06,002594,90.43
2020-08-07,002594,87.01
2020-08-10,002594,83.55
2020-08-11,002594,82.55
2020-08-12,002594,83.55
2020-08-13,002594,83.37
2020-08-14,002594,83.5
2020-08-17,002594,84.51
2020-08-18,002594,83.81
2020-08-19,002594,81.23
2020-08-20,002594,80.11
2020-08-21,002594,81.16
2020-08-24,002594,83.06
2020-08-25,002594,82.86
2020-08-26,002594,85.08
2020-08-27,002594,87.12
2020-08-28,002594,87.09
2020-08-31,002594,86.69
2020-09-01,002594,95.36
2020-09-02,002594,96.18
2020-09-03,002594,94.43
2020-09-04,002594,91.79
2020-09-07,002594,96.62
2020-09-08,002594,92.81
2020-09-09,002594,87.7
2020-09-10,002594,88.82
2020-09-11,002594,93.01
2020-09-14,002594,94.34
2020-09-15,002594,103.31
2020-09-16,002594,107.5
2020-09-17,002594,118.25
2020-09-18,002594,117.8
2020-09-21,002594,107.87
2020-09-22,002594,108.89
2020-09-23,002594,112.6
2020-09-24,002594,108.52
2020-09-25,002594,107.18
2020-09-28,002594,108.52
2020-09-29,002594,110.04
2020-09-30,002594,118.55
2020-10-09,002594,122.74
2020-10-12,002594,131.06
2020-10-13,002594,131.86
2020-10-14,002594,133.1
2020-10-15,002594,134.17
2020-10-16,002594,130.34
2020-10-19,002594,130.63
2020-10-20,002594,142.78
2020-10-21,002594,140.23
2020-10-22,002594,146.65
2020-10-23,002594,141.43
2020-10-26,002594,142.74
2020-10-27,002594,143.07
2020-10-28,002594,154.61
2020-10-29,002594,161.53
2020-10-30,002594,162.99
2020-11-02,002594,171.32
2020-11-03,002594,167.34
2020-11-04,002594,171.37
2020-11-05,002594,188.51
2020-11-06,002594,194.23
2020-11-09,002594,194.75
2020-11-10,002594,186.21
2020-11-11,002594,167.62
2020-11-12,002594,172.7
2020-11-13,002594,179.4
2020-11-16,002594,173.4
2020-11-17,002594,170.32
2020-11-18,002594,170.32
2020-11-19,002594,164.83
2020-11-20,002594,179.56
2020-11-23,002594,187.86
2020-11-24,002594,187.85
2020-11-25,002594,187.18
2020-11-26,002594,179.32
2020-11-27,002594,177.56
2020-11-30,002594,175.57
2020-12-01,002594,180.33
2020-12-02,002594,173.13
2020-12-03,002594,174.49
2020-12-04,002594,175.28
2020-12-07,002594,178.78
2020-12-08,002594,181.51
2020-12-09,002594,176.69
2020-12-10,002594,172.89
2020-12-11,002594,170.32
2020-12-14,002594,173.58
2020-12-15,002594,178.17
2020-12-16,002594,175.29
2020-12-17,002594,175.21
2020-12-18,002594,179.5
2020-12-21,002594,197.45
2020-12-22,002594,187.66
2020-12-23,002594,190.5
2020-12-24,002594,186.64
2020-12-25,002594,188.9
2020-12-28,002594,191.67
2020-12-29,002594,182.15
2020-12-30,002594,189.7
2020-12-31,002594,198.16
2021-01-04,002594,210.87
2021-01-05,002594,224.27
2021-01-06,002594,220.6
2021-01-07,002594,229.52
2021-01-08,002594,232.03
2021-01-11,002594,239.53
2021-01-12,002594,241.7
2021-01-13,002594,244.06
2021-01-14,002594,228.4
2021-01-15,002594,229.68
2021-01-18,002594,226.1
2021-01-19,002594,220.5
2021-01-20,002594,226.41
2021-01-21,002594,240.2
2021-01-22,002594,247.75
2021-01-25,002594,265.17
2021-01-26,002594,259.28
2021-01-27,002594,262.11
2021-01-28,002594,249.22
2021-01-29,002594,251.91
2021-02-01,002594,251.8
2021-02-02,002594,272.82
2021-02-03,002594,268.23
2021-02-04,002594,265.07
2021-02-05,002594,253.95
2021-02-08,002594,255.18
2021-02-09,002594,262.11
2021-02-10,002594,272.26
2021-02-18,002594,264.14
2021-02-19,002594,262.47
2021-02-22,002594,244.28
2021-02-23,002594,229.47
2021-02-24,002594,213.15
2021-02-25,002594,213.41
2021-02-26,002594,201.19
2021-03-01,002594,215.09
2021-03-02,002594,215.6
2021-03-03,002594,213.92
2021-03-04,002594,202.45
2021-03-05,002594,200.28
2021-03-08,002594,180.24
2021-03-09,002594,174.07
2021-03-10,002594,180.71
2021-03-11,002594,186.61
2021-03-12,002594,185.29
2021-03-15,002594,177.73
2021-03-16,002594,179.98
2021-03-17,002594,180.4
2021-03-18,002594,182.1
2021-03-19,002594,174.55
2021-03-22,002594,177.26
2021-03-23,002594,172.33
2021-03-24,002594,165.98
2021-03-25,002594,164.41
2021-03-26,002594,174.39
2021-03-29,002594,171.44
2021-03-30,002594,172.36
2021-03-31,002594,167.78
2021-04-01,002594,172.43
2021-04-02,002594,179.37
2021-04-06,002594,179.59
2021-04-07,002594,174.39
2021-04-08,002594,173.87
2021-04-09,002594,170.04
2021-04-12,002594,166.71
2021-04-13,002594,167.27
2021-04-14,002594,174.35
2021-04-15,002594,168.79
2021-04-16,002594,168.59
2021-04-19,002594,179.55
2021-04-20,002594,174.65
2021-04-21,002594,171.94
2021-04-22,002594,172.07
2021-04-23,002594,172.62
2021-04-26,002594,170.83
2021-04-27,002594,168.22
2021-04-28,002594,168.79
2021-04-29,002594,166.19
2021-04-30,002594,161.72
2021-05-06,002594,152.98
2021-05-07,002594,146.81
2021-05-10,002594,149.92
2021-05-11,002594,149.47
2021-05-12,002594,156.79
2021-05-13,002594,151.95
2021-05-14,002594,156.58
2021-05-17,002594,162.96
2021-05-18,002594,161.86
2021-05-19,002594,176.22
2021-05-20,002594,176.38
2021-05-21,002594,176.64
2021-05-24,002594,176.92
2021-05-25,002594,180.03
2021-05-26,002594,179.67
2021-05-27,002594,180.98
2021-05-28,002594,185.29
2021-05-31,002594,182.25
2021-06-01,002594,193.23
2021-06-02,002594,190.21
2021-06-03,002594,187.56
2021-06-04,002594,193.17
2021-06-07,002594,194.14
2021-06-08,002594,206.84
2021-06-09,002594,206.02
2021-06-10,002594,218.37
2021-06-11,002594,231.53
2021-06-15,002594,236.94
2021-06-16,002594,215.2
2021-06-17,002594,236.72
2021-06-18,002594,249.87
2021-06-21,002594,247.4
2021-06-22,002594,242.61
2021-06-23,002594,248.14
2021-06-24,002594,249.76
2021-06-25,002594,249.86
2021-06-28,002594,258.67
2021-06-29,002594,258.34
2021-06-30,002594,255.99
2021-07-01,002594,241.31
2021-07-02,002594,243.79
2021-07-05,002594,254.51
2021-07-06,002594,255.48
2021-07-07,002594,260.16
2021-07-08,002594,256.97
2021-07-09,002594,253.77
2021-07-12,002594,271.78
2021-07-13,002594,270.37
2021-07-14,002594,250.17
2021-07-15,002594,241.1
2021-07-16,002594,227.35
2021-07-19,002594,228.42
2021-07-20,002594,232.02
2021-07-21,002594,246.03
2021-07-22,002594,253.91
2021-07-23,002594,263.82
2021-07-26,002594,253.49
2021-07-27,002594,243.46
2021-07-28,002594,241.2
2021-07-29,002594,262.31
2021-07-30,002594,269.97
2021-08-02,002594,296.97
2021-08-03,002594,285.65
2021-08-04,002594,314.22
2021-08-05,002594,305.42
2021-08-06,002594,309.67
2021-08-09,002594,299.54
2021-08-10,002594,297.95
2021-08-11,002594,301.01
2021-08-12,002594,315.28
2021-08-13,002594,306.14
2021-08-16,002594,291.22
2021-08-17,002594,286.03
2021-08-18,002594,289.44
2021-08-19,002594,299.71
2021-08-20,002594,290.9
2021-08-23,002594,295.71
2021-08-24,002594,304.33
2021-08-25,002594,302.24
2021-08-26,002594,288.26
2021-08-27,002594,294.03
2021-08-30,002594,287.72
2021-08-31,002594,282.65
2021-09-01,002594,271.73
2021-09-02,002594,272.44
2021-09-03,002594,259.29
2021-09-06,002594,283.26
2021-09-07,002594,281.58
2021-09-08,002594,275.09
2021-09-09,002594,277.25
2021-09-10,002594,271.03
2021-09-13,002594,266.69
2021-09-14,002594,274.72
2021-09-15,002594,266.48
2021-09-16,002594,256.12
2021-09-17,002594,260.32
2021-09-22,002594,252.24
2021-09-23,002594,255.02
2021-09-24,002594,256.9
2021-09-27,002594,257.65
2021-09-28,002594,251.89
2021-09-29,002594,240.81
2021-09-30,002594,254.6
2021-10-08,002594,258.16
2021-10-11,002594,260.96
2021-10-12,002594,262.25
2021-10-13,002594,276.73
2021-10-14,002594,278.51
2021-10-15,002594,289.11
2021-10-18,002594,291.75
2021-10-19,002594,290.6
2021-10-20,002594,296.53
2021-10-21,002594,292.86
2021-10-22,002594,306.12
2021-10-25,002594,323.82
2021-10-26,002594,325.51
2021-10-27,002594,328.3
2021-10-28,002594,314.26
2021-10-29,002594,317.66
2021-11-01,002594,308.16
2021-11-02,002594,320.28
2021-11-03,002594,309.19
2021-11-04,002594,331.63
2021-11-05,002594,320.4
2021-11-08,002594,321.42
2021-11-09,002594,327.23
2021-11-10,002594,316.59
2021-11-11,002594,318.35
2021-11-12,002594,313.04
2021-11-15,002594,300.95
2021-11-16,002594,299.49
2021-11-17,002594,302.9
2021-11-18,002594,301.42
2021-11-19,002594,302.87
2021-11-22,002594,317.34
2021-11-23,002594,314.77
2021-11-24,002594,309.38
2021-11-25,002594,304.08
2021-11-26,002594,303.73
2021-11-29,002594,310.67
2021-11-30,002594,310.91
2021-12-01,002594,311.55
2021-12-02,002594,315.1
2021-12-03,002594,313.16
2021-12-06,002594,307.9
2021-12-07,002594,300.81
2021-12-08,002594,306.92
2021-12-09,002594,305.61
2021-12-10,002594,307.57
2021-12-13,002594,304.48
2021-12-14,002594,299.38
2021-12-15,002594,299.33
2021-12-16,002594,292.04
2021-12-17,002594,284.67
2021-12-20,002594,276.02
2021-12-21,002594,281.84
2021-12-22,002594,284.91
2021-12-23,002594,285.7
2021-12-24,002594,275.51
2021-12-27,002594,272.47
2021-12-28,002594,276.37
2021-12-29,002594,274.49
2021-12-30,002594,272.58
2021-12-31,002594,273.59
2022-01-04,002594,276.53
2022-01-05,002594,258.42
2022-01-06,002594,255.12
2022-01-07,002594,251.53
2022-01-10,002594,251.32
2022-01-11,002594,243.97
2022-01-12,002594,261.22
2022-01-13,002594,260.52
2022-01-14,002594,258.3
2022-01-17,002594,271.92
2022-01-18,002594,271.51
2022-01-19,002594,258.13
2022-01-20,002594,256.19
2022-01-21,002594,255.51
2022-01-24,002594,256.53
2022-01-25,002594,245.21
2022-01-26,002594,254.58
2022-01-27,002594,246.19
2022-01-28,002594,231.42
2022-02-07,002594,249.38
2022-02-08,002594,241.8
2022-02-09,002594,250.18
2022-02-10,002594,245.02
2022-02-11,002594,234.88
2022-02-14,002594,236.71
2022-02-15,002594,243.17
2022-02-16,002594,245.51
2022-02-17,002594,250.41
2022-02-18,002594,247.91
2022-02-21,002594,246.82
2022-02-22,002594,242.29
2022-02-23,002594,257.14
2022-02-24,002594,249.85
2022-02-25,002594,252.89
2022-02-28,002594,254.69
2022-03-01,002594,256.91
2022-03-02,002594,253.67
2022-03-03,002594,250.21
2022-03-04,002594,238.57
2022-03-07,002594,228.17
2022-03-08,002594,220.6
2022-03-09,002594,228.15
2022-03-10,002594,233.77
2022-03-11,002594,234.54
2022-03-14,002594,223.47
2022-03-15,002594,217.14
2022-03-16,002594,234.11
2022-03-17,002594,239.69
2022-03-18,002594,239.28
2022-03-21,002594,250.38
2022-03-22,002594,249.79
2022-03-23,002594,252.21
2022-03-24,002594,252.12
2022-03-25,002594,240.11
2022-03-28,002594,235.1
2022-03-29,002594,235.71
2022-03-30,002594,241.85
2022-03-31,002594,234.49
2022-04-01,002594,240.77
2022-04-06,002594,246.83
2022-04-07,002594,244.89
2022-04-08,002594,248.95
2022-04-11,002594,237.75
2022-04-12,002594,243.02
2022-04-13,002594,241.83
2022-04-14,002594,246.21
2022-04-15,002594,241.02
2022-04-18,002594,243.98
2022-04-19,002594,249.85
2022-04-20,002594,246.71
2022-04-21,002594,238.81
2022-04-22,002594,240.2
2022-04-25,002594,232.14
2022-04-26,002594,236.54
2022-04-27,002594,239.8
2022-04-28,002594,236.71
2022-04-29,002594,247.95
2022-05-05,002594,253.87
2022-05-06,002594,247.02
2022-05-09,002594,237.48
2022-05-10,002594,238.09
2022-05-11,002594,257.85
2022-05-12,002594,259.27
2022-05-13,002594,275.59
2022-05-16,002594,272.57
2022-05-17,002594,288.26
2022-05-18,002594,287.16
2022-05-19,002594,290.31
2022-05-20,002594,293.57
2022-05-23,002594,301.22
2022-05-24,002594,286.73
2022-05-25,002594,293.06
2022-05-26,002594,292.48
2022-05-27,002594,294.77
2022-05-30,002594,304.2
2022-05-31,002594,301.94
2022-06-01,002594,306.1
2022-06-02,002594,307.16
2022-06-06,002594,324.72
2022-06-07,002594,321.31
2022-06-08,002594,334.09
2022-06-09,002594,328.98
2022-06-10,002594,355.91
2022-06-13,002594,355.91
2022-06-14,002594,350.6
2022-06-15,002594,341.83
2022-06-16,002594,342.85
2022-06-17,002594,344.89
2022-06-20,002594,349.16
2022-06-21,002594,347.95
2022-06-22,002594,346.81
2022-06-23,002594,360.71
2022-06-24,002594,358.21
2022-06-27,002594,356.82
2022-06-28,002594,360.1
2022-06-29,002594,338.37
2022-06-30,002594,340.29
2022-07-01,002594,335.91
2022-07-04,002594,343.01
2022-07-05,002594,340.7
2022-07-06,002594,342.95
2022-07-07,002594,356.5
2022-07-08,002594,344.89
2022-07-11,002594,330.91
2022-07-12,002594,315.3
2022-07-13,002594,316.2
2022-07-14,002594,329.59
2022-07-15,002594,345.09
2022-07-18,002594,343.97
2022-07-19,002594,337.85
2022-07-20,002594,338.46
2022-07-21,002594,331.12
2022-07-22,002594,336.34
2022-07-25,002594,329.54
2022-07-26,002594,331.63
2022-07-27,002594,332.44
2022-07-28,002594,332.07
2022-07-29,002594,327.0
2022-08-01,002594,337.39
2022-08-02,002594,333.37
2022-08-03,002594,328.66
2022-08-04,002594,333.57
2022-08-05,002594,331.21
2022-08-08,002594,328.01
2022-08-09,002594,326.34
2022-08-10,002594,314.74
2022-08-11,002594,321.55
2022-08-12,002594,318.39
2022-08-15,002594,321.74
2022-08-16,002594,325.53
2022-08-17,002594,334.72
2022-08-18,002594,332.8
2022-08-19,002594,326.01
2022-08-22,002594,329.78
2022-08-23,002594,328.27
2022-08-24,002594,315.91
2022-08-25,002594,315.99
2022-08-26,002594,322.27
2022-08-29,002594,320.05
2022-08-30,002594,317.29
2022-08-31,002594,293.95
2022-09-01,002594,292.64
2022-09-02,002594,287.84
2022-09-05,002594,274.33
2022-09-06,002594,278.6
2022-09-07,002594,288.56
2022-09-08,002594,284.03
2022-09-09,002594,285.5
2022-09-13,002594,290.7
2022-09-14,002594,284.1
2022-09-15,002594,275.08
2022-09-16,002594,271.49
2022-09-19,002594,275.95
2022-09-20,002594,279.89
2022-09-21,002594,275.59
2022-09-22,002594,274.11
2022-09-23,002594,271.92
2022-09-26,002594,278.61
2022-09-27,002594,279.64
2022-09-28,002594,271.12
2022-09-29,002594,270.05
2022-09-30,002594,257.23
2022-10-10,002594,256.4
2022-10-11,002594,260.29
2022-10-12,002594,267.78
2022-10-13,002594,263.53
2022-10-14,002594,270.02
2022-10-17,002594,266.06
2022-10-18,002594,279.34
2022-10-19,002594,273.04
2022-10-20,002594,268.97
2022-10-21,002594,271.82
2022-10-24,002594,260.87
2022-10-25,002594,263.25
2022-10-26,002594,263.21
2022-10-27,002594,260.28
2022-10-28,002594,244.86
2022-10-31,002594,251.78
2022-11-01,002594,267.24
2022-11-02,002594,273.1
2022-11-03,002594,273.53
2022-11-04,002594,286.01
2022-11-07,002594,284.66
2022-11-08,002594,282.14
2022-11-09,002594,275.22
2022-11-10,002594,265.65
2022-11-11,002594,274.37
2022-11-14,002594,269.26
2022-11-15,002594,272.53
2022-11-16,002594,266.49
2022-11-17,002594,262.33
2022-11-18,002594,259.96
2022-11-21,002594,259.47
2022-11-22,002594,255.68
2022-11-23,002594,256.71
2022-11-24,002594,254.56
2022-11-25,002594,250.13
2022-11-28,002594,250.19
2022-11-29,002594,253.44
2022-11-30,002594,264.9
2022-12-01,002594,272.19
2022-12-02,002594,267.51
2022-12-05,002594,268.82
2022-12-06,002594,273.14
2022-12-07,002594,279.41
2022-12-08,002594,279.97
2022-12-09,002594,280.39
2022-12-12,002594,275.47
2022-12-13,002594,275.39
2022-12-14,002594,271.92
2022-12-15,002594,277.08
2022-12-16,002594,276.12
2022-12-19,002594,272.02
2022-12-20,002594,267.02
2022-12-21,002594,266.2
2022-12-22,002594,264.56
2022-12-23,002594,257.41
2022-12-26,002594,267.86
2022-12-27,002594,267.55
2022-12-28,002594,259.9
2022-12-29,002594,260.04
2022-12-30,002594,262.29
2023-01-03,002594,265.88
2023-01-04,002594,264.47
2023-01-05,002594,270.57
2023-01-06,002594,271.72
2023-01-09,002594,268.84
2023-01-10,002594,272.11
2023-01-11,002594,274.56
2023-01-12,002594,283.05
2023-01-13,002594,284.35
2023-01-16,002594,279.47
2023-01-17,002594,275.58
2023-01-18,002594,274.57
2023-01-19,002594,276.1
2023-01-20,002594,275.67
2023-01-30,002594,287.83
2023-01-31,002594,291.72
2023-02-01,002594,310.64
2023-02-02,002594,308.89
2023-02-03,002594,301.11
2023-02-06,002594,295.99
2023-02-07,002594,294.99
2023-02-08,002594,291.58
2023-02-09,002594,294.3
2023-02-10,002594,287.7
2023-02-13,002594,288.17
2023-02-14,002594,287.81
2023-02-15,002594,284.78
2023-02-16,002594,282.76
2023-02-17,002594,277.29
2023-02-20,002594,278.45
2023-02-21,002594,280.44
2023-02-22,002594,276.02
2023-02-23,002594,276.04
2023-02-24,002594,273.12
2023-02-27,002594,265.19
2023-02-28,002594,266.2
2023-03-01,002594,271.0
2023-03-02,002594,269.17
2023-03-03,002594,269.26
2023-03-06,002594,269.75
2023-03-07,002594,266.08
2023-03-08,002594,262.31
2023-03-09,002594,261.38
2023-03-10,002594,248.18
2023-03-13,002594,245.47
2023-03-14,002594,244.95
2023-03-15,002594,243.56
2023-03-16,002594,239.65
2023-03-17,002594,242.84
2023-03-20,002594,240.45
2023-03-21,002594,244.47
2023-03-22,002594,248.24
2023-03-23,002594,250.58
2023-03-24,002594,251.12
2023-03-27,002594,248.7
2023-03-28,002594,250.09
2023-03-29,002594,252.83
2023-03-30,002594,262.53
2023-03-31,002594,261.32
2023-04-03,002594,261.22
2023-04-04,002594,256.12
2023-04-06,002594,255.18
2023-04-07,002594,254.45
2023-04-10,002594,256.2
2023-04-11,002594,255.01
2023-04-12,002594,248.44
2023-04-13,002594,247.85
2023-04-14,002594,251.16
2023-04-17,002594,254.61
2023-04-18,002594,254.16
2023-04-19,002594,256.05
2023-04-20,002594,250.1
2023-04-21,002594,248.03
2023-04-24,002594,258.74
2023-04-25,002594,249.36
2023-04-26,002594,256.2
2023-04-27,002594,264.28
2023-04-28,002594,261.16
2023-05-04,002594,257.75
2023-05-05,002594,255.25
2023-05-08,002594,259.29
2023-05-09,002594,255.29
2023-05-10,002594,265.17
2023-05-11,002594,269.21
2023-05-12,002594,265.49
2023-05-15,002594,270.39
2023-05-16,002594,270.62
2023-05-17,002594,266.41
2023-05-18,002594,264.45
2023-05-19,002594,264.55
2023-05-22,002594,270.59
2023-05-23,002594,268.38
2023-05-24,002594,267.34
2023-05-25,002594,260.9
2023-05-26,002594,252.11
2023-05-29,002594,250.0
2023-05-30,002594,257.43
2023-05-31,002594,258.92
2023-06-01,002594,260.74
2023-06-02,002594,264.43
2023-06-05,002594,263.67
2023-06-06,002594,266.29
2023-06-07,002594,261.87
2023-06-08,002594,260.28
2023-06-09,002594,263.35
2023-06-12,002594,265.91
2023-06-13,002594,266.63
2023-06-14,002594,268.45
2023-06-15,002594,277.51
2023-06-16,002594,276.7
2023-06-19,002594,274.79
2023-06-20,002594,273.81
2023-06-21,002594,273.33
2023-06-26,002594,268.34
2023-06-27,002594,265.44
2023-06-28,002594,265.64
2023-06-29,002594,261.0
2023-06-30,002594,263.62
2023-07-03,002594,273.02
2023-07-04,002594,277.13
2023-07-05,002594,272.53
2023-07-06,002594,273.66
2023-07-07,002594,269.88
2023-07-10,002594,269.01
2023-07-11,002594,274.91
2023-07-12,002594,271.11
2023-07-13,002594,273.38
2023-07-14,002594,269.89
2023-07-17,002594,269.97
2023-07-18,002594,270.98
2023-07-19,002594,270.32
2023-07-20,002594,270.44
2023-07-21,002594,269.8
2023-07-24,002594,262.84
2023-07-25,002594,270.07
2023-07-26,002594,267.52
2023-07-27,002594,267.05
2023-07-28,002594,273.73
2023-07-31,002594,278.85
2023-08-01,002594,275.26
2023-08-02,002594,274.75
2023-08-03,002594,274.99
2023-08-04,002594,275.06
2023-08-07,002594,273.72
2023-08-08,002594,269.93
2023-08-09,002594,269.52
2023-08-10,002594,269.32
2023-08-11,002594,265.78
2023-08-14,002594,252.01
2023-08-15,002594,250.7
2023-08-16,002594,250.35
2023-08-17,002594,252.21
2023-08-18,002594,246.34
2023-08-21,002594,240.32
2023-08-22,002594,240.45
2023-08-23,002594,235.89
2023-08-24,002594,240.82
2023-08-25,002594,238.46
2023-08-28,002594,241.46
2023-08-29,002594,252.93
2023-08-30,002594,256.09
2023-08-31,002594,255.68
2023-09-01,002594,255.4
2023-09-04,002594,258.81
2023-09-05,002594,255.3
2023-09-06,002594,256.76
2023-09-07,002594,254.66
2023-09-08,002594,250.2
2023-09-11,002594,253.23
2023-09-12,002594,258.34
2023-09-13,002594,257.89
2023-09-14,002594,249.77
2023-09-15,002594,250.44
2023-09-18,002594,253.61
2023-09-19,002594,253.4
2023-09-20,002594,250.15
2023-09-21,002594,245.72
2023-09-22,002594,251.22
2023-09-25,002594,251.99
2023-09-26,002594,244.51
2023-09-27,002594,243.82
2023-09-28,002594,242.66
2023-10-09,002594,243.97
2023-10-10,002594,243.9
2023-10-11,002594,244.6
2023-10-12,002594,250.61
2023-10-13,002594,246.42
2023-10-16,002594,243.49
2023-10-17,002594,244.0
2023-10-18,002594,255.35
2023-10-19,002594,246.66
2023-10-20,002594,245.23
2023-10-23,002594,244.66
2023-10-24,002594,241.48
2023-10-25,002594,243.38
2023-10-26,002594,244.62
2023-10-27,002594,248.05
2023-10-30,002594,250.76
2023-10-31,002594,244.55
2023-11-01,002594,242.15
2023-11-02,002594,240.72
2023-11-03,002594,244.66
2023-11-06,002594,249.02
2023-11-07,002594,247.04
2023-11-08,002594,246.05
2023-11-09,002594,245.33
2023-11-10,002594,242.93
2023-11-13,002594,243.09
2023-11-14,002594,243.62
2023-11-15,002594,244.65
2023-11-16,002594,244.3
2023-11-17,002594,242.73
2023-11-20,002594,240.92
2023-11-21,002594,240.1
2023-11-22,002594,235.79
2023-11-23,002594,234.6
2023-11-24,002594,222.31
2023-11-27,002594,214.16
2023-11-28,002594,215.2
2023-11-29,002594,207.07
2023-11-30,002594,204.17
2023-12-01,002594,202.01
2023-12-04,002594,201.34
2023-12-05,002594,201.29
2023-12-06,002594,206.26
2023-12-07,002594,204.48
2023-12-08,002594,203.55
2023-12-11,002594,204.21
2023-12-12,002594,201.28
2023-12-13,002594,196.63
2023-12-14,002594,196.0
2023-12-15,002594,198.15
2023-12-18,002594,193.82
2023-12-19,002594,192.74
2023-12-20,002594,189.54
2023-12-21,002594,194.46
2023-12-22,002594,197.09
2023-12-25,002594,197.02
2023-12-26,002594,196.58
2023-12-27,002594,196.27
2023-12-28,002594,203.04
2023-12-29,002594,202.99
2024-01-02,002594,197.45
2024-01-03,002594,198.04
2024-01-04,002594,197.88
2024-01-05,002594,197.53
2024-01-08,002594,194.17
2024-01-09,002594,197.72
2024-01-10,002594,195.08
2024-01-11,002594,201.74
2024-01-12,002594,200.8
2024-01-15,002594,199.51
2024-01-16,002594,200.22
2024-01-17,002594,191.51
2024-01-18,002594,195.28
2024-01-19,002594,194.11
2024-01-22,002594,190.01
2024-01-23,002594,192.58
2024-01-24,002594,193.45
2024-01-25,002594,194.68
2024-01-26,002594,190.54
2024-01-29,002594,182.94
2024-01-30,002594,176.3
2024-01-31,002594,175.03
2024-02-01,002594,175.2
2024-02-02,002594,171.21
2024-02-05,002594,172.23
2024-02-06,002594,180.3
2024-02-07,002594,184.08
2024-02-08,002594,185.73
2024-02-19,002594,188.12
2024-02-20,002594,183.53
2024-02-21,002594,187.61
2024-02-22,002594,187.6
2024-02-23,002594,187.28
2024-02-26,002594,190.69
2024-02-27,002594,198.58
2024-02-28,002594,192.74
2024-02-29,002594,196.02
2024-03-01,002594,197.02
2024-03-04,002594,194.04
2024-03-05,002594,195.63
2024-03-06,002594,196.48
2024-03-07,002594,193.65
2024-03-08,002594,192.83
2024-03-11,002594,203.75
2024-03-12,002594,210.27
2024-03-13,002594,211.56
2024-03-14,002594,217.42
2024-03-15,002594,214.75
2024-03-18,002594,223.52
2024-03-19,002594,222.26
2024-03-20,002594,223.98
2024-03-21,002594,224.47
2024-03-22,002594,222.42
2024-03-25,002594,219.6
2024-03-26,002594,225.13
2024-03-27,002594,217.32
2024-03-28,002594,213.63
2024-03-29,002594,208.18
2024-04-01,002594,217.35
2024-04-02,002594,217.69
2024-04-03,002594,213.4
2024-04-08,002594,217.34
2024-04-09,002594,217.42
2024-04-10,002594,217.18
2024-04-11,002594,218.35
2024-04-12,002594,215.91
2024-04-15,002594,219.0
2024-04-16,002594,216.96
2024-04-17,002594,218.37
2024-04-18,002594,218.98
2024-04-19,002594,215.42
2024-04-22,002594,213.81
2024-04-23,002594,210.21
2024-04-24,002594,212.65
2024-04-25,002594,214.2
2024-04-26,002594,224.9
2024-04-29,002594,226.96
2024-04-30,002594,224.01
2024-05-06,002594,232.0
2024-05-07,002594,235.67
2024-05-08,002594,231.93
2024-05-09,002594,233.9
2024-05-10,002594,233.54
2024-05-13,002594,231.39
2024-05-14,002594,230.58
2024-05-15,002594,224.66
2024-05-16,002594,223.81
2024-05-17,002594,225.12
2024-05-20,002594,228.49
2024-05-21,002594,224.29
2024-05-22,002594,222.39
2024-05-23,002594,220.37
2024-05-24,002594,214.57
2024-05-27,002594,213.6
2024-05-28,002594,212.6
2024-05-29,002594,230.36
2024-05-30,002594,233.6
2024-05-31,002594,234.79
2024-06-03,002594,243.07
2024-06-04,002594,244.15
2024-06-05,002594,246.86
2024-06-06,002594,244.51
2024-06-07,002594,241.43
2024-06-11,002594,250.79
2024-06-12,002594,249.02
2024-06-13,002594,259.36
2024-06-14,002594,259.43
2024-06-17,002594,263.69
2024-06-18,002594,262.08
2024-06-19,002594,260.4
2024-06-20,002594,257.84
2024-06-21,002594,256.99
2024-06-24,002594,256.24
2024-06-25,002594,260.41
2024-06-26,002594,259.09
2024-06-27,002594,255.79
2024-06-28,002594,256.56
2024-07-01,002594,253.02
2024-07-02,002594,250.12
2024-07-03,002594,249.22
2024-07-04,002594,250.79
2024-07-05,002594,248.13
2024-07-08,002594,251.16
2024-07-09,002594,258.96
2024-07-10,002594,258.86
2024-07-11,002594,259.44
2024-07-12,002594,269.24
2024-07-15,002594,268.3
2024-07-16,002594,265.52
2024-07-17,002594,266.05
2024-07-18,002594,268.02
2024-07-19,002594,270.71
2024-07-22,002594,272.3
2024-07-23,002594,259.61
2024-07-24,002594,256.29
2024-07-25,002594,256.7
2024-07-26,002594,261.37
2024-07-29,002594,258.52
2024-07-30,002594,253.13
2024-07-31,002594,256.39
2024-08-01,002594,253.43
2024-08-02,002594,243.66
2024-08-05,002594,239.92
2024-08-06,002594,237.6
2024-08-07,002594,237.61
2024-08-08,002594,235.01
2024-08-09,002594,240.38
2024-08-12,002594,239.11
2024-08-13,002594,237.38
2024-08-14,002594,235.17
2024-08-15,002594,240.24
2024-08-16,002594,244.0
2024-08-19,002594,244.32
2024-08-20,002594,245.42
2024-08-21,002594,250.11
2024-08-22,002594,249.61
2024-08-23,002594,248.39
2024-08-26,002594,248.46
2024-08-27,002594,249.9
2024-08-28,002594,245.8
2024-08-29,002594,243.73
2024-08-30,002594,258.85
2024-09-02,002594,250.21
2024-09-03,002594,256.42
2024-09-04,002594,259.78
2024-09-05,002594,262.41
2024-09-06,002594,261.11
2024-09-09,002594,259.43
2024-09-10,002594,259.09
2024-09-11,002594,267.86
2024-09-12,002594,266.73
2024-09-13,002594,264.63
2024-09-18,002594,268.2
2024-09-19,002594,265.01
2024-09-20,002594,265.78
2024-09-23,002594,259.45
2024-09-24,002594,263.9
2024-09-25,002594,272.74
2024-09-26,002594,279.8
2024-09-27,002594,294.73
2024-09-30,002594,318.93
2024-10-08,002594,339.76
2024-10-09,002594,317.25
2024-10-10,002594,327.83
2024-10-11,002594,311.39
2024-10-14,002594,318.61
2024-10-15,002594,309.27
2024-10-16,002594,300.75
2024-10-17,002594,300.36
2024-10-18,002594,311.65
2024-10-21,002594,318.04
2024-10-22,002594,316.27
2024-10-23,002594,320.56
2024-10-24,002594,315.16
2024-10-25,002594,319.79
2024-10-28,002594,316.63
2024-10-29,002594,316.95
2024-10-30,002594,317.1
2024-10-31,002594,304.27
2024-11-01,002594,301.29
2024-11-04,002594,318.59
2024-11-05,002594,319.13
2024-11-06,002594,311.72
2024-11-07,002594,313.19
2024-11-08,002594,309.16
2024-11-11,002594,310.6
2024-11-12,002594,312.18
2024-11-13,002594,311.93
2024-11-14,002594,305.89
2024-11-15,002594,300.96
2024-11-18,002594,299.59
2024-11-19,002594,298.88
2024-11-20,002594,299.37
2024-11-21,002594,296.81
2024-11-22,002594,289.02
2024-11-25,002594,293.7
2024-11-26,002594,291.63
2024-11-27,002594,291.62
2024-11-28,002594,284.96
2024-11-29,002594,285.22
2024-12-02,002594,293.08
2024-12-03,002594,293.34
2024-12-04,002594,290.56
2024-12-05,002594,285.67
2024-12-06,002594,290.88
2024-12-09,002594,291.09
2024-12-10,002594,293.23
2024-12-11,002594,291.38
2024-12-12,002594,294.4
2024-12-13,002594,286.96
2024-12-16,002594,285.34
2024-12-17,002594,293.49
2024-12-18,002594,295.41
2024-12-19,002594,296.19
2024-12-20,002594,290.79
2024-12-23,002594,291.31
2024-12-24,002594,299.32
2024-12-25,002594,296.73
2024-12-26,002594,295.63
2024-12-27,002594,297.1
2024-12-30,002594,295.76
2024-12-31,002594,293.35
2025-01-02,002594,281.35
2025-01-03,002594,280.96
2025-01-06,002594,281.54
2025-01-07,002594,284.39
2025-01-08,002594,279.36
2025-01-09,002594,279.57
2025-01-10,002594,276.08
2025-01-13,002594,276.06
2025-01-14,002594,286.75
2025-01-15,002594,285.07
2025-01-16,002594,283.07
2025-01-17,002594,287.06
2025-01-20,002594,295.18
2025-01-21,002594,296.86
2025-01-22,002594,293.18
2025-01-23,002594,287.59
2025-01-24,002594,289.63
2025-01-27,002594,284.88
2025-02-05,002594,293.49
2025-02-06,002594,322.84
2025-02-07,002594,339.26
2025-02-10,002594,342.61
2025-02-11,002594,342.37
2025-02-12,002594,358.09
2025-02-13,002594,354.2
2025-02-14,002594,369.51
2025-02-17,002594,361.68
2025-02-18,002594,369.69
2025-02-19,002594,372.05
2025-02-20,002594,376.49
2025-02-21,002594,397.48
2025-02-24,002594,390.51
2025-02-25,002594,386.57
2025-02-26,002594,386.17
2025-02-27,002594,389.7
2025-02-28,002594,375.5
2025-03-03,002594,373.83
2025-03-04,002594,357.88
2025-03-05,002594,367.34
2025-03-06,002594,372.5
2025-03-07,002594,369.87
2025-03-10,002594,364.27
2025-03-11,002594,363.63
2025-03-12,002594,364.27
2025-03-13,002594,367.9
2025-03-14,002594,390.15
2025-03-17,002594,394.63
2025-03-18,002594,399.11
2025-03-19,002594,412.08
2025-03-20,002594,415.11
2025-03-21,002594,386.06
2025-03-24,002594,389.55
2025-03-25,002594,383.56
2025-03-26,002594,390.23
2025-03-27,002594,401.11
2025-03-28,002594,396.96
2025-03-31,002594,389.07
2025-04-01,002594,379.32
2025-04-02,002594,374.13
2025-04-03,002594,371.03
2025-04-07,002594,333.92
2025-04-08,002594,339.89
2025-04-09,002594,336.87
2025-04-10,002594,349.12
2025-04-11,002594,368.4
2025-04-14,002594,372.57
2025-04-15,002594,373.58
2025-04-16,002594,365.46
2025-04-17,002594,362.9
2025-04-18,002594,359.08
2025-04-21,002594,361.94
2025-04-22,002594,368.25
2025-04-23,002594,386.05
2025-04-24,002594,379.84
2025-04-25,002594,384.85
2025-04-28,002594,373.61
2025-04-29,002594,368.42
2025-04-30,002594,366.44
2025-05-06,002594,373.57
2025-05-07,002594,372.78
2025-05-08,002594,372.86
2025-05-09,002594,376.95
2025-05-12,002594,384.28
2025-05-13,002594,380.36
2025-05-14,002594,387.21
2025-05-15,002594,391.04
2025-05-16,002594,403.88
2025-05-19,002594,397.28
2025-05-20,002594,409.73
2025-05-21,002594,415.12
2025-05-22,002594,413.88
2025-05-23,002594,420.31
2025-05-26,002594,395.4
2025-05-27,002594,386.49
2025-05-28,002594,376.6
2025-05-29,002594,374.78
2025-05-30,002594,365.62
2025-06-03,002594,369.46
2025-06-04,002594,374.15
2025-06-05,002594,374.39
2025-06-06,002594,373.57
2025-06-09,002594,361.3
2025-06-10,002594,366.48
2025-06-11,002594,375.68
2025-06-12,002594,366.59
2025-06-13,002594,359.08
2025-06-16,002594,357.45
2025-06-17,002594,356.74
2025-06-18,002594,360.07
2025-06-19,002594,353.37
2025-06-20,002594,353.11
2025-06-23,002594,350.99
2025-06-24,002594,356.36
2025-06-25,002594,362.47
2025-06-26,002594,350.2
2025-06-27,002594,346.88
2025-06-30,002594,344.46
2025-07-01,002594,343.87
2025-07-02,002594,343.16
2025-07-03,002594,347.21
2025-07-04,002594,343.51
2025-07-07,002594,341.01
2025-07-08,002594,339.24
2025-07-09,002594,338.12
2025-07-10,002594,333.37
2025-07-11,002594,336.16
2025-07-14,002594,330.53
2025-07-15,002594,335.26
2025-07-16,002594,335.96
2025-07-17,002594,340.42
2025-07-18,002594,341.55
2025-07-21,002594,346.75
2025-07-22,002594,354.61
2025-07-23,002594,350.85
2025-07-24,002594,355.68
2025-07-25,002594,350.71
2025-07-28,002594,349.74
2025-07-29,002594,351.04
2025-07-30,002594,342.47
2025-07-31,002594,331.57
2025-08-01,002594,333.33
2025-08-04,002594,330.43
2025-08-05,002594,330.37
2025-08-06,002594,328.76
2025-08-07,002594,331.85
2025-08-08,002594,327.44
2025-08-11,002594,332.45
2025-08-12,002594,332.92
2025-08-13,002594,336.58
2025-08-14,002594,335.13
2025-08-15,002594,334.18
2025-08-18,002594,341.43
2025-08-19,002594,339.1
2025-08-20,002594,341.05
2025-08-21,002594,337.43
2025-08-22,002594,348.64
2025-08-25,002594,351.63
2025-08-26,002594,358.38
2025-08-27,002594,348.7
2025-08-28,002594,344.42
2025-08-29,002594,359.35
2025-09-01,002594,345.62
2025-09-02,002594,346.63
2025-09-03,002594,337.77
2025-09-04,002594,327.66
2025-09-05,002594,337.93
2025-09-08,002594,334.75
2025-09-09,002594,332.35
2025-09-10,002594,331.44
2025-09-11,002594,335.82
2025-09-12,002594,333.68
2025-09-15,002594,342.47
2025-09-16,002594,339.63
2025-09-17,002594,349.68
2025-09-18,002594,345.65
2025-09-19,002594,343.7
2025-09-22,002594,340.23
2025-09-23,002594,332.7
2025-09-24,002594,333.05
2025-09-25,002594,338.69
2025-09-26,002594,338.02
2025-09-29,002594,342.18
2025-09-30,002594,344.07
2025-10-09,002594,348.45
2025-10-10,002594,339.6
2025-10-13,002594,332.98
2025-10-14,002594,333.93
2025-10-15,002594,337.43
2025-10-16,002594,336.98
2025-10-17,002594,329.01
2025-10-20,002594,329.3
2025-10-21,002594,330.05
2025-10-22,002594,326.97
2025-10-23,002594,326.68
2025-10-24,002594,326.9
2025-10-27,002594,327.69
2025-10-28,002594,326.78
2025-10-29,002594,329.3
2025-10-30,002594,326.43
2025-10-31,002594,317.55
2025-11-03,002594,313.8
2025-11-04,002594,308.13
2025-11-05,002594,301.82
2025-11-06,002594,307.24
2025-11-07,002594,306.24
2025-11-10,002594,313.13
2025-11-11,002594,310.99
2025-11-12,002594,308.03
2025-11-13,002594,314.52
2025-11-14,002594,309.92
2025-11-17,002594,309.01
2025-11-18,002594,304.0
2025-11-19,002594,299.84
2025-11-20,002594,294.92
2025-11-21,002594,292.06
2025-11-24,002594,295.93
2025-11-25,002594,295.87
2025-11-26,002594,299.59
2025-11-27,002594,297.07
2025-11-28,002594,299.84
2025-12-01,002594,301.73
2025-12-02,002594,304.41
2025-12-03,002594,299.46
2025-12-04,002594,300.06
2025-12-05,002594,302.39
2025-12-08,002594,304.12
2025-12-09,002594,302.55
2025-12-10,002594,303.94
2025-12-11,002594,303.18
2025-12-12,002594,305.61
2025-12-15,002594,300.97
2025-12-16,002594,296.94
2025-12-17,002594,299.97
2025-12-18,002594,294.67
2025-12-19,002594,296.88
2025-12-22,002594,297.32
2025-12-23,002594,298.71
2025-12-24,002594,297.48
2025-12-25,002594,298.8
2025-12-26,002594,315.09
2025-12-29,002594,315.72
2025-12-30,002594,314.27
2025-12-31,002594,307.87
2026-01-05,002594,309.1
2026-01-06,002594,315.03
2026-01-07,002594,307.5
2026-01-08,002594,305.23
2026-01-09,002594,305.64
2026-01-12,002594,307.09
2026-01-13,002594,306.2
2026-01-14,002594,302.77
2026-01-15,002594,301.41
2026-01-16,002594,302.01
2026-01-19,002594,303.05
2026-01-20,002594,298.48
2026-01-21,002594,296.47
2026-01-22,002594,296.53
2026-01-23,002594,295.05
2026-01-26,002594,291.84
2026-01-27,002594,289.25
2026-01-28,002594,294.07
2026-01-29,002594,290.83
2026-01-30,002594,286.36
2026-02-02,002594,274.26
2026-02-03,002594,275.27
2026-02-04,002594,280.84
2026-02-05,002594,283.9
2026-02-06,002594,282.98
2026-02-09,002594,283.74
2026-02-10,002594,286.1
2026-02-11,002594,290.73
2026-02-12,002594,287.21
2026-02-13,002594,284.4
2026-02-24,002594,286.29
2026-02-25,002594,288.12
2026-02-26,002594,283.08
2026-02-27,002594,281.41
2026-03-02,002594,304.94
2026-03-03,002594,299.97
2026-03-04,002594,302.42
2026-03-05,002594,297.63
2026-03-06,002594,294.96
2026-03-09,002594,307.24
2026-03-10,002594,304.34
2026-03-11,002594,312.6
2026-03-12,002594,312.22
2026-03-13,002594,314.02
2026-03-16,002594,329.61
2026-03-17,002594,324.1
2026-03-18,002594,320.38
2026-03-19,002594,322.33
2026-03-20,002594,324.6
2026-03-23,002594,339.1
2026-03-24,002594,335.98
2026-03-25,002594,335.85
2026-03-26,002594,324.95
2026-03-27,002594,331.75
2026-03-30,002594,334.12
2026-03-31,002594,331.6
2026-04-01,002594,323.41
2026-04-02,002594,320.26
2026-04-03,002594,311.94
2026-04-07,002594,308.69
2026-04-08,002594,318.9
2026-04-09,002594,312.0
2026-04-10,002594,320.32
2026-04-13,002594,328.45
2026-04-14,002594,327.09
2026-04-15,002594,324.6
2026-04-16,002594,332.51
2026-04-17,002594,326.97
2026-04-20,002594,324.22
2026-04-21,002594,319.88
2026-04-22,002594,320.16
2026-04-23,002594,314.99
2026-04-24,002594,313.36
2026-04-27,002594,322.43
2026-04-28,002594,319.72
2026-04-29,002594,332.07
2026-04-30,002594,324.45
2026-05-06,002594,317.42
2026-05-07,002594,316.51
2026-05-08,002594,315.12
2026-05-11,002594,316.44
2026-05-12,002594,312.63
2026-05-13,002594,310.65
2026-05-14,002594,311.06
2026-05-15,002594,303.4
2020-01-02,300308,247.95
2020-01-03,300308,245.31
2020-01-06,300308,241.37
2020-01-07,300308,243.18
2020-01-08,300308,236.96
2020-01-09,300308,244.61
2020-01-10,300308,241.46
2020-01-13,300308,247.72
2020-01-14,300308,240.81
2020-01-15,300308,243.55
2020-01-16,300308,245.31
2020-01-17,300308,245.87
2020-01-20,300308,261.27
2020-01-21,300308,257.09
2020-01-22,300308,260.8
2020-01-23,300308,248.0
2020-02-03,300308,223.18
2020-02-04,300308,245.5
2020-02-05,300308,254.22
2020-02-06,300308,277.64
2020-02-07,300308,290.45
2020-02-10,300308,293.05
2020-02-11,300308,293.0
2020-02-12,300308,298.8
2020-02-13,300308,292.4
2020-02-14,300308,291.98
2020-02-17,300308,306.87
2020-02-18,300308,314.94
2020-02-19,300308,305.94
2020-02-20,300308,312.67
2020-02-21,300308,317.17
2020-02-24,300308,336.19
2020-02-25,300308,331.22
2020-02-26,300308,300.33
2020-02-27,300308,298.29
2020-02-28,300308,287.8
2020-03-02,300308,307.06
2020-03-03,300308,301.07
2020-03-04,300308,291.42
2020-03-05,300308,296.9
2020-03-06,300308,300.51
2020-03-09,300308,295.64
2020-03-10,300308,317.31
2020-03-11,300308,295.04
2020-03-12,300308,277.18
2020-03-13,300308,274.58
2020-03-16,300308,255.61
2020-03-17,300308,261.41
2020-03-18,300308,258.11
2020-03-19,300308,268.37
2020-03-20,300308,268.78
2020-03-23,300308,243.55
2020-03-24,300308,253.75
2020-03-25,300308,259.32
2020-03-26,300308,250.51
2020-03-27,300308,247.72
2020-03-30,300308,241.23
2020-03-31,300308,249.35
2020-04-01,300308,250.83
2020-04-02,300308,260.76
2020-04-03,300308,257.19
2020-04-07,300308,262.52
2020-04-08,300308,269.85
2020-04-09,300308,270.27
2020-04-10,300308,266.84
2020-04-13,300308,256.3
2020-04-14,300308,275.7
2020-04-15,300308,276.16
2020-04-16,300308,275.14
2020-04-17,300308,286.64
2020-04-20,300308,294.62
2020-04-21,300308,289.01
2020-04-22,300308,290.12
2020-04-23,300308,287.99
2020-04-24,300308,289.94
2020-04-27,300308,294.34
2020-04-28,300308,296.48
2020-04-29,300308,290.87
2020-04-30,300308,300.89
2020-05-06,300308,309.33
2020-05-07,300308,301.02
2020-05-08,300308,305.94
2020-05-11,300308,308.59
2020-05-12,300308,305.48
2020-05-13,300308,306.17
2020-05-14,300308,301.53
2020-05-15,300308,298.89
2020-05-18,300308,291.42
2020-05-19,300308,299.35
2020-05-20,300308,297.41
2020-05-21,300308,292.49
2020-05-22,300308,281.68
2020-05-25,300308,268.64
2020-05-26,300308,273.19
2020-05-27,300308,262.8
2020-05-28,300308,263.5
2020-05-29,300308,264.38
2020-06-01,300308,271.98
2020-06-02,300308,273.1
2020-06-03,300308,271.71
2020-06-04,300308,274.03
2020-06-05,300308,270.5
2020-06-08,300308,273.65
2020-06-09,300308,275.09
2020-06-10,300308,271.57
2020-06-11,300308,272.87
2020-06-12,300308,278.25
2020-06-15,300308,269.53
2020-06-16,300308,281.82
2020-06-17,300308,282.28
2020-06-18,300308,294.72
2020-06-19,300308,291.42
2020-06-22,300308,291.33
2020-06-23,300308,286.69
2020-06-24,300308,288.08
2020-06-29,300308,286.92
2020-06-30,300308,292.26
2020-07-01,300308,286.97
2020-07-02,300308,287.03
2020-07-03,300308,292.61
2020-07-06,300308,301.99
2020-07-07,300308,309.56
2020-07-08,300308,312.16
2020-07-09,300308,325.96
2020-07-10,300308,322.34
2020-07-13,300308,327.73
2020-07-14,300308,322.66
2020-07-15,300308,307.15
2020-07-16,300308,282.9
2020-07-17,300308,284.06
2020-07-20,300308,288.43
2020-07-21,300308,287.22
2020-07-22,300308,294.05
2020-07-23,300308,284.34
2020-07-24,300308,261.53
2020-07-27,300308,253.73
2020-07-28,300308,261.67
2020-07-29,300308,274.07
2020-07-30,300308,270.4
2020-07-31,300308,274.44
2020-08-03,300308,281.69
2020-08-04,300308,279.65
2020-08-05,300308,281.04
2020-08-06,300308,279.28
2020-08-07,300308,269.75
2020-08-10,300308,267.15
2020-08-11,300308,262.27
2020-08-12,300308,256.51
2020-08-13,300308,254.98
2020-08-14,300308,262.32
2020-08-17,300308,272.21
2020-08-18,300308,273.47
2020-08-19,300308,271.05
2020-08-20,300308,265.15
2020-08-21,300308,267.15
2020-08-24,300308,278.72
2020-08-25,300308,277.84
2020-08-26,300308,275.33
2020-08-27,300308,277.23
2020-08-28,300308,276.02
2020-08-31,300308,275.05
2020-09-01,300308,271.98
2020-09-02,300308,278.25
2020-09-03,300308,278.25
2020-09-04,300308,276.02
2020-09-07,300308,261.9
2020-09-08,300308,260.14
2020-09-09,300308,244.11
2020-09-10,300308,234.63
2020-09-11,300308,237.75
2020-09-14,300308,237.93
2020-09-15,300308,240.67
2020-09-16,300308,241.56
2020-09-17,300308,243.65
2020-09-18,300308,245.5
2020-09-21,300308,241.93
2020-09-22,300308,241.0
2020-09-23,300308,240.02
2020-09-24,300308,233.24
2020-09-25,300308,230.59
2020-09-28,300308,231.8
2020-09-29,300308,232.68
2020-09-30,300308,233.66
2020-10-09,300308,238.26
2020-10-12,300308,246.34
2020-10-13,300308,247.59
2020-10-14,300308,247.78
2020-10-15,300308,246.15
2020-10-16,300308,246.99
2020-10-19,300308,248.15
2020-10-20,300308,245.74
2020-10-21,300308,235.98
2020-10-22,300308,231.85
2020-10-23,300308,230.69
2020-10-26,300308,228.08
2020-10-27,300308,226.97
2020-10-28,300308,223.44
2020-10-29,300308,222.97
2020-10-30,300308,219.72
2020-11-02,300308,222.28
2020-11-03,300308,233.15
2020-11-04,300308,231.99
2020-11-05,300308,245.46
2020-11-06,300308,244.81
2020-11-09,300308,252.61
2020-11-10,300308,244.81
2020-11-11,300308,231.61
2020-11-12,300308,234.45
2020-11-13,300308,236.35
2020-11-16,300308,241.32
2020-11-17,300308,237.28
2020-11-18,300308,234.49
2020-11-19,300308,232.96
2020-11-20,300308,230.92
2020-11-23,300308,225.11
2020-11-24,300308,230.69
2020-11-25,300308,230.41
2020-11-26,300308,229.43
2020-11-27,300308,226.32
2020-11-30,300308,227.39
2020-12-01,300308,226.78
2020-12-02,300308,237.19
2020-12-03,300308,235.98
2020-12-04,300308,238.21
2020-12-07,300308,236.91
2020-12-08,300308,239.19
2020-12-09,300308,238.82
2020-12-10,300308,241.32
2020-12-11,300308,247.36
2020-12-14,300308,253.54
2020-12-15,300308,251.96
2020-12-16,300308,249.92
2020-12-17,300308,251.36
2020-12-18,300308,244.81
2020-12-21,300308,255.91
2020-12-22,300308,240.16
2020-12-23,300308,242.58
2020-12-24,300308,238.07
2020-12-25,300308,229.62
2020-12-28,300308,219.91
2020-12-29,300308,236.49
2020-12-30,300308,233.8
2020-12-31,300308,236.26
2021-01-04,300308,241.56
2021-01-05,300308,251.17
2021-01-06,300308,248.25
2021-01-07,300308,244.39
2021-01-08,300308,253.96
2021-01-11,300308,264.78
2021-01-12,300308,262.46
2021-01-13,300308,261.07
2021-01-14,300308,263.11
2021-01-15,300308,257.07
2021-01-18,300308,265.94
2021-01-19,300308,262.0
2021-01-20,300308,264.78
2021-01-21,300308,258.56
2021-01-22,300308,260.6
2021-01-25,300308,244.11
2021-01-26,300308,245.27
2021-01-27,300308,245.46
2021-01-28,300308,238.63
2021-01-29,300308,240.63
2021-02-01,300308,247.04
2021-02-02,300308,248.99
2021-02-03,300308,233.89
2021-02-04,300308,229.15
2021-02-05,300308,220.7
2021-02-08,300308,222.51
2021-02-09,300308,226.37
2021-02-10,300308,234.4
2021-02-18,300308,239.05
2021-02-19,300308,238.77
2021-02-22,300308,230.41
2021-02-23,300308,227.85
2021-02-24,300308,227.48
2021-02-25,300308,222.09
2021-02-26,300308,213.22
2021-03-01,300308,216.24
2021-03-02,300308,206.99
2021-03-03,300308,206.44
2021-03-04,300308,200.26
2021-03-05,300308,198.82
2021-03-08,300308,189.48
2021-03-09,300308,181.96
2021-03-10,300308,182.05
2021-03-11,300308,183.21
2021-03-12,300308,178.75
2021-03-15,300308,175.04
2021-03-16,300308,173.73
2021-03-17,300308,175.5
2021-03-18,300308,176.94
2021-03-19,300308,170.99
2021-03-22,300308,172.34
2021-03-23,300308,175.04
2021-03-24,300308,159.84
2021-03-25,300308,162.4
2021-03-26,300308,171.13
2021-03-29,300308,167.74
2021-03-30,300308,165.23
2021-03-31,300308,163.7
2021-04-01,300308,167.7
2021-04-02,300308,175.69
2021-04-06,300308,173.32
2021-04-07,300308,170.99
2021-04-08,300308,168.39
2021-04-09,300308,166.49
2021-04-12,300308,159.94
2021-04-13,300308,157.8
2021-04-14,300308,159.8
2021-04-15,300308,157.24
2021-04-16,300308,157.94
2021-04-19,300308,159.43
2021-04-20,300308,155.34
2021-04-21,300308,152.6
2021-04-22,300308,156.22
2021-04-23,300308,151.53
2021-04-26,300308,153.9
2021-04-27,300308,150.97
2021-04-28,300308,150.79
2021-04-29,300308,159.75
2021-04-30,300308,158.92
2021-05-06,300308,160.08
2021-05-07,300308,156.73
2021-05-10,300308,147.53
2021-05-11,300308,153.57
2021-05-12,300308,152.64
2021-05-13,300308,160.08
2021-05-14,300308,162.49
2021-05-17,300308,165.93
2021-05-18,300308,165.37
2021-05-19,300308,164.54
2021-05-20,300308,169.93
2021-05-21,300308,171.74
2021-05-24,300308,172.53
2021-05-25,300308,176.8
2021-05-26,300308,177.08
2021-05-27,300308,187.21
2021-05-28,300308,186.28
2021-05-31,300308,191.34
2021-06-01,300308,189.34
2021-06-02,300308,189.06
2021-06-03,300308,189.39
2021-06-04,300308,192.13
2021-06-07,300308,188.92
2021-06-08,300308,184.88
2021-06-09,300308,184.19
2021-06-10,300308,185.45
2021-06-11,300308,181.07
2021-06-15,300308,182.7
2021-06-16,300308,186.43
2021-06-17,300308,189.59
2021-06-18,300308,185.45
2021-06-21,300308,179.39
2021-06-22,300308,175.06
2021-06-23,300308,179.25
2021-06-24,300308,175.48
2021-06-25,300308,172.35
2021-06-28,300308,178.69
2021-06-29,300308,178.74
2021-06-30,300308,179.48
2021-07-01,300308,172.17
2021-07-02,300308,168.21
2021-07-05,300308,168.77
2021-07-06,300308,168.58
2021-07-07,300308,170.96
2021-07-08,300308,167.55
2021-07-09,300308,169.33
2021-07-12,300308,181.21
2021-07-13,300308,177.81
2021-07-14,300308,175.34
2021-07-15,300308,157.86
2021-07-16,300308,152.41
2021-07-19,300308,155.25
2021-07-20,300308,157.91
2021-07-21,300308,158.42
2021-07-22,300308,161.73
2021-07-23,300308,160.43
2021-07-26,300308,156.65
2021-07-27,300308,177.85
2021-07-28,300308,182.0
2021-07-29,300308,190.39
2021-07-30,300308,198.82
2021-08-02,300308,205.02
2021-08-03,300308,197.47
2021-08-04,300308,198.82
2021-08-05,300308,195.79
2021-08-06,300308,194.49
2021-08-09,300308,195.74
2021-08-10,300308,196.02
2021-08-11,300308,193.65
2021-08-12,300308,194.3
2021-08-13,300308,188.43
2021-08-16,300308,190.11
2021-08-17,300308,183.96
2021-08-18,300308,177.34
2021-08-19,300308,179.62
2021-08-20,300308,175.43
2021-08-23,300308,176.03
2021-08-24,300308,177.62
2021-08-25,300308,174.22
2021-08-26,300308,171.84
2021-08-27,300308,168.72
2021-08-30,300308,168.95
2021-08-31,300308,165.04
2021-09-01,300308,166.25
2021-09-02,300308,166.34
2021-09-03,300308,172.54
2021-09-06,300308,172.03
2021-09-07,300308,167.79
2021-09-08,300308,170.91
2021-09-09,300308,165.32
2021-09-10,300308,165.92
2021-09-13,300308,159.45
2021-09-14,300308,159.91
2021-09-15,300308,162.24
2021-09-16,300308,159.91
2021-09-17,300308,161.68
2021-09-22,300308,161.68
2021-09-23,300308,159.45
2021-09-24,300308,161.45
2021-09-27,300308,164.67
2021-09-28,300308,159.17
2021-09-29,300308,162.66
2021-09-30,300308,162.52
2021-10-08,300308,163.36
2021-10-11,300308,165.88
2021-10-12,300308,162.06
2021-10-13,300308,163.59
2021-10-14,300308,162.48
2021-10-15,300308,159.49
2021-10-18,300308,153.9
2021-10-19,300308,155.72
2021-10-20,300308,156.23
2021-10-21,300308,154.79
2021-10-22,300308,152.92
2021-10-25,300308,154.74
2021-10-26,300308,159.87
2021-10-27,300308,155.3
2021-10-28,300308,152.88
2021-10-29,300308,154.09
2021-11-01,300308,157.58
2021-11-02,300308,162.24
2021-11-03,300308,162.38
2021-11-04,300308,163.5
2021-11-05,300308,162.76
2021-11-08,300308,162.71
2021-11-09,300308,162.57
2021-11-10,300308,162.15
2021-11-11,300308,164.76
2021-11-12,300308,165.04
2021-11-15,300308,161.92
2021-11-16,300308,157.35
2021-11-17,300308,159.12
2021-11-18,300308,155.39
2021-11-19,300308,157.49
2021-11-22,300308,176.64
2021-11-23,300308,181.21
2021-11-24,300308,186.38
2021-11-25,300308,182.46
2021-11-26,300308,177.99
2021-11-29,300308,176.73
2021-11-30,300308,177.71
2021-12-01,300308,182.93
2021-12-02,300308,180.41
2021-12-03,300308,182.37
2021-12-06,300308,176.13
2021-12-07,300308,173.29
2021-12-08,300308,183.02
2021-12-09,300308,177.71
2021-12-10,300308,180.32
2021-12-13,300308,184.52
2021-12-14,300308,190.34
2021-12-15,300308,192.53
2021-12-16,300308,189.87
2021-12-17,300308,188.15
2021-12-20,300308,188.24
2021-12-21,300308,197.05
2021-12-22,300308,198.03
2021-12-23,300308,196.4
2021-12-24,300308,192.86
2021-12-27,300308,196.72
2021-12-28,300308,198.03
2021-12-29,300308,200.36
2021-12-30,300308,202.17
2021-12-31,300308,198.03
2022-01-04,300308,195.46
2022-01-05,300308,195.23
2022-01-06,300308,193.14
2022-01-07,300308,197.24
2022-01-10,300308,201.94
2022-01-11,300308,199.89
2022-01-12,300308,188.24
2022-01-13,300308,180.41
2022-01-14,300308,182.05
2022-01-17,300308,187.08
2022-01-18,300308,184.38
2022-01-19,300308,183.26
2022-01-20,300308,179.44
2022-01-21,300308,179.34
2022-01-24,300308,181.35
2022-01-25,300308,175.85
2022-01-26,300308,171.52
2022-01-27,300308,165.78
2022-01-28,300308,166.81
2022-02-07,300308,167.04
2022-02-08,300308,167.97
2022-02-09,300308,172.12
2022-02-10,300308,170.72
2022-02-11,300308,161.87
2022-02-14,300308,162.34
2022-02-15,300308,165.83
2022-02-16,300308,165.41
2022-02-17,300308,165.88
2022-02-18,300308,174.08
2022-02-21,300308,180.27
2022-02-22,300308,174.12
2022-02-23,300308,176.31
2022-02-24,300308,172.45
2022-02-25,300308,172.73
2022-02-28,300308,179.16
2022-03-01,300308,178.5
2022-03-02,300308,178.92
2022-03-03,300308,175.66
2022-03-04,300308,175.43
2022-03-07,300308,163.59
2022-03-08,300308,162.43
2022-03-09,300308,165.41
2022-03-10,300308,164.76
2022-03-11,300308,164.9
2022-03-14,300308,160.75
2022-03-15,300308,149.71
2022-03-16,300308,152.36
2022-03-17,300308,155.35
2022-03-18,300308,154.83
2022-03-21,300308,157.4
2022-03-22,300308,153.95
2022-03-23,300308,160.19
2022-03-24,300308,157.02
2022-03-25,300308,150.03
2022-03-28,300308,149.1
2022-03-29,300308,144.91
2022-03-30,300308,149.62
2022-03-31,300308,147.29
2022-04-01,300308,147.61
2022-04-06,300308,140.25
2022-04-07,300308,140.34
2022-04-08,300308,143.98
2022-04-11,300308,138.39
2022-04-12,300308,139.78
2022-04-13,300308,136.94
2022-04-14,300308,138.01
2022-04-15,300308,136.06
2022-04-18,300308,139.97
2022-04-19,300308,140.44
2022-04-20,300308,139.46
2022-04-21,300308,137.5
2022-04-22,300308,134.05
2022-04-25,300308,135.31
2022-04-26,300308,139.46
2022-04-27,300308,143.74
2022-04-28,300308,138.85
2022-04-29,300308,142.67
2022-05-05,300308,148.68
2022-05-06,300308,148.87
2022-05-09,300308,151.15
2022-05-10,300308,148.68
2022-05-11,300308,146.87
2022-05-12,300308,146.68
2022-05-13,300308,147.8
2022-05-16,300308,147.94
2022-05-17,300308,148.45
2022-05-18,300308,146.4
2022-05-19,300308,145.28
2022-05-20,300308,146.03
2022-05-23,300308,146.68
2022-05-24,300308,139.32
2022-05-25,300308,140.95
2022-05-26,300308,144.84
2022-05-27,300308,141.88
2022-05-30,300308,149.15
2022-05-31,300308,150.84
2022-06-01,300308,151.13
2022-06-02,300308,155.68
2022-06-06,300308,157.18
2022-06-07,300308,159.57
2022-06-08,300308,158.49
2022-06-09,300308,153.38
2022-06-10,300308,157.13
2022-06-13,300308,153.94
2022-06-14,300308,151.69
2022-06-15,300308,151.22
2022-06-16,300308,152.67
2022-06-17,300308,152.91
2022-06-20,300308,151.92
2022-06-21,300308,150.05
2022-06-22,300308,142.63
2022-06-23,300308,145.12
2022-06-24,300308,143.15
2022-06-27,300308,145.49
2022-06-28,300308,150.42
2022-06-29,300308,146.29
2022-06-30,300308,145.73
2022-07-01,300308,145.49
2022-07-04,300308,143.71
2022-07-05,300308,144.27
2022-07-06,300308,142.21
2022-07-07,300308,141.5
2022-07-08,300308,140.85
2022-07-11,300308,141.18
2022-07-12,300308,136.95
2022-07-13,300308,135.03
2022-07-14,300308,138.45
2022-07-15,300308,137.19
2022-07-18,300308,150.66
2022-07-19,300308,156.24
2022-07-20,300308,159.9
2022-07-21,300308,154.51
2022-07-22,300308,156.57
2022-07-25,300308,160.89
2022-07-26,300308,157.79
2022-07-27,300308,159.2
2022-07-28,300308,156.99
2022-07-29,300308,153.89
2022-08-01,300308,154.79
2022-08-02,300308,152.06
2022-08-03,300308,152.77
2022-08-04,300308,152.16
2022-08-05,300308,158.64
2022-08-08,300308,155.82
2022-08-09,300308,153.47
2022-08-10,300308,149.2
2022-08-11,300308,164.64
2022-08-12,300308,159.67
2022-08-15,300308,158.17
2022-08-16,300308,156.29
2022-08-17,300308,157.79
2022-08-18,300308,161.92
2022-08-19,300308,156.99
2022-08-22,300308,155.26
2022-08-23,300308,154.27
2022-08-24,300308,144.56
2022-08-25,300308,142.3
2022-08-26,300308,141.41
2022-08-29,300308,140.24
2022-08-30,300308,140.57
2022-08-31,300308,137.61
2022-09-01,300308,134.51
2022-09-02,300308,137.19
2022-09-05,300308,137.28
2022-09-06,300308,138.78
2022-09-07,300308,139.77
2022-09-08,300308,137.56
2022-09-09,300308,137.66
2022-09-13,300308,136.2
2022-09-14,300308,134.32
2022-09-15,300308,126.72
2022-09-16,300308,123.58
2022-09-19,300308,125.92
2022-09-20,300308,126.49
2022-09-21,300308,126.34
2022-09-22,300308,126.02
2022-09-23,300308,127.19
2022-09-26,300308,125.41
2022-09-27,300308,129.35
2022-09-28,300308,126.53
2022-09-29,300308,125.78
2022-09-30,300308,122.4
2022-10-10,300308,119.16
2022-10-11,300308,124.61
2022-10-12,300308,127.75
2022-10-13,300308,128.36
2022-10-14,300308,130.1
2022-10-17,300308,130.85
2022-10-18,300308,132.4
2022-10-19,300308,132.63
2022-10-20,300308,132.63
2022-10-21,300308,132.26
2022-10-24,300308,130.99
2022-10-25,300308,130.19
2022-10-26,300308,134.75
2022-10-27,300308,137.84
2022-10-28,300308,136.67
2022-10-31,300308,137.42
2022-11-01,300308,138.92
2022-11-02,300308,138.41
2022-11-03,300308,139.2
2022-11-04,300308,142.11
2022-11-07,300308,141.22
2022-11-08,300308,140.33
2022-11-09,300308,138.27
2022-11-10,300308,136.81
2022-11-11,300308,137.37
2022-11-14,300308,135.97
2022-11-15,300308,140.24
2022-11-16,300308,140.38
2022-11-17,300308,141.32
2022-11-18,300308,140.38
2022-11-21,300308,139.39
2022-11-22,300308,138.22
2022-11-23,300308,136.76
2022-11-24,300308,136.39
2022-11-25,300308,134.14
2022-11-28,300308,131.98
2022-11-29,300308,136.11
2022-11-30,300308,134.37
2022-12-01,300308,133.53
2022-12-02,300308,134.28
2022-12-05,300308,134.61
2022-12-06,300308,134.14
2022-12-07,300308,131.98
2022-12-08,300308,132.16
2022-12-09,300308,132.26
2022-12-12,300308,134.18
2022-12-13,300308,134.75
2022-12-14,300308,135.59
2022-12-15,300308,134.23
2022-12-16,300308,131.65
2022-12-19,300308,129.54
2022-12-20,300308,128.64
2022-12-21,300308,127.1
2022-12-22,300308,124.75
2022-12-23,300308,123.58
2022-12-26,300308,124.66
2022-12-27,300308,126.49
2022-12-28,300308,125.22
2022-12-29,300308,127.38
2022-12-30,300308,126.86
2023-01-03,300308,132.82
2023-01-04,300308,134.61
2023-01-05,300308,134.56
2023-01-06,300308,133.39
2023-01-09,300308,132.35
2023-01-10,300308,132.59
2023-01-11,300308,131.23
2023-01-12,300308,131.93
2023-01-13,300308,130.57
2023-01-16,300308,132.4
2023-01-17,300308,132.92
2023-01-18,300308,134.7
2023-01-19,300308,135.45
2023-01-20,300308,136.06
2023-01-30,300308,135.68
2023-01-31,300308,136.58
2023-02-01,300308,140.0
2023-02-02,300308,142.44
2023-02-03,300308,148.12
2023-02-06,300308,150.37
2023-02-07,300308,158.78
2023-02-08,300308,155.35
2023-02-09,300308,165.11
2023-02-10,300308,164.03
2023-02-13,300308,168.87
2023-02-14,300308,164.97
2023-02-15,300308,167.93
2023-02-16,300308,164.45
2023-02-17,300308,156.52
2023-02-20,300308,160.51
2023-02-21,300308,158.26
2023-02-22,300308,158.17
2023-02-23,300308,157.23
2023-02-24,300308,163.66
2023-02-27,300308,162.3
2023-02-28,300308,166.61
2023-03-01,300308,168.54
2023-03-02,300308,171.87
2023-03-03,300308,166.29
2023-03-06,300308,166.94
2023-03-07,300308,161.5
2023-03-08,300308,162.53
2023-03-09,300308,161.59
2023-03-10,300308,161.08
2023-03-13,300308,163.14
2023-03-14,300308,157.46
2023-03-15,300308,154.22
2023-03-16,300308,153.14
2023-03-17,300308,162.44
2023-03-20,300308,168.12
2023-03-21,300308,172.86
2023-03-22,300308,207.45
2023-03-23,300308,234.67
2023-03-24,300308,245.13
2023-03-27,300308,263.02
2023-03-28,300308,252.55
2023-03-29,300308,260.72
2023-03-30,300308,258.13
2023-03-31,300308,276.44
2023-04-03,300308,315.58
2023-04-04,300308,314.92
2023-04-06,300308,314.45
2023-04-07,300308,330.88
2023-04-10,300308,329.38
2023-04-11,300308,320.56
2023-04-12,300308,321.82
2023-04-13,300308,303.8
2023-04-14,300308,312.15
2023-04-17,300308,303.57
2023-04-18,300308,349.56
2023-04-19,300308,354.91
2023-04-20,300308,380.16
2023-04-21,300308,366.97
2023-04-24,300308,400.86
2023-04-25,300308,379.65
2023-04-26,300308,372.89
2023-04-27,300308,368.38
2023-04-28,300308,422.4
2023-05-04,300308,399.87
2023-05-05,300308,367.91
2023-05-08,300308,363.45
2023-05-09,300308,384.57
2023-05-10,300308,355.76
2023-05-11,300308,340.46
2023-05-12,300308,355.9
2023-05-15,300308,373.59
2023-05-16,300308,360.54
2023-05-17,300308,370.82
2023-05-18,300308,444.98
2023-05-19,300308,439.06
2023-05-22,300308,421.89
2023-05-23,300308,409.26
2023-05-24,300308,411.47
2023-05-25,300308,437.33
2023-05-26,300308,429.21
2023-05-29,300308,450.56
2023-05-30,300308,511.58
2023-05-31,300308,504.54
2023-06-01,300308,507.07
2023-06-02,300308,500.78
2023-06-05,300308,521.9
2023-06-06,300308,504.53
2023-06-07,300308,508.29
2023-06-08,300308,501.76
2023-06-09,300308,541.63
2023-06-12,300308,571.25
2023-06-13,300308,571.48
2023-06-14,300308,609.1
2023-06-15,300308,633.73
2023-06-16,300308,728.75
2023-06-19,300308,752.31
2023-06-20,300308,799.28
2023-06-21,300308,751.79
2023-06-26,300308,695.84
2023-06-27,300308,692.08
2023-06-28,300308,667.54
2023-06-29,300308,695.89
2023-06-30,300308,693.26
2023-07-03,300308,686.44
2023-07-04,300308,688.88
2023-07-05,300308,653.34
2023-07-06,300308,657.29
2023-07-07,300308,691.09
2023-07-10,300308,675.15
2023-07-11,300308,698.19
2023-07-12,300308,652.54
2023-07-13,300308,724.99
2023-07-14,300308,730.59
2023-07-17,300308,741.49
2023-07-18,300308,711.31
2023-07-19,300308,700.54
2023-07-20,300308,611.21
2023-07-21,300308,612.34
2023-07-24,300308,615.91
2023-07-25,300308,631.19
2023-07-26,300308,606.7
2023-07-27,300308,601.34
2023-07-28,300308,596.64
2023-07-31,300308,601.81
2023-08-01,300308,633.78
2023-08-02,300308,629.08
2023-08-03,300308,613.61
2023-08-04,300308,657.99
2023-08-07,300308,666.46
2023-08-08,300308,632.42
2023-08-09,300308,596.36
2023-08-10,300308,583.05
2023-08-11,300308,573.51
2023-08-14,300308,580.75
2023-08-15,300308,573.13
2023-08-16,300308,568.94
2023-08-17,300308,574.77
2023-08-18,300308,543.09
2023-08-21,300308,554.18
2023-08-22,300308,592.41
2023-08-23,300308,559.49
2023-08-24,300308,568.9
2023-08-25,300308,502.84
2023-08-28,300308,524.23
2023-08-29,300308,541.58
2023-08-30,300308,545.39
2023-08-31,300308,538.9
2023-09-01,300308,527.29
2023-09-04,300308,528.23
2023-09-05,300308,512.52
2023-09-06,300308,515.77
2023-09-07,300308,499.83
2023-09-08,300308,494.85
2023-09-11,300308,513.42
2023-09-12,300308,516.8
2023-09-13,300308,501.52
2023-09-14,300308,482.62
2023-09-15,300308,463.96
2023-09-18,300308,449.01
2023-09-19,300308,453.71
2023-09-20,300308,456.76
2023-09-21,300308,457.8
2023-09-22,300308,522.26
2023-09-25,300308,505.43
2023-09-26,300308,525.64
2023-09-27,300308,536.32
2023-09-28,300308,544.45
2023-10-09,300308,522.16
2023-10-10,300308,514.59
2023-10-11,300308,515.91
2023-10-12,300308,501.52
2023-10-13,300308,481.31
2023-10-16,300308,470.21
2023-10-17,300308,472.8
2023-10-18,300308,458.17
2023-10-19,300308,444.96
2023-10-20,300308,442.28
2023-10-23,300308,451.83
2023-10-24,300308,450.42
2023-10-25,300308,413.79
2023-10-26,300308,422.68
2023-10-27,300308,420.37
2023-10-30,300308,422.3
2023-10-31,300308,412.57
2023-11-01,300308,400.67
2023-11-02,300308,404.01
2023-11-03,300308,416.8
2023-11-06,300308,429.82
2023-11-07,300308,466.4
2023-11-08,300308,454.41
2023-11-09,300308,474.82
2023-11-10,300308,477.4
2023-11-13,300308,493.2
2023-11-14,300308,493.72
2023-11-15,300308,488.97
2023-11-16,300308,470.35
2023-11-17,300308,496.45
2023-11-20,300308,481.21
2023-11-21,300308,486.95
2023-11-22,300308,457.75
2023-11-23,300308,461.42
2023-11-24,300308,443.83
2023-11-27,300308,460.2
2023-11-28,300308,445.48
2023-11-29,300308,445.43
2023-11-30,300308,446.28
2023-12-01,300308,470.16
2023-12-04,300308,483.23
2023-12-05,300308,473.92
2023-12-06,300308,473.36
2023-12-07,300308,490.71
2023-12-08,300308,552.44
2023-12-11,300308,564.9
2023-12-12,300308,540.5
2023-12-13,300308,533.17
2023-12-14,300308,530.39
2023-12-15,300308,517.41
2023-12-18,300308,533.12
2023-12-19,300308,532.18
2023-12-20,300308,513.89
2023-12-21,300308,536.88
2023-12-22,300308,519.01
2023-12-25,300308,523.06
2023-12-26,300308,502.89
2023-12-27,300308,503.69
2023-12-28,300308,512.52
2023-12-29,300308,530.86
2024-01-02,300308,520.05
2024-01-03,300308,493.62
2024-01-04,300308,488.97
2024-01-05,300308,470.3
2024-01-08,300308,464.52
2024-01-09,300308,476.37
2024-01-10,300308,470.16
2024-01-11,300308,486.1
2024-01-12,300308,472.8
2024-01-15,300308,479.0
2024-01-16,300308,471.53
2024-01-17,300308,465.56
2024-01-18,300308,516.38
2024-01-19,300308,521.88
2024-01-22,300308,524.7
2024-01-23,300308,535.99
2024-01-24,300308,534.58
2024-01-25,300308,556.44
2024-01-26,300308,545.2
2024-01-29,300308,488.12
2024-01-30,300308,475.81
2024-01-31,300308,483.33
2024-02-01,300308,522.12
2024-02-02,300308,516.47
2024-02-05,300308,526.58
2024-02-06,300308,587.14
2024-02-07,300308,585.87
2024-02-08,300308,597.11
2024-02-19,300308,716.53
2024-02-20,300308,749.91
2024-02-21,300308,705.06
2024-02-22,300308,726.45
2024-02-23,300308,694.57
2024-02-26,300308,700.68
2024-02-27,300308,761.38
2024-02-28,300308,704.35
2024-02-29,300308,729.51
2024-03-01,300308,757.43
2024-03-04,300308,778.87
2024-03-05,300308,795.33
2024-03-06,300308,786.49
2024-03-07,300308,771.73
2024-03-08,300308,822.74
2024-03-11,300308,802.1
2024-03-12,300308,775.06
2024-03-13,300308,775.77
2024-03-14,300308,797.07
2024-03-15,300308,833.88
2024-03-18,300308,846.25
2024-03-19,300308,817.19
2024-03-20,300308,794.39
2024-03-21,300308,788.37
2024-03-22,300308,788.37
2024-03-25,300308,782.87
2024-03-26,300308,745.21
2024-03-27,300308,724.99
2024-03-28,300308,727.3
2024-03-29,300308,736.09
2024-04-01,300308,766.37
2024-04-02,300308,764.25
2024-04-03,300308,733.92
2024-04-08,300308,773.7
2024-04-09,300308,775.3
2024-04-10,300308,749.91
2024-04-11,300308,752.97
2024-04-12,300308,796.13
2024-04-15,300308,796.93
2024-04-16,300308,782.16
2024-04-17,300308,820.95
2024-04-18,300308,815.17
2024-04-19,300308,802.57
2024-04-22,300308,744.55
2024-04-23,300308,740.55
2024-04-24,300308,791.14
2024-04-25,300308,771.77
2024-04-26,300308,869.14
2024-04-29,300308,882.5
2024-04-30,300308,875.96
2024-05-06,300308,861.43
2024-05-07,300308,831.2
2024-05-08,300308,821.85
2024-05-09,300308,814.23
2024-05-10,300308,804.92
2024-05-13,300308,806.57
2024-05-14,300308,777.79
2024-05-15,300308,784.09
2024-05-16,300308,801.63
2024-05-17,300308,802.0
2024-05-20,300308,831.53
2024-05-21,300308,834.21
2024-05-22,300308,814.18
2024-05-23,300308,817.1
2024-05-24,300308,777.6
2024-05-27,300308,791.71
2024-05-28,300308,757.01
2024-05-29,300308,756.96
2024-05-30,300308,752.12
2024-05-31,300308,739.43
2024-06-03,300308,791.52
2024-06-04,300308,813.38
2024-06-05,300308,784.98
2024-06-06,300308,822.9
2024-06-07,300308,784.12
2024-06-11,300308,780.84
2024-06-12,300308,782.16
2024-06-13,300308,811.62
2024-06-14,300308,907.41
2024-06-17,300308,935.03
2024-06-18,300308,963.9
2024-06-19,300308,957.93
2024-06-20,300308,949.4
2024-06-21,300308,938.25
2024-06-24,300308,919.94
2024-06-25,300308,885.1
2024-06-26,300308,918.56
2024-06-27,300308,893.24
2024-06-28,300308,904.65
2024-07-01,300308,950.71
2024-07-02,300308,955.37
2024-07-03,300308,941.53
2024-07-04,300308,938.31
2024-07-05,300308,928.4
2024-07-08,300308,947.37
2024-07-09,300308,1012.58
2024-07-10,300308,1033.58
2024-07-11,300308,1005.56
2024-07-12,300308,984.96
2024-07-15,300308,981.42
2024-07-16,300308,971.84
2024-07-17,300308,929.78
2024-07-18,300308,918.56
2024-07-19,300308,885.63
2024-07-22,300308,883.13
2024-07-23,300308,858.99
2024-07-24,300308,855.18
2024-07-25,300308,802.23
2024-07-26,300308,815.22
2024-07-29,300308,850.26
2024-07-30,300308,837.6
2024-07-31,300308,849.67
2024-08-01,300308,852.3
2024-08-02,300308,780.65
2024-08-05,300308,722.52
2024-08-06,300308,751.12
2024-08-07,300308,743.51
2024-08-08,300308,725.01
2024-08-09,300308,738.33
2024-08-12,300308,743.71
2024-08-13,300308,767.26
2024-08-14,300308,759.65
2024-08-15,300308,755.19
2024-08-16,300308,787.08
2024-08-19,300308,798.1
2024-08-20,300308,798.43
2024-08-21,300308,801.91
2024-08-22,300308,796.46
2024-08-23,300308,786.82
2024-08-26,300308,750.2
2024-08-27,300308,743.05
2024-08-28,300308,738.52
2024-08-29,300308,699.68
2024-08-30,300308,714.51
2024-09-02,300308,683.21
2024-09-03,300308,690.96
2024-09-04,300308,668.58
2024-09-05,300308,667.07
2024-09-06,300308,652.31
2024-09-09,300308,669.24
2024-09-10,300308,698.3
2024-09-11,300308,696.66
2024-09-12,300308,708.61
2024-09-13,300308,760.7
2024-09-18,300308,745.61
2024-09-19,300308,721.93
2024-09-20,300308,715.17
2024-09-23,300308,714.51
2024-09-24,300308,801.51
2024-09-25,300308,800.4
2024-09-26,300308,850.85
2024-09-27,300308,876.57
2024-09-30,300308,1016.06
2024-10-08,300308,1219.26
2024-10-09,300308,1091.78
2024-10-10,300308,1067.57
2024-10-11,300308,1047.42
2024-10-14,300308,1062.91
2024-10-15,300308,1035.35
2024-10-16,300308,975.65
2024-10-17,300308,987.46
2024-10-18,300308,1102.28
2024-10-21,300308,1082.4
2024-10-22,300308,1115.4
2024-10-23,300308,1024.59
2024-10-24,300308,1030.76
2024-10-25,300308,1025.9
2024-10-28,300308,987.72
2024-10-29,300308,941.33
2024-10-30,300308,926.76
2024-10-31,300308,938.38
2024-11-01,300308,923.35
2024-11-04,300308,939.23
2024-11-05,300308,972.96
2024-11-06,300308,937.59
2024-11-07,300308,951.89
2024-11-08,300308,933.06
2024-11-11,300308,950.71
2024-11-12,300308,967.77
2024-11-13,300308,1025.51
2024-11-14,300308,976.37
2024-11-15,300308,921.84
2024-11-18,300308,866.14
2024-11-19,300308,884.45
2024-11-20,300308,906.36
2024-11-21,300308,877.88
2024-11-22,300308,867.91
2024-11-25,300308,820.15
2024-11-26,300308,833.53
2024-11-27,300308,844.36
2024-11-28,300308,818.77
2024-11-29,300308,831.5
2024-12-02,300308,866.27
2024-12-03,300308,852.95
2024-12-04,300308,839.96
2024-12-05,300308,865.02
2024-12-06,300308,862.86
2024-12-09,300308,820.8
2024-12-10,300308,808.01
2024-12-11,300308,821.0
2024-12-12,300308,854.07
2024-12-13,300308,833.92
2024-12-16,300308,805.71
2024-12-17,300308,826.64
2024-12-18,300308,809.84
2024-12-19,300308,833.53
2024-12-20,300308,833.92
2024-12-23,300308,869.94
2024-12-24,300308,863.52
2024-12-25,300308,885.69
2024-12-26,300308,923.81
2024-12-27,300308,897.9
2024-12-30,300308,860.69
2024-12-31,300308,810.37
2025-01-02,300308,801.18
2025-01-03,300308,807.09
2025-01-06,300308,823.36
2025-01-07,300308,842.13
2025-01-08,300308,815.03
2025-01-09,300308,797.25
2025-01-10,300308,742.26
2025-01-13,300308,726.98
2025-01-14,300308,750.27
2025-01-15,300308,725.27
2025-01-16,300308,783.99
2025-01-17,300308,767.0
2025-01-20,300308,781.83
2025-01-21,300308,784.45
2025-01-22,300308,866.07
2025-01-23,300308,838.19
2025-01-24,300308,841.47
2025-01-27,300308,753.35
2025-02-05,300308,644.63
2025-02-06,300308,662.68
2025-02-07,300308,707.16
2025-02-10,300308,725.8
2025-02-11,300308,731.57
2025-02-12,300308,734.19
2025-02-13,300308,709.39
2025-02-14,300308,704.87
2025-02-17,300308,758.21
2025-02-18,300308,745.28
2025-02-19,300308,749.55
2025-02-20,300308,750.86
2025-02-21,300308,779.01
2025-02-24,300308,751.25
2025-02-25,300308,730.59
2025-02-26,300308,736.29
2025-02-27,300308,709.79
2025-02-28,300308,661.82
2025-03-03,300308,674.29
2025-03-04,300308,672.26
2025-03-05,300308,678.82
2025-03-06,300308,690.04
2025-03-07,300308,670.81
2025-03-10,300308,671.73
2025-03-11,300308,667.8
2025-03-12,300308,671.6
2025-03-13,300308,672.45
2025-03-14,300308,682.3
2025-03-17,300308,684.07
2025-03-18,300308,714.25
2025-03-19,300308,688.79
2025-03-20,300308,688.92
2025-03-21,300308,672.19
2025-03-24,300308,675.01
2025-03-25,300308,669.24
2025-03-26,300308,663.2
2025-03-27,300308,650.34
2025-03-28,300308,639.12
2025-03-31,300308,647.19
2025-04-01,300308,647.0
2025-04-02,300308,654.54
2025-04-03,300308,615.96
2025-04-07,300308,492.74
2025-04-08,300308,474.24
2025-04-09,300308,472.34
2025-04-10,300308,508.42
2025-04-11,300308,514.2
2025-04-14,300308,535.0
2025-04-15,300308,526.01
2025-04-16,300308,511.71
2025-04-17,300308,509.21
2025-04-18,300308,519.25
2025-04-21,300308,532.7
2025-04-22,300308,525.35
2025-04-23,300308,547.99
2025-04-24,300308,533.62
2025-04-25,300308,559.47
2025-04-28,300308,547.14
2025-04-29,300308,545.17
2025-04-30,300308,547.79
2025-05-06,300308,568.53
2025-05-07,300308,568.53
2025-05-08,300308,633.09
2025-05-09,300308,622.0
2025-05-12,300308,638.2
2025-05-13,300308,632.69
2025-05-14,300308,645.55
2025-05-15,300308,617.54
2025-05-16,300308,641.88
2025-05-19,300308,625.15
2025-05-20,300308,629.61
2025-05-21,300308,628.1
2025-05-22,300308,619.77
2025-05-23,300308,602.77
2025-05-26,300308,605.99
2025-05-27,300308,591.55
2025-05-28,300308,607.7
2025-05-29,300308,622.92
2025-05-30,300308,613.8
2025-06-03,300308,602.05
2025-06-04,300308,638.4
2025-06-05,300308,675.01
2025-06-06,300308,678.75
2025-06-09,300308,712.21
2025-06-10,300308,707.1
2025-06-11,300308,708.47
2025-06-12,300308,761.1
2025-06-13,300308,765.36
2025-06-16,300308,791.08
2025-06-17,300308,783.14
2025-06-18,300308,820.54
2025-06-19,300308,845.18
2025-06-20,300308,853.08
2025-06-23,300308,837.21
2025-06-24,300308,825.08
2025-06-25,300308,828.25
2025-06-26,300308,854.4
2025-06-27,300308,911.71
2025-06-30,300308,960.85
2025-07-01,300308,957.16
2025-07-02,300308,915.2
2025-07-03,300308,937.14
2025-07-04,300308,918.63
2025-07-07,300308,890.3
2025-07-08,300308,954.4
2025-07-09,300308,957.16
2025-07-10,300308,965.66
2025-07-11,300308,957.03
2025-07-14,300308,986.94
2025-07-15,300308,1151.56
2025-07-16,300308,1124.88
2025-07-17,300308,1165.0
2025-07-18,300308,1189.83
2025-07-21,300308,1238.12
2025-07-22,300308,1215.0
2025-07-23,300308,1226.46
2025-07-24,300308,1220.01
2025-07-25,300308,1220.14
2025-07-28,300308,1263.94
2025-07-29,300308,1382.91
2025-07-30,300308,1387.33
2025-07-31,300308,1433.51
2025-08-01,300308,1387.53
2025-08-04,300308,1372.97
2025-08-05,300308,1389.44
2025-08-06,300308,1386.8
2025-08-07,300308,1373.23
2025-08-08,300308,1378.76
2025-08-11,300308,1414.67
2025-08-12,300308,1486.67
2025-08-13,300308,1660.05
2025-08-14,300308,1577.51
2025-08-15,300308,1568.16
2025-08-18,300308,1712.75
2025-08-19,300308,1814.86
2025-08-20,300308,1764.07
2025-08-21,300308,1747.14
2025-08-22,300308,1837.25
2025-08-25,300308,2108.0
2025-08-26,300308,2068.48
2025-08-27,300308,2141.6
2025-08-28,300308,2365.11
2025-08-29,300308,2338.04
2025-09-01,300308,2675.19
2025-09-02,300308,2529.6
2025-09-03,300308,2807.53
2025-09-04,300308,2431.71
2025-09-05,300308,2681.11
2025-09-08,300308,2437.31
2025-09-09,300308,2366.82
2025-09-10,300308,2536.19
2025-09-11,300308,2898.3
2025-09-12,300308,2780.52
2025-09-15,300308,2687.83
2025-09-16,300308,2710.23
2025-09-17,300308,2675.84
2025-09-18,300308,2696.92
2025-09-19,300308,2776.63
2025-09-22,300308,2753.58
2025-09-23,300308,2860.89
2025-09-24,300308,2789.81
2025-09-25,300308,2862.93
2025-09-26,300308,2725.25
2025-09-29,300308,2745.34
2025-09-30,300308,2659.24
2025-10-09,300308,2627.16
2025-10-10,300308,2569.13
2025-10-13,300308,2485.97
2025-10-14,300308,2282.28
2025-10-15,300308,2335.16
2025-10-16,300308,2419.9
2025-10-17,300308,2463.62
2025-10-20,300308,2657.49
2025-10-21,300308,2911.37
2025-10-22,300308,2929.83
2025-10-23,300308,2907.28
2025-10-24,300308,3257.57
2025-10-27,300308,3356.09
2025-10-28,300308,3382.86
2025-10-29,300308,3433.77
2025-10-30,300308,3394.33
2025-10-31,300308,3119.15
2025-11-03,300308,3165.25
2025-11-04,300308,3150.74
2025-11-05,300308,3145.53
2025-11-06,300308,3276.56
2025-11-07,300308,3231.52
2025-11-10,300308,3231.19
2025-11-11,300308,3086.45
2025-11-12,300308,3242.73
2025-11-13,300308,3171.84
2025-11-14,300308,3051.96
2025-11-17,300308,3186.35
2025-11-18,300308,3118.49
2025-11-19,300308,3221.96
2025-11-20,300308,3244.38
2025-11-21,300308,3059.81
2025-11-24,300308,3012.26
2025-11-25,300308,3163.01
2025-11-26,300308,3582.14
2025-11-27,300308,3455.4
2025-11-28,300308,3392.75
2025-12-01,300308,3547.72
2025-12-02,300308,3574.09
2025-12-03,300308,3453.62
2025-12-04,300308,3531.23
2025-12-05,300308,3541.45
2025-12-08,300308,3758.73
2025-12-09,300308,3996.13
2025-12-10,300308,4062.07
2025-12-11,300308,3869.58
2025-12-12,300308,3837.86
2025-12-15,300308,3764.4
2025-12-16,300308,3638.65
2025-12-17,300308,3890.49
2025-12-18,300308,3766.65
2025-12-19,300308,3769.94
2025-12-22,300308,4071.96
2025-12-23,300308,4095.04
2025-12-24,300308,4183.4
2025-12-25,300308,4219.01
2025-12-26,300308,4134.61
2025-12-29,300308,4075.26
2025-12-30,300308,4167.58
2025-12-31,300308,4022.5
2026-01-05,300308,4111.59
2026-01-06,300308,3991.18
2026-01-07,300308,4085.81
2026-01-08,300308,3926.56
2026-01-09,300308,3845.78
2026-01-12,300308,3903.61
2026-01-13,300308,3862.66
2026-01-14,300308,3910.4
2026-01-15,300308,4121.55
2026-01-16,300308,4068.66
2026-01-19,300308,3992.83
2026-01-20,300308,3857.65
2026-01-21,300308,3837.2
2026-01-22,300308,4095.04
2026-01-23,300308,3857.65
2026-01-26,300308,3889.3
2026-01-27,300308,4059.43
2026-01-28,300308,4141.2
2026-01-29,300308,4047.89
2026-01-30,300308,4279.68
2026-02-02,300308,3897.21
2026-02-03,300308,3888.64
2026-02-04,300308,3692.79
2026-02-05,300308,3705.91
2026-02-06,300308,3560.97
2026-02-09,300308,3732.29
2026-02-10,300308,3664.5
2026-02-11,300308,3507.56
2026-02-12,300308,3478.21
2026-02-13,300308,3501.56
2026-02-24,300308,3653.22
2026-02-25,300308,3732.82
2026-02-26,300308,3773.37
2026-02-27,300308,3521.34
2026-03-02,300308,3762.56
2026-03-03,300308,3717.85
2026-03-04,300308,3554.31
2026-03-05,300308,3673.01
2026-03-06,300308,3597.04
2026-03-09,300308,3468.52
2026-03-10,300308,3607.06
2026-03-11,300308,3657.71
2026-03-12,300308,3526.61
2026-03-13,300308,3574.22
2026-03-16,300308,3704.0
2026-03-17,300308,3580.69
2026-03-18,300308,3824.67
2026-03-19,300308,3793.02
2026-03-20,300308,4035.69
2026-03-23,300308,3954.05
2026-03-24,300308,3977.6
2026-03-25,300308,4143.84
2026-03-26,300308,4050.2
2026-03-27,300308,3943.37
2026-03-30,300308,3884.55
2026-03-31,300308,3754.84
2026-04-01,300308,3968.89
2026-04-02,300308,3837.86
2026-04-03,300308,3999.55
2026-04-07,300308,4085.35
2026-04-08,300308,4537.78
2026-04-09,300308,4569.96
2026-04-10,300308,4844.48
2026-04-13,300308,4866.57
2026-04-14,300308,5097.37
2026-04-15,300308,5143.4
2026-04-16,300308,5338.78
2026-04-17,300308,5611.72
2026-04-20,300308,5605.13
2026-04-21,300308,5703.12
2026-04-22,300308,5846.61
2026-04-23,300308,5915.06
2026-04-24,300308,5849.05
2026-04-27,300308,5651.48
2026-04-28,300308,5440.27
2026-04-29,300308,5578.75
2026-04-30,300308,5661.28
2026-05-06,300308,5651.37
2026-05-07,300308,5793.12
2026-05-08,300308,5849.43
2026-05-11,300308,6206.8
2026-05-12,300308,6720.84
2026-05-13,300308,6926.89
2026-05-14,300308,7117.03
2026-05-15,300308,6931.32
2020-01-02,600036,193.11
2020-01-03,600036,195.69
2020-01-06,600036,194.9
2020-01-07,600036,194.45
2020-01-08,600036,190.77
2020-01-09,600036,193.21
2020-01-10,600036,193.9
2020-01-13,600036,194.2
2020-01-14,600036,192.76
2020-01-15,600036,189.33
2020-01-16,600036,188.54
2020-01-17,600036,188.39
2020-01-20,600036,190.28
2020-01-21,600036,187.69
2020-01-22,600036,187.84
2020-01-23,600036,182.83
2020-02-03,600036,173.99
2020-02-04,600036,175.57
2020-02-05,600036,175.62
2020-02-06,600036,177.56
2020-02-07,600036,175.92
2020-02-10,600036,174.33
2020-02-11,600036,176.67
2020-02-12,600036,176.82
2020-02-13,600036,175.18
2020-02-14,600036,177.02
2020-02-17,600036,179.65
2020-02-18,600036,177.31
2020-02-19,600036,176.47
2020-02-20,600036,178.7
2020-02-21,600036,177.02
2020-02-24,600036,174.08
2020-02-25,600036,172.0
2020-02-26,600036,172.99
2020-02-27,600036,174.93
2020-02-28,600036,169.86
2020-03-02,600036,172.59
2020-03-03,600036,171.95
2020-03-04,600036,172.74
2020-03-05,600036,179.95
2020-03-06,600036,175.87
2020-03-09,600036,169.76
2020-03-10,600036,172.25
2020-03-11,600036,171.1
2020-03-12,600036,169.66
2020-03-13,600036,165.94
2020-03-16,600036,157.3
2020-03-17,600036,157.6
2020-03-18,600036,153.08
2020-03-19,600036,145.58
2020-03-20,600036,154.17
2020-03-23,600036,149.8
2020-03-24,600036,156.5
2020-03-25,600036,161.37
2020-03-26,600036,162.51
2020-03-27,600036,162.51
2020-03-30,600036,162.16
2020-03-31,600036,160.33
2020-04-01,600036,159.58
2020-04-02,600036,160.63
2020-04-03,600036,159.68
2020-04-07,600036,161.52
2020-04-08,600036,160.03
2020-04-09,600036,160.43
2020-04-10,600036,159.43
2020-04-13,600036,158.59
2020-04-14,600036,162.46
2020-04-15,600036,161.02
2020-04-16,600036,159.43
2020-04-17,600036,163.21
2020-04-20,600036,163.41
2020-04-21,600036,162.16
2020-04-22,600036,162.56
2020-04-23,600036,162.36
2020-04-24,600036,161.47
2020-04-27,600036,166.78
2020-04-28,600036,168.17
2020-04-29,600036,173.94
2020-04-30,600036,174.28
2020-05-06,600036,172.0
2020-05-07,600036,171.1
2020-05-08,600036,173.69
2020-05-11,600036,173.64
2020-05-12,600036,171.8
2020-05-13,600036,171.55
2020-05-14,600036,168.52
2020-05-15,600036,168.12
2020-05-18,600036,167.88
2020-05-19,600036,170.21
2020-05-20,600036,172.25
2020-05-21,600036,172.5
2020-05-22,600036,167.03
2020-05-25,600036,164.35
2020-05-26,600036,166.04
2020-05-27,600036,166.04
2020-05-28,600036,169.96
2020-05-29,600036,167.98
2020-06-01,600036,172.94
2020-06-02,600036,174.04
2020-06-03,600036,174.93
2020-06-04,600036,174.58
2020-06-05,600036,175.03
2020-06-08,600036,177.16
2020-06-09,600036,176.47
2020-06-10,600036,175.53
2020-06-11,600036,171.2
2020-06-12,600036,171.35
2020-06-15,600036,166.73
2020-06-16,600036,169.57
2020-06-17,600036,169.86
2020-06-18,600036,168.32
2020-06-19,600036,168.17
2020-06-22,600036,166.39
2020-06-23,600036,165.64
2020-06-24,600036,168.37
2020-06-29,600036,167.08
2020-06-30,600036,167.48
2020-07-01,600036,172.79
2020-07-02,600036,175.33
2020-07-03,600036,182.48
2020-07-06,600036,200.71
2020-07-07,600036,203.94
2020-07-08,600036,201.15
2020-07-09,600036,198.22
2020-07-10,600036,190.75
2020-07-13,600036,191.0
2020-07-14,600036,186.96
2020-07-15,600036,183.63
2020-07-16,600036,182.3
2020-07-17,600036,184.76
2020-07-20,600036,190.85
2020-07-21,600036,188.65
2020-07-22,600036,186.6
2020-07-23,600036,182.3
2020-07-24,600036,177.18
2020-07-27,600036,175.38
2020-07-28,600036,177.07
2020-07-29,600036,179.58
2020-07-30,600036,176.97
2020-07-31,600036,178.2
2020-08-03,600036,179.23
2020-08-04,600036,187.83
2020-08-05,600036,185.88
2020-08-06,600036,189.57
2020-08-07,600036,187.47
2020-08-10,600036,189.47
2020-08-11,600036,192.23
2020-08-12,600036,193.51
2020-08-13,600036,191.16
2020-08-14,600036,194.59
2020-08-17,600036,199.96
2020-08-18,600036,198.94
2020-08-19,600036,196.38
2020-08-20,600036,192.13
2020-08-21,600036,193.41
2020-08-24,600036,192.03
2020-08-25,600036,192.44
2020-08-26,600036,190.64
2020-08-27,600036,188.95
2020-08-28,600036,196.89
2020-08-31,600036,193.0
2020-09-01,600036,191.62
2020-09-02,600036,190.49
2020-09-03,600036,189.36
2020-09-04,600036,188.44
2020-09-07,600036,188.39
2020-09-08,600036,192.49
2020-09-09,600036,192.54
2020-09-10,600036,193.05
2020-09-11,600036,190.7
2020-09-14,600036,191.26
2020-09-15,600036,194.08
2020-09-16,600036,194.89
2020-09-17,600036,193.92
2020-09-18,600036,199.66
2020-09-21,600036,197.66
2020-09-22,600036,193.97
2020-09-23,600036,192.03
2020-09-24,600036,189.77
2020-09-25,600036,190.39
2020-09-28,600036,190.75
2020-09-29,600036,185.93
2020-09-30,600036,184.35
2020-10-09,600036,185.27
2020-10-12,600036,192.33
2020-10-13,600036,193.51
2020-10-14,600036,194.84
2020-10-15,600036,199.76
2020-10-16,600036,203.7
2020-10-19,600036,204.78
2020-10-20,600036,204.68
2020-10-21,600036,208.93
2020-10-22,600036,210.92
2020-10-23,600036,211.08
2020-10-26,600036,208.0
2020-10-27,600036,207.13
2020-10-28,600036,205.34
2020-10-29,600036,205.8
2020-10-30,600036,203.86
2020-11-02,600036,206.11
2020-11-03,600036,211.18
2020-11-04,600036,219.83
2020-11-05,600036,219.12
2020-11-06,600036,217.53
2020-11-09,600036,220.34
2020-11-10,600036,223.88
2020-11-11,600036,227.1
2020-11-12,600036,223.16
2020-11-13,600036,218.04
2020-11-16,600036,220.19
2020-11-17,600036,224.49
2020-11-18,600036,229.15
2020-11-19,600036,229.77
2020-11-20,600036,230.69
2020-11-23,600036,232.48
2020-11-24,600036,229.77
2020-11-25,600036,227.51
2020-11-26,600036,230.89
2020-11-27,600036,234.79
2020-11-30,600036,226.34
2020-12-01,600036,236.58
2020-12-02,600036,239.65
2020-12-03,600036,238.06
2020-12-04,600036,234.43
2020-12-07,600036,227.46
2020-12-08,600036,226.64
2020-12-09,600036,226.54
2020-12-10,600036,226.75
2020-12-11,600036,218.55
2020-12-14,600036,227.21
2020-12-15,600036,227.1
2020-12-16,600036,225.62
2020-12-17,600036,225.57
2020-12-18,600036,220.7
2020-12-21,600036,219.63
2020-12-22,600036,214.61
2020-12-23,600036,216.71
2020-12-24,600036,217.99
2020-12-25,600036,218.76
2020-12-28,600036,220.4
2020-12-29,600036,219.32
2020-12-30,600036,220.45
2020-12-31,600036,225.06
2021-01-04,600036,221.06
2021-01-05,600036,215.99
2021-01-06,600036,226.08
2021-01-07,600036,235.04
2021-01-08,600036,238.63
2021-01-11,600036,247.95
2021-01-12,600036,254.5
2021-01-13,600036,252.96
2021-01-14,600036,251.17
2021-01-15,600036,261.87
2021-01-18,600036,265.87
2021-01-19,600036,265.51
2021-01-20,600036,264.84
2021-01-21,600036,269.56
2021-01-22,600036,264.43
2021-01-25,600036,266.84
2021-01-26,600036,263.21
2021-01-27,600036,266.28
2021-01-28,600036,264.28
2021-01-29,600036,261.67
2021-02-01,600036,268.33
2021-02-02,600036,266.12
2021-02-03,600036,271.65
2021-02-04,600036,273.96
2021-02-05,600036,280.31
2021-02-08,600036,282.97
2021-02-09,600036,282.97
2021-02-10,600036,279.34
2021-02-18,600036,285.17
2021-02-19,600036,282.66
2021-02-22,600036,277.54
2021-02-23,600036,284.46
2021-02-24,600036,274.47
2021-02-25,600036,278.82
2021-02-26,600036,261.67
2021-03-01,600036,258.03
2021-03-02,600036,253.73
2021-03-03,600036,270.22
2021-03-04,600036,268.33
2021-03-05,600036,263.21
2021-03-08,600036,255.68
2021-03-09,600036,248.36
2021-03-10,600036,252.2
2021-03-11,600036,266.12
2021-03-12,600036,273.04
2021-03-15,600036,271.96
2021-03-16,600036,278.16
2021-03-17,600036,273.45
2021-03-18,600036,277.75
2021-03-19,600036,265.05
2021-03-22,600036,275.39
2021-03-23,600036,273.86
2021-03-24,600036,267.3
2021-03-25,600036,261.21
2021-03-26,600036,264.23
2021-03-29,600036,260.85
2021-03-30,600036,264.02
2021-03-31,600036,261.67
2021-04-01,600036,261.41
2021-04-02,600036,260.9
2021-04-06,600036,261.11
2021-04-07,600036,258.24
2021-04-08,600036,258.6
2021-04-09,600036,257.32
2021-04-12,600036,258.39
2021-04-13,600036,257.68
2021-04-14,600036,254.5
2021-04-15,600036,253.17
2021-04-16,600036,254.71
2021-04-19,600036,265.1
2021-04-20,600036,266.23
2021-04-21,600036,270.84
2021-04-22,600036,269.4
2021-04-23,600036,272.93
2021-04-26,600036,266.64
2021-04-27,600036,266.64
2021-04-28,600036,265.05
2021-04-29,600036,272.83
2021-04-30,600036,269.86
2021-05-06,600036,274.83
2021-05-07,600036,277.44
2021-05-10,600036,276.01
2021-05-11,600036,275.7
2021-05-12,600036,274.93
2021-05-13,600036,272.42
2021-05-14,600036,281.54
2021-05-17,600036,284.97
2021-05-18,600036,286.5
2021-05-19,600036,280.62
2021-05-20,600036,284.05
2021-05-21,600036,277.08
2021-05-24,600036,276.93
2021-05-25,600036,294.7
2021-05-26,600036,299.56
2021-05-27,600036,296.75
2021-05-28,600036,299.56
2021-05-31,600036,297.98
2021-06-01,600036,293.72
2021-06-02,600036,294.85
2021-06-03,600036,288.19
2021-06-04,600036,294.6
2021-06-07,600036,291.88
2021-06-08,600036,290.35
2021-06-09,600036,289.17
2021-06-10,600036,288.55
2021-06-11,600036,288.45
2021-06-15,600036,280.62
2021-06-16,600036,284.71
2021-06-17,600036,282.25
2021-06-18,600036,280.05
2021-06-21,600036,274.93
2021-06-22,600036,284.0
2021-06-23,600036,280.72
2021-06-24,600036,281.64
2021-06-25,600036,288.81
2021-06-28,600036,280.1
2021-06-29,600036,275.5
2021-06-30,600036,277.49
2021-07-01,600036,286.76
2021-07-02,600036,271.65
2021-07-05,600036,271.09
2021-07-06,600036,274.16
2021-07-07,600036,273.6
2021-07-08,600036,257.83
2021-07-09,600036,255.52
2021-07-12,600036,258.08
2021-07-13,600036,262.41
2021-07-14,600036,257.05
2021-07-15,600036,268.08
2021-07-16,600036,267.82
2021-07-19,600036,266.92
2021-07-20,600036,262.09
2021-07-21,600036,260.99
2021-07-22,600036,263.88
2021-07-23,600036,262.83
2021-07-26,600036,250.49
2021-07-27,600036,242.45
2021-07-28,600036,249.28
2021-07-29,600036,251.8
2021-07-30,600036,244.18
2021-08-02,600036,250.54
2021-08-03,600036,249.91
2021-08-04,600036,246.81
2021-08-05,600036,245.5
2021-08-06,600036,249.91
2021-08-09,600036,257.63
2021-08-10,600036,263.67
2021-08-11,600036,267.29
2021-08-12,600036,266.13
2021-08-13,600036,268.76
2021-08-16,600036,267.13
2021-08-17,600036,260.57
2021-08-18,600036,279.05
2021-08-19,600036,270.86
2021-08-20,600036,267.97
2021-08-23,600036,272.49
2021-08-24,600036,274.12
2021-08-25,600036,270.07
2021-08-26,600036,260.46
2021-08-27,600036,264.4
2021-08-30,600036,254.42
2021-08-31,600036,257.1
2021-09-01,600036,266.71
2021-09-02,600036,270.97
2021-09-03,600036,273.07
2021-09-06,600036,268.87
2021-09-07,600036,277.32
2021-09-08,600036,275.22
2021-09-09,600036,273.59
2021-09-10,600036,284.2
2021-09-13,600036,283.15
2021-09-14,600036,273.59
2021-09-15,600036,269.92
2021-09-16,600036,266.24
2021-09-17,600036,269.13
2021-09-22,600036,259.47
2021-09-23,600036,256.47
2021-09-24,600036,256.1
2021-09-27,600036,257.79
2021-09-28,600036,264.77
2021-09-29,600036,270.76
2021-09-30,600036,264.93
2021-10-08,600036,267.45
2021-10-11,600036,278.32
2021-10-12,600036,278.79
2021-10-13,600036,278.48
2021-10-14,600036,274.96
2021-10-15,600036,279.95
2021-10-18,600036,272.33
2021-10-19,600036,277.69
2021-10-20,600036,275.17
2021-10-21,600036,282.26
2021-10-22,600036,285.09
2021-10-25,600036,286.67
2021-10-26,600036,290.4
2021-10-27,600036,286.3
2021-10-28,600036,284.72
2021-10-29,600036,283.41
2021-11-01,600036,284.2
2021-11-02,600036,274.38
2021-11-03,600036,271.49
2021-11-04,600036,271.75
2021-11-05,600036,270.76
2021-11-08,600036,269.39
2021-11-09,600036,268.13
2021-11-10,600036,265.87
2021-11-11,600036,277.37
2021-11-12,600036,275.17
2021-11-15,600036,277.95
2021-11-16,600036,275.69
2021-11-17,600036,272.23
2021-11-18,600036,269.97
2021-11-19,600036,274.8
2021-11-22,600036,271.44
2021-11-23,600036,271.75
2021-11-24,600036,271.7
2021-11-25,600036,270.02
2021-11-26,600036,263.09
2021-11-29,600036,261.62
2021-11-30,600036,259.89
2021-12-01,600036,262.51
2021-12-02,600036,267.24
2021-12-03,600036,269.13
2021-12-06,600036,272.12
2021-12-07,600036,272.23
2021-12-08,600036,273.28
2021-12-09,600036,279.0
2021-12-10,600036,280.89
2021-12-13,600036,275.27
2021-12-14,600036,268.6
2021-12-15,600036,267.82
2021-12-16,600036,268.87
2021-12-17,600036,266.61
2021-12-20,600036,266.19
2021-12-21,600036,265.87
2021-12-22,600036,262.62
2021-12-23,600036,263.72
2021-12-24,600036,261.83
2021-12-27,600036,259.05
2021-12-28,600036,260.62
2021-12-29,600036,250.07
2021-12-30,600036,254.69
2021-12-31,600036,255.79
2022-01-04,600036,253.9
2022-01-05,600036,257.58
2022-01-06,600036,252.85
2022-01-07,600036,257.58
2022-01-10,600036,258.52
2022-01-11,600036,261.78
2022-01-12,600036,261.3
2022-01-13,600036,259.1
2022-01-14,600036,252.17
2022-01-17,600036,255.11
2022-01-18,600036,257.37
2022-01-19,600036,260.99
2022-01-20,600036,269.76
2022-01-21,600036,272.12
2022-01-24,600036,272.28
2022-01-25,600036,267.29
2022-01-26,600036,267.82
2022-01-27,600036,266.61
2022-01-28,600036,258.42
2022-02-07,600036,269.65
2022-02-08,600036,271.54
2022-02-09,600036,271.07
2022-02-10,600036,271.54
2022-02-11,600036,277.06
2022-02-14,600036,268.87
2022-02-15,600036,263.72
2022-02-16,600036,268.18
2022-02-17,600036,270.23
2022-02-18,600036,273.38
2022-02-21,600036,271.81
2022-02-22,600036,268.97
2022-02-23,600036,266.92
2022-02-24,600036,262.67
2022-02-25,600036,261.57
2022-02-28,600036,261.51
2022-03-01,600036,263.82
2022-03-02,600036,259.78
2022-03-03,600036,261.15
2022-03-04,600036,255.74
2022-03-07,600036,245.55
2022-03-08,600036,238.83
2022-03-09,600036,233.1
2022-03-10,600036,234.73
2022-03-11,600036,233.42
2022-03-14,600036,221.34
2022-03-15,600036,207.16
2022-03-16,600036,223.6
2022-03-17,600036,233.73
2022-03-18,600036,242.45
2022-03-21,600036,235.31
2022-03-22,600036,239.09
2022-03-23,600036,240.3
2022-03-24,600036,240.35
2022-03-25,600036,237.25
2022-03-28,600036,236.57
2022-03-29,600036,236.36
2022-03-30,600036,242.77
2022-03-31,600036,245.76
2022-04-01,600036,247.34
2022-04-06,600036,248.86
2022-04-07,600036,246.08
2022-04-08,600036,247.76
2022-04-11,600036,241.03
2022-04-12,600036,239.98
2022-04-13,600036,240.25
2022-04-14,600036,240.3
2022-04-15,600036,245.92
2022-04-18,600036,227.85
2022-04-19,600036,221.08
2022-04-20,600036,215.83
2022-04-21,600036,216.77
2022-04-22,600036,223.18
2022-04-25,600036,203.91
2022-04-26,600036,201.7
2022-04-27,600036,199.76
2022-04-28,600036,208.06
2022-04-29,600036,209.68
2022-05-05,600036,206.17
2022-05-06,600036,199.08
2022-05-09,600036,191.51
2022-05-10,600036,194.19
2022-05-11,600036,195.4
2022-05-12,600036,192.25
2022-05-13,600036,195.09
2022-05-16,600036,193.72
2022-05-17,600036,202.7
2022-05-18,600036,202.17
2022-05-19,600036,199.71
2022-05-20,600036,209.84
2022-05-23,600036,207.37
2022-05-24,600036,204.27
2022-05-25,600036,203.64
2022-05-26,600036,201.81
2022-05-27,600036,205.43
2022-05-30,600036,205.17
2022-05-31,600036,208.42
2022-06-01,600036,208.42
2022-06-02,600036,204.38
2022-06-06,600036,204.64
2022-06-07,600036,206.64
2022-06-08,600036,207.58
2022-06-09,600036,211.57
2022-06-10,600036,210.68
2022-06-13,600036,202.54
2022-06-14,600036,206.06
2022-06-15,600036,212.57
2022-06-16,600036,209.84
2022-06-17,600036,209.26
2022-06-20,600036,208.48
2022-06-21,600036,211.78
2022-06-22,600036,206.43
2022-06-23,600036,210.79
2022-06-24,600036,211.1
2022-06-27,600036,216.62
2022-06-28,600036,216.77
2022-06-29,600036,215.36
2022-06-30,600036,221.6
2022-07-01,600036,217.3
2022-07-04,600036,215.57
2022-07-05,600036,215.2
2022-07-06,600036,209.0
2022-07-07,600036,208.74
2022-07-08,600036,209.05
2022-07-11,600036,207.11
2022-07-12,600036,206.38
2022-07-13,600036,199.02
2022-07-14,600036,191.57
2022-07-15,600036,191.08
2022-07-18,600036,195.25
2022-07-19,600036,195.69
2022-07-20,600036,196.45
2022-07-21,600036,194.32
2022-07-22,600036,195.03
2022-07-25,600036,196.45
2022-07-26,600036,199.09
2022-07-27,600036,197.55
2022-07-28,600036,196.07
2022-07-29,600036,192.18
2022-08-01,600036,189.17
2022-08-02,600036,185.82
2022-08-03,600036,181.17
2022-08-04,600036,184.45
2022-08-05,600036,187.96
2022-08-08,600036,185.82
2022-08-09,600036,184.13
2022-08-10,600036,181.66
2022-08-11,600036,188.29
2022-08-12,600036,188.34
2022-08-15,600036,184.84
2022-08-16,600036,185.82
2022-08-17,600036,187.63
2022-08-18,600036,184.78
2022-08-19,600036,185.49
2022-08-22,600036,184.23
2022-08-23,600036,181.39
2022-08-24,600036,179.96
2022-08-25,600036,184.62
2022-08-26,600036,184.67
2022-08-29,600036,182.37
2022-08-30,600036,185.17
2022-08-31,600036,192.07
2022-09-01,600036,189.06
2022-09-02,600036,188.07
2022-09-05,600036,187.58
2022-09-06,600036,184.23
2022-09-07,600036,182.92
2022-09-08,600036,182.48
2022-09-09,600036,189.06
2022-09-13,600036,193.71
2022-09-14,600036,191.03
2022-09-15,600036,197.33
2022-09-16,600036,191.52
2022-09-19,600036,192.29
2022-09-20,600036,189.28
2022-09-21,600036,188.56
2022-09-22,600036,187.25
2022-09-23,600036,188.29
2022-09-26,600036,186.04
2022-09-27,600036,185.77
2022-09-28,600036,184.51
2022-09-29,600036,181.66
2022-09-30,600036,184.4
2022-10-10,600036,174.26
2022-10-11,600036,172.07
2022-10-12,600036,169.6
2022-10-13,600036,163.79
2022-10-14,600036,170.32
2022-10-17,600036,169.99
2022-10-18,600036,168.78
2022-10-19,600036,165.82
2022-10-20,600036,164.78
2022-10-21,600036,162.1
2022-10-24,600036,153.55
2022-10-25,600036,154.48
2022-10-26,600036,153.05
2022-10-27,600036,153.11
2022-10-28,600036,148.94
2022-10-31,600036,146.97
2022-11-01,600036,154.48
2022-11-02,600036,155.74
2022-11-03,600036,153.71
2022-11-04,600036,159.36
2022-11-07,600036,159.79
2022-11-08,600036,159.74
2022-11-09,600036,159.9
2022-11-10,600036,159.96
2022-11-11,600036,171.19
2022-11-14,600036,181.6
2022-11-15,600036,182.37
2022-11-16,600036,182.92
2022-11-17,600036,177.06
2022-11-18,600036,175.74
2022-11-21,600036,174.64
2022-11-22,600036,177.82
2022-11-23,600036,176.56
2022-11-24,600036,176.56
2022-11-25,600036,180.95
2022-11-28,600036,175.14
2022-11-29,600036,191.03
2022-11-30,600036,191.58
2022-12-01,600036,191.8
2022-12-02,600036,188.45
2022-12-05,600036,197.82
2022-12-06,600036,196.45
2022-12-07,600036,193.55
2022-12-08,600036,194.26
2022-12-09,600036,201.39
2022-12-12,600036,196.13
2022-12-13,600036,198.04
2022-12-14,600036,202.26
2022-12-15,600036,199.09
2022-12-16,600036,203.25
2022-12-19,600036,200.02
2022-12-20,600036,195.74
2022-12-21,600036,197.0
2022-12-22,600036,200.02
2022-12-23,600036,199.3
2022-12-26,600036,197.0
2022-12-27,600036,200.95
2022-12-28,600036,204.57
2022-12-29,600036,204.02
2022-12-30,600036,204.18
2023-01-03,600036,205.94
2023-01-04,600036,211.8
2023-01-05,600036,210.98
2023-01-06,600036,210.32
2023-01-09,600036,212.62
2023-01-10,600036,209.61
2023-01-11,600036,213.28
2023-01-12,600036,213.99
2023-01-13,600036,217.33
2023-01-16,600036,221.77
2023-01-17,600036,222.92
2023-01-18,600036,221.28
2023-01-19,600036,222.76
2023-01-20,600036,224.95
2023-01-30,600036,230.32
2023-01-31,600036,225.83
2023-02-01,600036,222.16
2023-02-02,600036,219.36
2023-02-03,600036,215.36
2023-02-06,600036,210.15
2023-02-07,600036,210.48
2023-02-08,600036,210.92
2023-02-09,600036,210.92
2023-02-10,600036,209.11
2023-02-13,600036,206.7
2023-02-14,600036,208.24
2023-02-15,600036,203.69
2023-02-16,600036,204.24
2023-02-17,600036,201.17
2023-02-20,600036,210.92
2023-02-21,600036,212.02
2023-02-22,600036,209.11
2023-02-23,600036,209.72
2023-02-24,600036,205.28
2023-02-27,600036,203.63
2023-02-28,600036,204.46
2023-03-01,600036,209.61
2023-03-02,600036,209.61
2023-03-03,600036,209.61
2023-03-06,600036,202.76
2023-03-07,600036,200.35
2023-03-08,600036,197.28
2023-03-09,600036,194.98
2023-03-10,600036,191.96
2023-03-13,600036,192.07
2023-03-14,600036,189.5
2023-03-15,600036,191.14
2023-03-16,600036,189.88
2023-03-17,600036,188.29
2023-03-20,600036,186.97
2023-03-21,600036,187.58
2023-03-22,600036,189.28
2023-03-23,600036,192.89
2023-03-24,600036,188.67
2023-03-27,600036,187.47
2023-03-28,600036,188.51
2023-03-29,600036,186.97
2023-03-30,600036,188.23
2023-03-31,600036,187.8
2023-04-03,600036,188.34
2023-04-04,600036,187.85
2023-04-06,600036,185.22
2023-04-07,600036,187.08
2023-04-10,600036,187.63
2023-04-11,600036,184.84
2023-04-12,600036,184.89
2023-04-13,600036,186.37
2023-04-14,600036,188.45
2023-04-17,600036,192.89
2023-04-18,600036,195.52
2023-04-19,600036,194.54
2023-04-20,600036,191.74
2023-04-21,600036,189.06
2023-04-24,600036,184.13
2023-04-25,600036,186.48
2023-04-26,600036,185.33
2023-04-27,600036,178.81
2023-04-28,600036,184.13
2023-05-04,600036,187.03
2023-05-05,600036,190.1
2023-05-08,600036,195.08
2023-05-09,600036,191.74
2023-05-10,600036,188.51
2023-05-11,600036,188.78
2023-05-12,600036,186.54
2023-05-15,600036,190.15
2023-05-16,600036,190.81
2023-05-17,600036,189.06
2023-05-18,600036,188.78
2023-05-19,600036,186.04
2023-05-22,600036,187.41
2023-05-23,600036,184.13
2023-05-24,600036,180.45
2023-05-25,600036,177.66
2023-05-26,600036,179.41
2023-05-29,600036,179.14
2023-05-30,600036,178.86
2023-05-31,600036,177.0
2023-06-01,600036,175.69
2023-06-02,600036,181.22
2023-06-05,600036,181.06
2023-06-06,600036,181.22
2023-06-07,600036,182.48
2023-06-08,600036,186.76
2023-06-09,600036,184.89
2023-06-12,600036,184.84
2023-06-13,600036,184.84
2023-06-14,600036,182.97
2023-06-15,600036,184.78
2023-06-16,600036,185.93
2023-06-19,600036,184.02
2023-06-20,600036,181.88
2023-06-21,600036,181.77
2023-06-26,600036,178.7
2023-06-27,600036,179.85
2023-06-28,600036,181.11
2023-06-29,600036,179.08
2023-06-30,600036,179.52
2023-07-03,600036,184.78
2023-07-04,600036,183.63
2023-07-05,600036,181.0
2023-07-06,600036,178.54
2023-07-07,600036,177.06
2023-07-10,600036,177.82
2023-07-11,600036,179.25
2023-07-12,600036,181.93
2023-07-13,600036,184.18
2023-07-14,600036,184.64
2023-07-17,600036,183.02
2023-07-18,600036,181.92
2023-07-19,600036,182.62
2023-07-20,600036,183.25
2023-07-21,600036,183.89
2023-07-24,600036,181.86
2023-07-25,600036,192.39
2023-07-26,600036,192.85
2023-07-27,600036,194.64
2023-07-28,600036,202.97
2023-07-31,600036,205.63
2023-08-01,600036,202.33
2023-08-02,600036,196.78
2023-08-03,600036,200.54
2023-08-04,600036,201.7
2023-08-07,600036,199.5
2023-08-08,600036,197.48
2023-08-09,600036,196.73
2023-08-10,600036,197.42
2023-08-11,600036,191.69
2023-08-14,600036,187.7
2023-08-15,600036,187.13
2023-08-16,600036,184.87
2023-08-17,600036,183.83
2023-08-18,600036,184.35
2023-08-21,600036,180.01
2023-08-22,600036,181.11
2023-08-23,600036,178.39
2023-08-24,600036,179.61
2023-08-25,600036,182.5
2023-08-28,600036,186.55
2023-08-29,600036,185.28
2023-08-30,600036,183.08
2023-08-31,600036,182.44
2023-09-01,600036,186.61
2023-09-04,600036,193.89
2023-09-05,600036,191.46
2023-09-06,600036,192.91
2023-09-07,600036,191.64
2023-09-08,600036,191.81
2023-09-11,600036,190.31
2023-09-12,600036,190.13
2023-09-13,600036,189.38
2023-09-14,600036,191.23
2023-09-15,600036,190.6
2023-09-18,600036,190.94
2023-09-19,600036,190.6
2023-09-20,600036,189.27
2023-09-21,600036,187.18
2023-09-22,600036,192.79
2023-09-25,600036,190.83
2023-09-26,600036,189.67
2023-09-27,600036,189.79
2023-09-28,600036,190.65
2023-10-09,600036,188.4
2023-10-10,600036,188.46
2023-10-11,600036,187.65
2023-10-12,600036,191.23
2023-10-13,600036,188.57
2023-10-16,600036,186.84
2023-10-17,600036,188.05
2023-10-18,600036,187.88
2023-10-19,600036,182.56
2023-10-20,600036,183.02
2023-10-23,600036,180.59
2023-10-24,600036,181.0
2023-10-25,600036,181.69
2023-10-26,600036,182.15
2023-10-27,600036,182.33
2023-10-30,600036,178.68
2023-10-31,600036,177.87
2023-11-01,600036,176.08
2023-11-02,600036,177.41
2023-11-03,600036,179.2
2023-11-06,600036,180.07
2023-11-07,600036,178.1
2023-11-08,600036,176.95
2023-11-09,600036,177.3
2023-11-10,600036,174.4
2023-11-13,600036,172.44
2023-11-14,600036,174.64
2023-11-15,600036,177.18
2023-11-16,600036,176.6
2023-11-17,600036,175.39
2023-11-20,600036,176.83
2023-11-21,600036,175.97
2023-11-22,600036,174.4
2023-11-23,600036,174.29
2023-11-24,600036,173.48
2023-11-27,600036,170.01
2023-11-28,600036,168.62
2023-11-29,600036,166.54
2023-11-30,600036,166.48
2023-12-01,600036,163.42
2023-12-04,600036,162.38
2023-12-05,600036,159.08
2023-12-06,600036,160.53
2023-12-07,600036,160.81
2023-12-08,600036,159.02
2023-12-11,600036,160.53
2023-12-12,600036,162.2
2023-12-13,600036,157.4
2023-12-14,600036,156.3
2023-12-15,600036,157.46
2023-12-18,600036,157.75
2023-12-19,600036,157.81
2023-12-20,600036,156.48
2023-12-21,600036,160.24
2023-12-22,600036,159.66
2023-12-25,600036,159.2
2023-12-26,600036,157.69
2023-12-27,600036,157.87
2023-12-28,600036,161.86
2023-12-29,600036,160.87
2024-01-02,600036,159.48
2024-01-03,600036,160.58
2024-01-04,600036,160.81
2024-01-05,600036,163.59
2024-01-08,600036,162.67
2024-01-09,600036,162.9
2024-01-10,600036,162.2
2024-01-11,600036,164.11
2024-01-12,600036,165.04
2024-01-15,600036,166.37
2024-01-16,600036,168.45
2024-01-17,600036,168.79
2024-01-18,600036,171.05
2024-01-19,600036,171.92
2024-01-22,600036,174.92
2024-01-23,600036,173.42
2024-01-24,600036,174.0
2024-01-25,600036,178.68
2024-01-26,600036,179.96
2024-01-29,600036,181.29
2024-01-30,600036,179.26
2024-01-31,600036,177.58
2024-02-01,600036,175.91
2024-02-02,600036,174.81
2024-02-05,600036,177.58
2024-02-06,600036,181.17
2024-02-07,600036,181.05
2024-02-08,600036,181.57
2024-02-19,600036,182.85
2024-02-20,600036,181.57
2024-02-21,600036,190.83
2024-02-22,600036,189.67
2024-02-23,600036,190.54
2024-02-26,600036,186.49
2024-02-27,600036,186.08
2024-02-28,600036,185.16
2024-02-29,600036,185.28
2024-03-01,600036,184.7
2024-03-04,600036,182.27
2024-03-05,600036,186.08
2024-03-06,600036,184.29
2024-03-07,600036,185.04
2024-03-08,600036,183.14
2024-03-11,600036,182.04
2024-03-12,600036,184.75
2024-03-13,600036,182.27
2024-03-14,600036,180.71
2024-03-15,600036,180.3
2024-03-18,600036,180.01
2024-03-19,600036,178.1
2024-03-20,600036,180.3
2024-03-21,600036,182.44
2024-03-22,600036,180.42
2024-03-25,600036,181.29
2024-03-26,600036,187.36
2024-03-27,600036,186.78
2024-03-28,600036,186.08
2024-03-29,600036,186.2
2024-04-01,600036,188.74
2024-04-02,600036,188.22
2024-04-03,600036,186.37
2024-04-08,600036,187.36
2024-04-09,600036,186.84
2024-04-10,600036,187.88
2024-04-11,600036,186.78
2024-04-12,600036,185.74
2024-04-15,600036,189.84
2024-04-16,600036,189.38
2024-04-17,600036,192.56
2024-04-18,600036,194.59
2024-04-19,600036,194.41
2024-04-22,600036,192.79
2024-04-23,600036,193.02
2024-04-24,600036,193.49
2024-04-25,600036,198.92
2024-04-26,600036,199.39
2024-04-29,600036,201.7
2024-04-30,600036,198.4
2024-05-06,600036,201.7
2024-05-07,600036,201.64
2024-05-08,600036,199.91
2024-05-09,600036,201.47
2024-05-10,600036,205.98
2024-05-13,600036,207.65
2024-05-14,600036,204.36
2024-05-15,600036,202.68
2024-05-16,600036,209.62
2024-05-17,600036,213.09
2024-05-20,600036,210.37
2024-05-21,600036,209.56
2024-05-22,600036,208.52
2024-05-23,600036,205.28
2024-05-24,600036,200.89
2024-05-27,600036,203.2
2024-05-28,600036,201.41
2024-05-29,600036,199.91
2024-05-30,600036,198.58
2024-05-31,600036,198.23
2024-06-03,600036,197.48
2024-06-04,600036,199.73
2024-06-05,600036,196.55
2024-06-06,600036,196.61
2024-06-07,600036,196.55
2024-06-11,600036,192.91
2024-06-12,600036,191.35
2024-06-13,600036,189.79
2024-06-14,600036,195.51
2024-06-17,600036,195.05
2024-06-18,600036,194.93
2024-06-19,600036,197.48
2024-06-20,600036,196.67
2024-06-21,600036,194.87
2024-06-24,600036,197.01
2024-06-25,600036,198.34
2024-06-26,600036,196.96
2024-06-27,600036,198.11
2024-06-28,600036,197.71
2024-07-01,600036,198.69
2024-07-02,600036,202.85
2024-07-03,600036,199.27
2024-07-04,600036,200.72
2024-07-05,600036,195.92
2024-07-08,600036,196.55
2024-07-09,600036,199.33
2024-07-10,600036,200.54
2024-07-11,600036,201.72
2024-07-12,600036,208.46
2024-07-15,600036,207.11
2024-07-16,600036,207.18
2024-07-17,600036,208.89
2024-07-18,600036,209.01
2024-07-19,600036,210.0
2024-07-22,600036,204.42
2024-07-23,600036,204.42
2024-07-24,600036,203.44
2024-07-25,600036,201.29
2024-07-26,600036,198.47
2024-07-29,600036,198.96
2024-07-30,600036,198.78
2024-07-31,600036,200.68
2024-08-01,600036,200.55
2024-08-02,600036,197.92
2024-08-05,600036,196.81
2024-08-06,600036,194.36
2024-08-07,600036,193.63
2024-08-08,600036,195.77
2024-08-09,600036,198.22
2024-08-12,600036,196.94
2024-08-13,600036,195.83
2024-08-14,600036,195.34
2024-08-15,600036,200.86
2024-08-16,600036,203.25
2024-08-19,600036,204.91
2024-08-20,600036,205.27
2024-08-21,600036,203.8
2024-08-22,600036,204.17
2024-08-23,600036,206.62
2024-08-26,600036,207.05
2024-08-27,600036,206.62
2024-08-28,600036,206.5
2024-08-29,600036,201.9
2024-08-30,600036,197.12
2024-09-02,600036,195.77
2024-09-03,600036,193.87
2024-09-04,600036,192.28
2024-09-05,600036,191.3
2024-09-06,600036,191.6
2024-09-09,600036,185.41
2024-09-10,600036,185.1
2024-09-11,600036,184.43
2024-09-12,600036,185.35
2024-09-13,600036,187.62
2024-09-18,600036,190.74
2024-09-19,600036,188.97
2024-09-20,600036,189.7
2024-09-23,600036,192.46
2024-09-24,600036,203.13
2024-09-25,600036,209.38
2024-09-26,600036,216.92
2024-09-27,600036,218.46
2024-09-30,600036,230.6
2024-10-08,600036,245.25
2024-10-09,600036,226.92
2024-10-10,600036,237.46
2024-10-11,600036,235.62
2024-10-14,600036,241.14
2024-10-15,600036,236.05
2024-10-16,600036,242.19
2024-10-17,600036,235.99
2024-10-18,600036,239.43
2024-10-21,600036,238.2
2024-10-22,600036,240.16
2024-10-23,600036,243.17
2024-10-24,600036,241.02
2024-10-25,600036,239.73
2024-10-28,600036,236.18
2024-10-29,600036,236.67
2024-10-30,600036,232.25
2024-10-31,600036,229.06
2024-11-01,600036,233.05
2024-11-04,600036,237.59
2024-11-05,600036,239.61
2024-11-06,600036,236.42
2024-11-07,600036,242.61
2024-11-08,600036,237.89
2024-11-11,600036,235.01
2024-11-12,600036,230.47
2024-11-13,600036,231.88
2024-11-14,600036,233.36
2024-11-15,600036,231.88
2024-11-18,600036,232.38
2024-11-19,600036,231.27
2024-11-20,600036,229.8
2024-11-21,600036,229.49
2024-11-22,600036,223.48
2024-11-25,600036,222.07
2024-11-26,600036,223.12
2024-11-27,600036,224.4
2024-11-28,600036,223.61
2024-11-29,600036,222.81
2024-12-02,600036,223.85
2024-12-03,600036,227.59
2024-12-04,600036,225.69
2024-12-05,600036,226.31
2024-12-06,600036,231.15
2024-12-09,600036,231.15
2024-12-10,600036,236.67
2024-12-11,600036,234.83
2024-12-12,600036,237.89
2024-12-13,600036,228.7
2024-12-16,600036,231.39
2024-12-17,600036,232.07
2024-12-18,600036,236.18
2024-12-19,600036,233.11
2024-12-20,600036,232.44
2024-12-23,600036,235.13
2024-12-24,600036,240.47
2024-12-25,600036,241.57
2024-12-26,600036,242.06
2024-12-27,600036,241.2
2024-12-30,600036,242.92
2024-12-31,600036,240.96
2025-01-02,600036,236.12
2025-01-03,600036,237.03
2025-01-06,600036,239.43
2025-01-07,600036,238.51
2025-01-08,600036,240.84
2025-01-09,600036,239.12
2025-01-10,600036,239.0
2025-01-13,600036,239.55
2025-01-14,600036,244.33
2025-01-15,600036,249.17
2025-01-16,600036,251.32
2025-01-17,600036,249.6
2025-01-20,600036,245.99
2025-01-21,600036,246.11
2025-01-22,600036,241.88
2025-01-23,600036,244.21
2025-01-24,600036,246.84
2025-01-27,600036,249.24
2025-02-05,600036,245.25
2025-02-06,600036,246.48
2025-02-07,600036,246.48
2025-02-10,600036,248.93
2025-02-11,600036,251.26
2025-02-12,600036,255.18
2025-02-13,600036,255.74
2025-02-14,600036,257.7
2025-02-17,600036,255.8
2025-02-18,600036,257.82
2025-02-19,600036,257.39
2025-02-20,600036,256.59
2025-02-21,600036,253.83
2025-02-24,600036,253.04
2025-02-25,600036,251.57
2025-02-26,600036,254.33
2025-02-27,600036,259.84
2025-02-28,600036,257.82
2025-03-03,600036,257.82
2025-03-04,600036,256.29
2025-03-05,600036,262.97
2025-03-06,600036,263.4
2025-03-07,600036,267.14
2025-03-10,600036,264.07
2025-03-11,600036,266.77
2025-03-12,600036,266.96
2025-03-13,600036,268.79
2025-03-14,600036,276.89
2025-03-17,600036,276.15
2025-03-18,600036,276.77
2025-03-19,600036,282.16
2025-03-20,600036,277.38
2025-03-21,600036,274.07
2025-03-24,600036,276.21
2025-03-25,600036,276.46
2025-03-26,600036,261.56
2025-03-27,600036,265.24
2025-03-28,600036,264.99
2025-03-31,600036,265.42
2025-04-01,600036,262.85
2025-04-02,600036,261.99
2025-04-03,600036,261.5
2025-04-07,600036,250.34
2025-04-08,600036,252.3
2025-04-09,600036,248.07
2025-04-10,600036,252.0
2025-04-11,600036,254.51
2025-04-14,600036,254.33
2025-04-15,600036,258.13
2025-04-16,600036,259.05
2025-04-17,600036,258.25
2025-04-18,600036,262.11
2025-04-21,600036,259.23
2025-04-22,600036,257.57
2025-04-23,600036,257.45
2025-04-24,600036,258.8
2025-04-25,600036,258.0
2025-04-28,600036,259.66
2025-04-29,600036,257.51
2025-04-30,600036,249.79
2025-05-06,600036,253.65
2025-05-07,600036,257.64
2025-05-08,600036,262.42
2025-05-09,600036,266.59
2025-05-12,600036,268.55
2025-05-13,600036,273.21
2025-05-14,600036,274.74
2025-05-15,600036,275.42
2025-05-16,600036,271.43
2025-05-19,600036,268.79
2025-05-20,600036,269.16
2025-05-21,600036,269.16
2025-05-22,600036,272.9
2025-05-23,600036,270.08
2025-05-26,600036,268.55
2025-05-27,600036,268.18
2025-05-28,600036,267.81
2025-05-29,600036,266.53
2025-05-30,600036,266.28
2025-06-03,600036,269.59
2025-06-04,600036,270.14
2025-06-05,600036,272.04
2025-06-06,600036,272.66
2025-06-09,600036,273.45
2025-06-10,600036,273.88
2025-06-11,600036,277.81
2025-06-12,600036,277.32
2025-06-13,600036,277.01
2025-06-16,600036,280.69
2025-06-17,600036,281.92
2025-06-18,600036,281.12
2025-06-19,600036,279.77
2025-06-20,600036,281.98
2025-06-23,600036,283.57
2025-06-24,600036,286.64
2025-06-25,600036,291.24
2025-06-26,600036,293.57
2025-06-27,600036,283.39
2025-06-30,600036,281.73
2025-07-01,600036,284.8
2025-07-02,600036,287.56
2025-07-03,600036,285.78
2025-07-04,600036,288.6
2025-07-07,600036,289.4
2025-07-08,600036,291.97
2025-07-09,600036,288.97
2025-07-10,600036,295.77
2025-07-11,600036,291.93
2025-07-14,600036,291.49
2025-07-15,600036,289.25
2025-07-16,600036,288.54
2025-07-17,600036,287.84
2025-07-18,600036,288.16
2025-07-21,600036,286.88
2025-07-22,600036,287.46
2025-07-23,600036,288.61
2025-07-24,600036,287.07
2025-07-25,600036,286.75
2025-07-28,600036,284.26
2025-07-29,600036,282.34
2025-07-30,600036,284.13
2025-07-31,600036,284.51
2025-08-01,600036,284.13
2025-08-04,600036,287.2
2025-08-05,600036,289.44
2025-08-06,600036,288.61
2025-08-07,600036,288.8
2025-08-08,600036,284.83
2025-08-11,600036,282.08
2025-08-12,600036,281.44
2025-08-13,600036,278.5
2025-08-14,600036,280.04
2025-08-15,600036,276.97
2025-08-18,600036,278.31
2025-08-19,600036,277.61
2025-08-20,600036,277.93
2025-08-21,600036,278.05
2025-08-22,600036,276.71
2025-08-25,600036,280.61
2025-08-26,600036,278.37
2025-08-27,600036,275.05
2025-08-28,600036,274.92
2025-08-29,600036,274.34
2025-09-01,600036,268.52
2025-09-02,600036,277.86
2025-09-03,600036,274.41
2025-09-04,600036,275.37
2025-09-05,600036,273.51
2025-09-08,600036,271.4
2025-09-09,600036,273.96
2025-09-10,600036,275.05
2025-09-11,600036,276.97
2025-09-12,600036,272.11
2025-09-15,600036,270.06
2025-09-16,600036,267.05
2025-09-17,600036,267.12
2025-09-18,600036,261.17
2025-09-19,600036,262.25
2025-09-22,600036,261.74
2025-09-23,600036,265.77
2025-09-24,600036,264.3
2025-09-25,600036,261.1
2025-09-26,600036,260.98
2025-09-29,600036,260.21
2025-09-30,600036,258.48
2025-10-09,600036,257.97
2025-10-10,600036,257.01
2025-10-13,600036,256.56
2025-10-14,600036,263.92
2025-10-15,600036,265.45
2025-10-16,600036,268.2
2025-10-17,600036,266.03
2025-10-20,600036,264.94
2025-10-21,600036,268.52
2025-10-22,600036,268.33
2025-10-23,600036,270.19
2025-10-24,600036,268.33
2025-10-27,600036,266.03
2025-10-28,600036,266.09
2025-10-29,600036,260.78
2025-10-30,600036,263.53
2025-10-31,600036,261.55
2025-11-03,600036,267.31
2025-11-04,600036,275.11
2025-11-05,600036,273.77
2025-11-06,600036,270.83
2025-11-07,600036,271.91
2025-11-10,600036,273.26
2025-11-11,600036,274.79
2025-11-12,600036,274.6
2025-11-13,600036,276.39
2025-11-14,600036,276.65
2025-11-17,600036,272.81
2025-11-18,600036,274.28
2025-11-19,600036,276.46
2025-11-20,600036,276.52
2025-11-21,600036,275.05
2025-11-24,600036,272.68
2025-11-25,600036,276.65
2025-11-26,600036,276.65
2025-11-27,600036,276.26
2025-11-28,600036,274.73
2025-12-01,600036,277.86
2025-12-02,600036,277.48
2025-12-03,600036,275.11
2025-12-04,600036,276.46
2025-12-05,600036,277.93
2025-12-08,600036,276.2
2025-12-09,600036,275.3
2025-12-10,600036,266.73
2025-12-11,600036,266.6
2025-12-12,600036,266.99
2025-12-15,600036,267.37
2025-12-16,600036,266.73
2025-12-17,600036,265.58
2025-12-18,600036,271.02
2025-12-19,600036,268.59
2025-12-22,600036,267.18
2025-12-23,600036,268.08
2025-12-24,600036,267.56
2025-12-25,600036,267.24
2025-12-26,600036,266.73
2025-12-29,600036,267.82
2025-12-30,600036,270.44
2025-12-31,600036,269.29
2026-01-05,600036,270.89
2026-01-06,600036,273.32
2026-01-07,600036,269.61
2026-01-08,600036,265.96
2026-01-09,600036,264.17
2026-01-12,600036,263.02
2026-01-13,600036,263.09
2026-01-14,600036,256.31
2026-01-15,600036,256.56
2026-01-16,600036,254.09
2026-01-19,600036,252.97
2026-01-20,600036,254.15
2026-01-21,600036,250.94
2026-01-22,600036,248.38
2026-01-23,600036,246.08
2026-01-26,600036,249.49
2026-01-27,600036,250.02
2026-01-28,600036,248.05
2026-01-29,600036,252.84
2026-01-30,600036,253.76
2026-02-02,600036,252.32
2026-02-03,600036,251.33
2026-02-04,600036,255.99
2026-02-05,600036,260.58
2026-02-06,600036,259.86
2026-02-09,600036,259.08
2026-02-10,600036,258.16
2026-02-11,600036,258.55
2026-02-12,600036,255.86
2026-02-13,600036,254.02
2026-02-24,600036,255.53
2026-02-25,600036,254.48
2026-02-26,600036,253.96
2026-02-27,600036,254.29
2026-03-02,600036,253.76
2026-03-03,600036,257.11
2026-03-04,600036,253.3
2026-03-05,600036,256.91
2026-03-06,600036,257.24
2026-03-09,600036,254.55
2026-03-10,600036,257.37
2026-03-11,600036,259.21
2026-03-12,600036,259.21
2026-03-13,600036,260.91
2026-03-16,600036,261.9
2026-03-17,600036,263.28
2026-03-18,600036,261.96
2026-03-19,600036,260.98
2026-03-20,600036,260.85
2026-03-23,600036,253.83
2026-03-24,600036,257.57
2026-03-25,600036,257.63
2026-03-26,600036,259.6
2026-03-27,600036,258.81
2026-03-30,600036,259.08
2026-03-31,600036,258.03
2026-04-01,600036,261.31
2026-04-02,600036,260.91
2026-04-03,600036,258.55
2026-04-07,600036,255.86
2026-04-08,600036,259.99
2026-04-09,600036,257.63
2026-04-10,600036,257.3
2026-04-13,600036,255.79
2026-04-14,600036,256.78
2026-04-15,600036,261.83
2026-04-16,600036,261.9
2026-04-17,600036,259.34
2026-04-20,600036,261.63
2026-04-21,600036,261.63
2026-04-22,600036,260.78
2026-04-23,600036,261.24
2026-04-24,600036,258.42
2026-04-27,600036,258.42
2026-04-28,600036,259.86
2026-04-29,600036,252.64
2026-04-30,600036,251.14
2026-05-06,600036,249.36
2026-05-07,600036,249.04
2026-05-08,600036,248.97
2026-05-11,600036,249.17
2026-05-12,600036,248.71
2026-05-13,600036,248.58
2026-05-14,600036,248.12
2026-05-15,600036,247.07
2020-01-02,600519,8495.3
2020-01-03,600519,8108.58
2020-01-06,600519,8104.29
2020-01-07,600519,8228.64
2020-01-08,600519,8180.6
2020-01-09,600519,8290.06
2020-01-10,600519,8363.74
2020-01-13,600519,8452.22
2020-01-14,600519,8325.4
2020-01-15,600519,8360.96
2020-01-16,600519,8322.39
2020-01-17,600519,8326.15
2020-01-20,600519,8202.1
2020-01-21,600519,8084.07
2020-01-22,600519,8085.65
2020-01-23,600519,7914.92
2020-02-03,600519,7547.44
2020-02-04,600519,7803.72
2020-02-05,600519,7893.79
2020-02-06,600519,8051.74
2020-02-07,600519,8089.33
2020-02-10,600519,8017.84
2020-02-11,600519,8254.73
2020-02-12,600519,8249.24
2020-02-13,600519,8202.1
2020-02-14,600519,8179.55
2020-02-17,600519,8223.3
2020-02-18,600519,8149.48
2020-02-19,600519,8243.45
2020-02-20,600519,8405.09
2020-02-21,600519,8366.59
2020-02-24,600519,8173.38
2020-02-25,600519,8080.39
2020-02-26,600519,8072.04
2020-02-27,600519,8174.96
2020-02-28,600519,7946.49
2020-03-02,600519,8164.59
2020-03-03,600519,8367.5
2020-03-04,600519,8487.18
2020-03-05,600519,8803.54
2020-03-06,600519,8687.01
2020-03-09,600519,8375.09
2020-03-10,600519,8690.77
2020-03-11,600519,8709.71
2020-03-12,600519,8559.2
2020-03-13,600519,8360.2
2020-03-16,600519,8021.67
2020-03-17,600519,7857.03
2020-03-18,600519,7578.04
2020-03-19,600519,7487.89
2020-03-20,600519,7783.2
2020-03-23,600519,7660.81
2020-03-24,600519,7938.97
2020-03-25,600519,8120.16
2020-03-26,600519,8006.03
2020-03-27,600519,8085.57
2020-03-30,600519,8059.26
2020-03-31,600519,8352.46
2020-04-01,600519,8292.32
2020-04-02,600519,8608.07
2020-04-03,600519,8568.9
2020-04-07,600519,8720.47
2020-04-08,600519,8719.04
2020-04-09,600519,8709.56
2020-04-10,600519,8758.43
2020-04-13,600519,8738.13
2020-04-14,600519,8909.54
2020-04-15,600519,8943.37
2020-04-16,600519,8999.76
2020-04-17,600519,9217.03
2020-04-20,600519,9226.8
2020-04-21,600519,9021.56
2020-04-22,600519,9356.11
2020-04-23,600519,9414.45
2020-04-24,600519,9401.67
2020-04-27,600519,9592.93
2020-04-28,600519,9616.46
2020-04-29,600519,9584.66
2020-04-30,600519,9515.49
2020-05-06,600519,9773.36
2020-05-07,600519,9863.57
2020-05-08,600519,9883.19
2020-05-11,600519,9946.34
2020-05-12,600519,10021.45
2020-05-13,600519,10043.63
2020-05-14,600519,9973.26
2020-05-15,600519,9871.09
2020-05-18,600519,10120.76
2020-05-19,600519,10120.01
2020-05-20,600519,10156.77
2020-05-21,600519,10270.29
2020-05-22,600519,9985.36
2020-05-25,600519,10246.24
2020-05-26,600519,10209.4
2020-05-27,600519,10059.04
2020-05-28,600519,10104.15
2020-05-29,600519,10274.05
2020-06-01,600519,10671.75
2020-06-02,600519,10605.67
2020-06-03,600519,10519.89
2020-06-04,600519,10585.22
2020-06-05,600519,10713.1
2020-06-08,600519,10571.01
2020-06-09,600519,10649.58
2020-06-10,600519,10703.03
2020-06-11,600519,10528.61
2020-06-12,600519,10648.22
2020-06-15,600519,10397.35
2020-06-16,600519,10554.32
2020-06-17,600519,10562.74
2020-06-18,600519,10622.89
2020-06-19,600519,10824.67
2020-06-22,600519,10818.35
2020-06-23,600519,11085.24
2020-06-24,600519,11104.52
2020-06-29,600519,11128.56
2020-06-30,600519,11126.35
2020-07-01,600519,11365.1
2020-07-02,600519,11743.33
2020-07-03,600519,11726.52
2020-07-06,600519,12169.26
2020-07-07,600519,12838.57
2020-07-08,600519,12787.91
2020-07-09,600519,12975.47
2020-07-10,600519,13035.17
2020-07-13,600519,13553.43
2020-07-14,600519,13401.39
2020-07-15,600519,13329.37
2020-07-16,600519,12275.74
2020-07-17,600519,12534.71
2020-07-20,600519,12450.37
2020-07-21,600519,12686.45
2020-07-22,600519,12763.12
2020-07-23,600519,12747.3
2020-07-24,600519,12133.51
2020-07-27,600519,12340.77
2020-07-28,600519,12701.66
2020-07-29,600519,12716.87
2020-07-30,600519,12777.72
2020-07-31,600519,12763.88
2020-08-03,600519,12686.45
2020-08-04,600519,12701.59
2020-08-05,600519,12686.45
2020-08-06,600519,12457.97
2020-08-07,600519,12405.04
2020-08-10,600519,12427.78
2020-08-11,600519,12492.58
2020-08-12,600519,12374.23
2020-08-13,600519,12435.46
2020-08-14,600519,12633.21
2020-08-17,600519,12853.78
2020-08-18,600519,12967.86
2020-08-19,600519,12830.96
2020-08-20,600519,12656.03
2020-08-21,600519,12747.3
2020-08-24,600519,12902.07
2020-08-25,600519,13135.19
2020-08-26,600519,13135.19
2020-08-27,600519,13165.61
2020-08-28,600519,13363.36
2020-08-31,600519,13587.74
2020-09-01,600519,13705.47
2020-09-02,600519,13652.38
2020-09-03,600519,13637.17
2020-09-04,600519,13462.24
2020-09-07,600519,13108.57
2020-09-08,600519,13016.54
2020-09-09,600519,12838.57
2020-09-10,600519,12973.95
2020-09-11,600519,13180.83
2020-09-14,600519,13431.82
2020-09-15,600519,13386.18
2020-09-16,600519,13120.74
2020-09-17,600519,12705.62
2020-09-18,600519,12891.81
2020-09-21,600519,12677.32
2020-09-22,600519,12668.88
2020-09-23,600519,12549.39
2020-09-24,600519,12392.26
2020-09-25,600519,12436.3
2020-09-28,600519,12633.21
2020-09-29,600519,12567.04
2020-09-30,600519,12690.25
2020-10-09,600519,12899.41
2020-10-12,600519,13314.76
2020-10-13,600519,13226.46
2020-10-14,600519,13150.4
2020-10-15,600519,13119.98
2020-10-16,600519,13021.1
2020-10-19,600519,12922.23
2020-10-20,600519,13188.43
2020-10-21,600519,13183.34
2020-10-22,600519,13253.08
2020-10-23,600519,13046.43
2020-10-26,600519,12496.31
2020-10-27,600519,12359.4
2020-10-28,600519,12662.19
2020-10-29,600519,12747.3
2020-10-30,600519,12701.81
2020-11-02,600519,12732.16
2020-11-03,600519,12891.81
2020-11-04,600519,12926.64
2020-11-05,600519,13096.4
2020-11-06,600519,12934.55
2020-11-09,600519,13253.61
2020-11-10,600519,13272.1
2020-11-11,600519,13168.28
2020-11-12,600519,13194.44
2020-11-13,600519,12967.86
2020-11-16,600519,13158.39
2020-11-17,600519,13050.01
2020-11-18,600519,12881.54
2020-11-19,600519,13083.4
2020-11-20,600519,13081.65
2020-11-23,600519,13615.95
2020-11-24,600519,13412.8
2020-11-25,600519,13134.28
2020-11-26,600519,13191.4
2020-11-27,600519,13218.09
2020-11-30,600519,13035.63
2020-12-01,600519,13211.25
2020-12-02,600519,13218.93
2020-12-03,600519,13302.52
2020-12-04,600519,13638.01
2020-12-07,600519,13784.73
2020-12-08,600519,14070.7
2020-12-09,600519,13994.64
2020-12-10,600519,13940.64
2020-12-11,600519,13842.53
2020-12-14,600519,13910.98
2020-12-15,600519,13812.18
2020-12-16,600519,13994.64
2020-12-17,600519,14188.67
2020-12-18,600519,14032.67
2020-12-21,600519,14013.66
2020-12-22,600519,14306.48
2020-12-23,600519,14007.19
2020-12-24,600519,13921.17
2020-12-25,600519,13918.59
2020-12-28,600519,14245.64
2020-12-29,600519,14200.0
2020-12-30,600519,14701.98
2020-12-31,600519,15196.36
2021-01-04,600519,15188.75
2021-01-05,600519,15663.73
2021-01-06,600519,15972.15
2021-01-07,600519,16276.38
2021-01-08,600519,15896.09
2021-01-11,600519,15970.1
2021-01-12,600519,16435.34
2021-01-13,600519,16458.92
2021-01-14,600519,16230.75
2021-01-15,600519,15835.24
2021-01-18,600519,15690.73
2021-01-19,600519,15283.14
2021-01-20,600519,15520.59
2021-01-21,600519,15743.98
2021-01-22,600519,15819.65
2021-01-25,600519,16542.58
2021-01-26,600519,16290.76
2021-01-27,600519,15888.49
2021-01-28,600519,15880.88
2021-01-29,600519,16095.21
2021-02-01,600519,16043.03
2021-02-02,600519,16314.41
2021-02-03,600519,16655.99
2021-02-04,600519,17651.89
2021-02-05,600519,17592.18
2021-02-08,600519,18016.58
2021-02-09,600519,18683.08
2021-02-10,600519,19782.65
2021-02-18,600519,18793.9
2021-02-19,600519,18710.23
2021-02-22,600519,17402.19
2021-02-23,600519,17546.55
2021-02-24,600519,16649.06
2021-02-25,600519,16352.44
2021-02-26,600519,16145.41
2021-03-01,600519,16413.28
2021-03-02,600519,15652.71
2021-03-03,600519,16276.38
2021-03-04,600519,15462.56
2021-03-05,600519,15668.75
2021-03-08,600519,14907.34
2021-03-09,600519,14732.33
2021-03-10,600519,14983.47
2021-03-11,600519,15576.65
2021-03-12,600519,15409.32
2021-03-15,600519,15024.85
2021-03-16,600519,15291.43
2021-03-17,600519,15442.48
2021-03-18,600519,15741.69
2021-03-19,600519,15287.63
2021-03-22,600519,15135.44
2021-03-23,600519,15181.15
2021-03-24,600519,15127.91
2021-03-25,600519,14991.0
2021-03-26,600519,15310.45
2021-03-29,600519,15470.93
2021-03-30,600519,15637.87
2021-03-31,600519,15280.02
2021-04-01,600519,15550.03
2021-04-02,600519,16443.71
2021-04-06,600519,16170.13
2021-04-07,600519,15675.52
2021-04-08,600519,15743.98
2021-04-09,600519,15363.69
2021-04-12,600519,15279.19
2021-04-13,600519,15371.29
2021-04-14,600519,15569.04
2021-04-15,600519,15330.22
2021-04-16,600519,15629.74
2021-04-19,600519,15880.88
2021-04-20,600519,15932.6
2021-04-21,600519,15820.03
2021-04-22,600519,15633.69
2021-04-23,600519,16040.14
2021-04-26,600519,15803.45
2021-04-27,600519,15929.86
2021-04-28,600519,15531.01
2021-04-29,600519,15412.06
2021-04-30,600519,15263.14
2021-05-06,600519,14899.73
2021-05-07,600519,14473.81
2021-05-10,600519,14291.5
2021-05-11,600519,14899.73
2021-05-12,600519,15089.88
2021-05-13,600519,14994.81
2021-05-14,600519,15286.49
2021-05-17,600519,15652.4
2021-05-18,600519,15662.67
2021-05-19,600519,15584.25
2021-05-20,600519,15659.4
2021-05-21,600519,15531.77
2021-05-24,600519,15753.79
2021-05-25,600519,16690.9
2021-05-26,600519,16884.84
2021-05-27,600519,17074.99
2021-05-28,600519,16960.9
2021-05-31,600519,16869.63
2021-06-01,600519,17044.18
2021-06-02,600519,16900.05
2021-06-03,600519,16901.73
2021-06-04,600519,17124.43
2021-06-07,600519,17272.74
2021-06-08,600519,16664.28
2021-06-09,600519,16728.92
2021-06-10,600519,17025.4
2021-06-11,600519,16571.56
2021-06-15,600519,16679.49
2021-06-16,600519,16413.28
2021-06-17,600519,16404.99
2021-06-18,600519,15903.24
2021-06-21,600519,15832.51
2021-06-22,600519,15781.78
2021-06-23,600519,15500.59
2021-06-24,600519,15729.14
2021-06-25,600519,16061.14
2021-06-28,600519,16145.67
2021-06-29,600519,15830.82
2021-06-30,600519,15790.13
2021-07-01,600519,16160.94
2021-07-02,600519,15454.62
2021-07-05,600519,15308.75
2021-07-06,600519,15453.86
2021-07-07,600519,15385.53
2021-07-08,600519,15239.66
2021-07-09,600519,15140.69
2021-07-12,600519,15055.4
2021-07-13,600519,15223.53
2021-07-14,600519,15063.08
2021-07-15,600519,15339.39
2021-07-16,600519,15016.24
2021-07-19,600519,15162.88
2021-07-20,600519,15201.27
2021-07-21,600519,15116.82
2021-07-22,600519,14894.25
2021-07-23,600519,14587.08
2021-07-26,600519,13850.89
2021-07-27,600519,13150.56
2021-07-28,600519,13580.57
2021-07-29,600519,13433.85
2021-07-30,600519,12890.29
2021-08-02,600519,13473.85
2021-08-03,600519,13430.09
2021-08-04,600519,13235.85
2021-08-05,600519,13043.92
2021-08-06,600519,12828.95
2021-08-09,600519,13003.99
2021-08-10,600519,13811.66
2021-08-11,600519,13439.3
2021-08-12,600519,12974.82
2021-08-13,600519,13051.9
2021-08-16,600519,13045.45
2021-08-17,600519,12552.56
2021-08-18,600519,12437.4
2021-08-19,600519,12437.17
2021-08-20,600519,11884.63
2021-08-23,600519,12054.99
2021-08-24,600519,12477.17
2021-08-25,600519,12783.04
2021-08-26,600519,12245.47
2021-08-27,600519,12253.37
2021-08-30,600519,12176.37
2021-08-31,600519,11961.4
2021-09-01,600519,12452.83
2021-09-02,600519,12428.19
2021-09-03,600519,12730.83
2021-09-06,600519,12826.42
2021-09-07,600519,12813.59
2021-09-08,600519,12537.98
2021-09-09,600519,12545.5
2021-09-10,600519,12764.31
2021-09-13,600519,12698.43
2021-09-14,600519,12721.47
2021-09-15,600519,12404.7
2021-09-16,600519,12576.13
2021-09-17,600519,12944.11
2021-09-22,600519,12573.21
2021-09-23,600519,12552.56
2021-09-24,600519,13005.53
2021-09-27,600519,14241.59
2021-09-28,600519,13988.7
2021-09-29,600519,13972.88
2021-09-30,600519,14049.66
2021-10-08,600519,14123.36
2021-10-11,600519,14334.64
2021-10-12,600519,14364.35
2021-10-13,600519,14816.63
2021-10-14,600519,14671.53
2021-10-15,600519,14717.36
2021-10-18,600519,13819.33
2021-10-19,600519,13912.85
2021-10-20,600519,14134.11
2021-10-21,600519,14157.14
2021-10-22,600519,14594.75
2021-10-25,600519,14380.02
2021-10-26,600519,14288.04
2021-10-27,600519,13965.21
2021-10-28,600519,14015.03
2021-10-29,600519,14019.56
2021-11-01,600519,13842.37
2021-11-02,600519,13854.96
2021-11-03,600519,13550.63
2021-11-04,600519,13851.58
2021-11-05,600519,13972.42
2021-11-08,600519,13973.65
2021-11-09,600519,13742.64
2021-11-10,600519,13466.1
2021-11-11,600519,13585.94
2021-11-12,600519,13618.03
2021-11-15,600519,13520.99
2021-11-16,600519,13880.75
2021-11-17,600519,13780.95
2021-11-18,600519,13757.92
2021-11-19,600519,14037.45
2021-11-22,600519,14235.99
2021-11-23,600519,14559.67
2021-11-24,600519,14901.85
2021-11-25,600519,15017.24
2021-11-26,600519,14901.93
2021-11-29,600519,15239.66
2021-11-30,600519,14823.31
2021-12-01,600519,14840.35
2021-12-02,600519,14848.11
2021-12-03,600519,15138.93
2021-12-06,600519,15103.77
2021-12-07,600519,15016.01
2021-12-08,600519,15684.95
2021-12-09,600519,16019.3
2021-12-10,600519,16045.78
2021-12-13,600519,16262.29
2021-12-14,600519,16506.43
2021-12-15,600519,16391.27
2021-12-16,600519,16268.35
2021-12-17,600519,15744.06
2021-12-20,600519,15807.48
2021-12-21,600519,15648.09
2021-12-22,600519,15723.33
2021-12-23,600519,16276.11
2021-12-24,600519,16844.92
2021-12-27,600519,16366.85
2021-12-28,600519,16415.68
2021-12-29,600519,15669.59
2021-12-30,600519,15930.62
2021-12-31,600519,15738.69
2022-01-04,600519,15748.13
2022-01-05,600519,15539.07
2022-01-06,600519,15218.31
2022-01-07,600519,14909.53
2022-01-10,600519,15093.78
2022-01-11,600519,14898.39
2022-01-12,600519,15101.46
2022-01-13,600519,14413.49
2022-01-14,600519,14333.72
2022-01-17,600519,14292.34
2022-01-18,600519,14527.73
2022-01-19,600519,14679.2
2022-01-20,600519,15120.81
2022-01-21,600519,15239.58
2022-01-24,600519,14972.48
2022-01-25,600519,14917.2
2022-01-26,600519,15009.33
2022-01-27,600519,15086.11
2022-01-28,600519,14487.27
2022-02-07,600519,14341.09
2022-02-08,600519,14118.75
2022-02-09,600519,14556.21
2022-02-10,600519,14379.79
2022-02-11,600519,14202.98
2022-02-14,600519,14346.54
2022-02-15,600519,14515.06
2022-02-16,600519,14529.88
2022-02-17,600519,14487.19
2022-02-18,600519,14640.82
2022-02-21,600519,14410.42
2022-02-22,600519,13879.76
2022-02-23,600519,14026.7
2022-02-24,600519,13543.79
2022-02-25,600519,13812.12
2022-02-28,600519,13745.63
2022-03-01,600519,14268.31
2022-03-02,600519,14163.9
2022-03-03,600519,13819.33
2022-03-04,600519,13669.63
2022-03-07,600519,13105.34
2022-03-08,600519,13460.03
2022-03-09,600519,13659.49
2022-03-10,600519,13776.57
2022-03-11,600519,13581.41
2022-03-14,600519,13051.59
2022-03-15,600519,12306.89
2022-03-16,600519,12859.28
2022-03-17,600519,13206.29
2022-03-18,600519,13111.4
2022-03-21,600519,13084.61
2022-03-22,600519,13013.21
2022-03-23,600519,13452.28
2022-03-24,600519,13212.28
2022-03-25,600519,12974.82
2022-03-28,600519,12750.64
2022-03-29,600519,12798.24
2022-03-30,600519,13282.68
2022-03-31,600519,13197.46
2022-04-01,600519,13665.86
2022-04-06,600519,13550.63
2022-04-07,600519,13550.63
2022-04-08,600519,13696.5
2022-04-11,600519,13205.14
2022-04-12,600519,13681.14
2022-04-13,600519,13581.34
2022-04-14,600519,13888.43
2022-04-15,600519,13865.32
2022-04-18,600519,13748.86
2022-04-19,600519,13744.86
2022-04-20,600519,13796.3
2022-04-21,600519,13665.63
2022-04-22,600519,13612.04
2022-04-25,600519,13113.01
2022-04-26,600519,13300.96
2022-04-27,600519,13780.33
2022-04-28,600519,14088.04
2022-04-29,600519,14037.22
2022-05-05,600519,14103.4
2022-05-06,600519,13765.59
2022-05-09,600519,13450.82
2022-05-10,600519,13559.76
2022-05-11,600519,13573.66
2022-05-12,600519,13532.74
2022-05-13,600519,13652.27
2022-05-16,600519,13496.88
2022-05-17,600519,13573.66
2022-05-18,600519,13519.92
2022-05-19,600519,13481.53
2022-05-20,600519,13819.41
2022-05-23,600519,13673.46
2022-05-24,600519,13512.24
2022-05-25,600519,13477.77
2022-05-26,600519,13380.19
2022-05-27,600519,13475.08
2022-05-30,600519,13653.58
2022-05-31,600519,13850.27
2022-06-01,600519,13729.13
2022-06-02,600519,13711.85
2022-06-06,600519,13727.21
2022-06-07,600519,13956.76
2022-06-08,600519,14322.97
2022-06-09,600519,14226.24
2022-06-10,600519,14591.68
2022-06-13,600519,14249.27
2022-06-14,600519,14364.43
2022-06-15,600519,14395.91
2022-06-16,600519,14410.5
2022-06-17,600519,14978.62
2022-06-20,600519,14909.68
2022-06-21,600519,14938.24
2022-06-22,600519,14863.46
2022-06-23,600519,15025.46
2022-06-24,600519,15423.99
2022-06-27,600519,15435.81
2022-06-28,600519,15631.2
2022-06-29,600519,15585.14
2022-06-30,600519,15869.75
2022-07-01,600519,15745.97
2022-07-04,600519,15660.22
2022-07-05,600519,15776.7
2022-07-06,600519,15536.06
2022-07-07,600519,15442.93
2022-07-08,600519,15512.77
2022-07-11,600519,15238.06
2022-07-12,600519,15120.18
2022-07-13,600519,15201.51
2022-07-14,600519,15155.8
2022-07-15,600519,15128.64
2022-07-18,600519,15145.4
2022-07-19,600519,15078.98
2022-07-20,600519,15133.3
2022-07-21,600519,15047.16
2022-07-22,600519,15109.24
2022-07-25,600519,15091.0
2022-07-26,600519,15134.15
2022-07-27,600519,14896.61
2022-07-28,600519,14728.99
2022-07-29,600519,14732.4
2022-08-01,600519,14669.23
2022-08-02,600519,14589.15
2022-08-03,600519,14628.1
2022-08-04,600519,14868.75
2022-08-05,600519,14930.44
2022-08-08,600519,14833.98
2022-08-09,600519,14822.11
2022-08-10,600519,14558.26
2022-08-11,600519,14798.05
2022-08-12,600519,14961.8
2022-08-15,600519,14898.86
2022-08-16,600519,14882.95
2022-08-17,600519,14884.19
2022-08-18,600519,14709.59
2022-08-19,600519,14705.78
2022-08-22,600519,14697.79
2022-08-23,600519,14511.78
2022-08-24,600519,14389.09
2022-08-25,600519,14628.1
2022-08-26,600519,14728.99
2022-08-29,600519,14580.15
2022-08-30,600519,14511.7
2022-08-31,600519,14930.75
2022-09-01,600519,14596.21
2022-09-02,600519,14550.5
2022-09-05,600519,14240.09
2022-09-06,600519,14317.69
2022-09-07,600519,14108.24
2022-09-08,600519,14084.89
2022-09-09,600519,14316.06
2022-09-13,600519,14581.54
2022-09-14,600519,14503.94
2022-09-15,600519,14589.3
2022-09-16,600519,14426.34
2022-09-19,600519,14524.43
2022-09-20,600519,14573.78
2022-09-21,600519,14340.97
2022-09-22,600519,14129.97
2022-09-23,600519,14235.67
2022-09-26,600519,14457.38
2022-09-27,600519,14651.38
2022-09-28,600519,14612.58
2022-09-29,600519,14592.02
2022-09-30,600519,14531.1
2022-10-10,600519,13859.84
2022-10-11,600519,13813.2
2022-10-12,600519,13658.07
2022-10-13,600519,13192.38
2022-10-14,600519,13484.32
2022-10-17,600519,13336.02
2022-10-18,600519,13237.7
2022-10-19,600519,12788.92
2022-10-20,600519,12754.0
2022-10-21,600519,12602.67
2022-10-24,600519,11650.33
2022-10-25,600519,11483.26
2022-10-26,600519,11361.65
2022-10-27,600519,10872.13
2022-10-28,600519,10553.96
2022-10-31,600519,10476.36
2022-11-01,600519,11345.59
2022-11-02,600519,11422.8
2022-11-03,600519,11170.9
2022-11-04,600519,11768.99
2022-11-07,600519,11695.58
2022-11-08,600519,11523.07
2022-11-09,600519,11329.21
2022-11-10,600519,11446.39
2022-11-11,600519,11858.85
2022-11-14,600519,11896.49
2022-11-15,600519,12323.3
2022-11-16,600519,12301.96
2022-11-17,600519,12160.34
2022-11-18,600519,12161.35
2022-11-21,600519,11795.45
2022-11-22,600519,11950.42
2022-11-23,600519,12020.65
2022-11-24,600519,11795.53
2022-11-25,600519,11811.2
2022-11-28,600519,11717.07
2022-11-29,600519,12408.67
2022-11-30,600519,12408.67
2022-12-01,600519,12655.44
2022-12-02,600519,12679.35
2022-12-05,600519,12920.07
2022-12-06,600519,13099.33
2022-12-07,600519,13068.29
2022-12-08,600519,13091.73
2022-12-09,600519,13425.26
2022-12-12,600519,13495.26
2022-12-13,600519,13580.47
2022-12-14,600519,13742.42
2022-12-15,600519,13867.52
2022-12-16,600519,13866.59
2022-12-19,600519,13758.95
2022-12-20,600519,13308.86
2022-12-21,600519,13495.1
2022-12-22,600519,13720.15
2022-12-23,600519,13743.43
2022-12-26,600519,13518.85
2022-12-27,600519,13619.84
2022-12-28,600519,13619.84
2022-12-29,600519,13509.81
2022-12-30,600519,13572.69
2023-01-03,600519,13596.34
2023-01-04,600519,13557.05
2023-01-05,600519,14154.26
2023-01-06,600519,14176.03
2023-01-09,600519,14470.2
2023-01-10,600519,14574.33
2023-01-11,600519,14499.67
2023-01-12,600519,14413.61
2023-01-13,600519,14830.14
2023-01-16,600519,15033.7
2023-01-17,600519,14995.19
2023-01-18,600519,14877.3
2023-01-19,600519,14776.78
2023-01-20,600519,14618.03
2023-01-30,600519,14838.0
2023-01-31,600519,14506.03
2023-02-01,600519,14499.83
2023-02-02,600519,14430.19
2023-02-03,600519,14287.87
2023-02-06,600519,14107.11
2023-02-07,600519,14122.82
2023-02-08,600519,14020.66
2023-02-09,600519,14287.87
2023-02-10,600519,14224.99
2023-02-13,600519,14589.26
2023-02-14,600519,14490.55
2023-02-15,600519,14468.62
2023-02-16,600519,14632.25
2023-02-17,600519,14309.71
2023-02-20,600519,14735.83
2023-02-21,600519,14672.96
2023-02-22,600519,14429.33
2023-02-23,600519,14287.87
2023-02-24,600519,14052.09
2023-02-27,600519,14228.21
2023-02-28,600519,14254.39
2023-03-01,600519,14449.21
2023-03-02,600519,14366.46
2023-03-03,600519,14288.18
2023-03-06,600519,14202.52
2023-03-07,600519,14054.45
2023-03-08,600519,13913.93
2023-03-09,600519,13910.79
2023-03-10,600519,13753.45
2023-03-13,600519,13847.76
2023-03-14,600519,13879.19
2023-03-15,600519,13760.68
2023-03-16,600519,13769.09
2023-03-17,600519,13690.57
2023-03-20,600519,13593.12
2023-03-21,600519,13949.92
2023-03-22,600519,13936.96
2023-03-23,600519,13948.82
2023-03-24,600519,13978.37
2023-03-27,600519,13893.26
2023-03-28,600519,14003.37
2023-03-29,600519,14067.81
2023-03-30,600519,14146.4
2023-03-31,600519,14303.58
2023-04-03,600519,14162.67
2023-04-04,600519,14261.07
2023-04-06,600519,14122.51
2023-04-07,600519,14075.59
2023-04-10,600519,13923.99
2023-04-11,600519,13718.08
2023-04-12,600519,13314.12
2023-04-13,600519,13541.25
2023-04-14,600519,13465.96
2023-04-17,600519,13777.02
2023-04-18,600519,13816.32
2023-04-19,600519,13824.18
2023-04-20,600519,13689.63
2023-04-21,600519,13560.66
2023-04-24,600519,13399.79
2023-04-25,600519,13599.25
2023-04-26,600519,13705.58
2023-04-27,600519,13815.69
2023-04-28,600519,13836.12
2023-05-04,600519,13752.66
2023-05-05,600519,13753.45
2023-05-08,600519,13521.76
2023-05-09,600519,13533.39
2023-05-10,600519,13556.97
2023-05-11,600519,13494.65
2023-05-12,600519,13410.79
2023-05-15,600519,13488.59
2023-05-16,600519,13386.35
2023-05-17,600519,13368.35
2023-05-18,600519,13289.76
2023-05-19,600519,13356.56
2023-05-22,600519,13722.01
2023-05-23,600519,13553.43
2023-05-24,600519,13446.15
2023-05-25,600519,13368.35
2023-05-26,600519,13286.3
2023-05-29,600519,13274.04
2023-05-30,600519,13111.28
2023-05-31,600519,12801.71
2023-06-01,600519,12856.88
2023-06-02,600519,13129.43
2023-06-05,600519,13085.42
2023-06-06,600519,13101.06
2023-06-07,600519,12974.61
2023-06-08,600519,13109.0
2023-06-09,600519,13093.28
2023-06-12,600519,13329.05
2023-06-13,600519,13352.63
2023-06-14,600519,13571.74
2023-06-15,600519,13792.74
2023-06-16,600519,14128.25
2023-06-19,600519,13706.29
2023-06-20,600519,13702.05
2023-06-21,600519,13642.08
2023-06-26,600519,13431.22
2023-06-27,600519,13447.33
2023-06-28,600519,13583.53
2023-06-29,600519,13468.24
2023-06-30,600519,13493.78
2023-07-03,600519,13757.91
2023-07-04,600519,13809.78
2023-07-05,600519,13688.33
2023-07-06,600519,13589.38
2023-07-07,600519,13486.04
2023-07-10,600519,13572.78
2023-07-11,600519,13645.4
2023-07-12,600519,13675.72
2023-07-13,600519,13872.02
2023-07-14,600519,13988.53
2023-07-17,600519,13804.75
2023-07-18,600519,13747.54
2023-07-19,600519,13749.13
2023-07-20,600519,13757.11
2023-07-21,600519,14134.56
2023-07-24,600519,14133.36
2023-07-25,600519,14591.4
2023-07-26,600519,14591.4
2023-07-27,600519,14667.05
2023-07-28,600519,15137.61
2023-07-31,600519,15006.59
2023-08-01,600519,15073.78
2023-08-02,600519,15001.96
2023-08-03,600519,14989.75
2023-08-04,600519,15109.44
2023-08-07,600519,15065.24
2023-08-08,600519,15081.76
2023-08-09,600519,15083.99
2023-08-10,600519,14962.06
2023-08-11,600519,14634.89
2023-08-14,600519,14387.52
2023-08-15,600519,14467.15
2023-08-16,600519,14523.17
2023-08-17,600519,14587.41
2023-08-18,600519,14384.24
2023-08-21,600519,14291.76
2023-08-22,600519,14267.82
2023-08-23,600519,14156.1
2023-08-24,600519,14493.65
2023-08-25,600519,14562.91
2023-08-28,600519,14642.63
2023-08-29,600519,14773.18
2023-08-30,600519,14810.44
2023-08-31,600519,14738.63
2023-09-01,600519,14770.94
2023-09-04,600519,14890.24
2023-09-05,600519,14831.99
2023-09-06,600519,14850.34
2023-09-07,600519,14666.81
2023-09-08,600519,14511.2
2023-09-11,600519,14540.49
2023-09-12,600519,14522.85
2023-09-13,600519,14522.45
2023-09-14,600519,14512.72
2023-09-15,600519,14219.86
2023-09-18,600519,14596.59
2023-09-19,600519,14578.55
2023-09-20,600519,14555.09
2023-09-21,600519,14350.73
2023-09-22,600519,14754.58
2023-09-25,600519,14621.96
2023-09-26,600519,14491.25
2023-09-27,600519,14475.29
2023-09-28,600519,14352.01
2023-10-09,600519,14180.04
2023-10-10,600519,14124.18
2023-10-11,600519,14192.01
2023-10-12,600519,14251.86
2023-10-13,600519,13972.57
2023-10-16,600519,13804.19
2023-10-17,600519,13773.07
2023-10-18,600519,13789.03
2023-10-19,600519,13007.02
2023-10-20,600519,13126.71
2023-10-23,600519,13118.57
2023-10-24,600519,13110.35
2023-10-25,600519,13386.06
2023-10-26,600519,13344.0
2023-10-27,600519,13379.75
2023-10-30,600519,13413.98
2023-10-31,600519,13442.55
2023-11-01,600519,14211.88
2023-11-02,600519,14199.99
2023-11-03,600519,14453.27
2023-11-06,600519,14459.33
2023-11-07,600519,14293.11
2023-11-08,600519,14350.33
2023-11-09,600519,14316.58
2023-11-10,600519,14170.79
2023-11-13,600519,14076.3
2023-11-14,600519,14086.44
2023-11-15,600519,14147.56
2023-11-16,600519,14044.78
2023-11-17,600519,13991.88
2023-11-20,600519,14064.34
2023-11-21,600519,14283.78
2023-11-22,600519,14216.03
2023-11-23,600519,14251.86
2023-11-24,600519,14180.04
2023-11-27,600519,14068.32
2023-11-28,600519,14116.52
2023-11-29,600519,14161.77
2023-11-30,600519,14295.75
2023-12-01,600519,14046.62
2023-12-04,600519,13970.25
2023-12-05,600519,13637.42
2023-12-06,600519,13589.54
2023-12-07,600519,13565.6
2023-12-08,600519,13604.86
2023-12-11,600519,13549.64
2023-12-12,600519,13645.32
2023-12-13,600519,13246.41
2023-12-14,600519,13054.1
2023-12-15,600519,13126.71
2023-12-18,600519,13262.37
2023-12-19,600519,13366.11
2023-12-20,600519,13316.84
2023-12-21,600519,13479.97
2023-12-22,600519,13485.21
2023-12-25,600519,13496.11
2023-12-26,600519,13479.97
2023-12-27,600519,13456.24
2023-12-28,600519,13923.84
2023-12-29,600519,13931.99
2024-01-02,600519,13601.13
2024-01-03,600519,13673.69
2024-01-04,600519,13471.9
2024-01-05,600519,13426.37
2024-01-08,600519,13270.02
2024-01-09,600519,13245.88
2024-01-10,600519,13249.92
2024-01-11,600519,13290.84
2024-01-12,600519,13262.51
2024-01-15,600519,13237.81
2024-01-16,600519,13233.21
2024-01-17,600519,12729.29
2024-01-18,600519,13002.68
2024-01-19,600519,13197.45
2024-01-22,600519,13253.96
2024-01-23,600519,13068.3
2024-01-24,600519,13124.81
2024-01-25,600519,13221.67
2024-01-26,600519,13216.18
2024-01-29,600519,13318.53
2024-01-30,600519,13019.87
2024-01-31,600519,12954.57
2024-02-01,600519,12995.9
2024-02-02,600519,12882.65
2024-02-05,600519,13157.17
2024-02-06,600519,13528.4
2024-02-07,600519,13810.83
2024-02-08,600519,13770.55
2024-02-19,600519,13685.23
2024-02-20,600519,13479.97
2024-02-21,600519,13864.67
2024-02-22,600519,13870.48
2024-02-23,600519,13835.85
2024-02-26,600519,13681.6
2024-02-27,600519,13637.37
2024-02-28,600519,13573.2
2024-02-29,600519,13681.76
2024-03-01,600519,13601.53
2024-03-04,600519,13530.82
2024-03-05,600519,13682.57
2024-03-06,600519,13565.12
2024-03-07,600519,13589.99
2024-03-08,600519,13491.51
2024-03-11,600519,13677.65
2024-03-12,600519,14085.35
2024-03-13,600519,13943.69
2024-03-14,600519,13856.36
2024-03-15,600519,13863.3
2024-03-18,600519,13788.8
2024-03-19,600519,13786.86
2024-03-20,600519,13799.61
2024-03-21,600519,13794.77
2024-03-22,600519,13733.02
2024-03-25,600519,13633.41
2024-03-26,600519,13797.11
2024-03-27,600519,13730.19
2024-03-28,600519,13735.36
2024-03-29,600519,13745.53
2024-04-01,600519,13894.29
2024-04-02,600519,13835.05
2024-04-03,600519,13844.09
2024-04-08,600519,13453.01
2024-04-09,600519,13417.17
2024-04-10,600519,13302.23
2024-04-11,600519,13302.39
2024-04-12,600519,13189.62
2024-04-15,600519,13504.02
2024-04-16,600519,13479.97
2024-04-17,600519,13455.75
2024-04-18,600519,13486.26
2024-04-19,600519,13291.41
2024-04-22,600519,13520.81
2024-04-23,600519,13659.81
2024-04-24,600519,13670.46
2024-04-25,600519,13665.94
2024-04-26,600519,13798.24
2024-04-29,600519,13754.41
2024-04-30,600519,13762.48
2024-05-06,600519,14208.05
2024-05-07,600519,14287.15
2024-05-08,600519,14238.48
2024-05-09,600519,14174.14
2024-05-10,600519,14036.76
2024-05-13,600519,13770.55
2024-05-14,600519,13738.1
2024-05-15,600519,13722.12
2024-05-16,600519,13758.45
2024-05-17,600519,13843.2
2024-05-20,600519,13794.77
2024-05-21,600519,13762.48
2024-05-22,600519,13703.64
2024-05-23,600519,13657.63
2024-05-24,600519,13537.12
2024-05-27,600519,13480.94
2024-05-28,600519,13436.7
2024-05-29,600519,13512.25
2024-05-30,600519,13310.46
2024-05-31,600519,13306.02
2024-06-03,600519,13232.89
2024-06-04,600519,13344.36
2024-06-05,600519,13270.1
2024-06-06,600519,13236.28
2024-06-07,600519,13069.76
2024-06-11,600519,12664.71
2024-06-12,600519,12686.34
2024-06-13,600519,12551.79
2024-06-14,600519,12551.71
2024-06-17,600519,12442.74
2024-06-18,600519,12281.3
2024-06-19,600519,12366.79
2024-06-20,600519,12359.37
2024-06-21,600519,12119.62
2024-06-24,600519,12165.34
2024-06-25,600519,12248.56
2024-06-26,600519,12269.73
2024-06-27,600519,12280.2
2024-06-28,600519,12089.87
2024-07-01,600519,11867.34
2024-07-02,600519,12281.93
2024-07-03,600519,12358.55
2024-07-04,600519,12241.06
2024-07-05,600519,11971.31
2024-07-08,600519,11699.43
2024-07-09,600519,11847.98
2024-07-10,600519,11844.35
2024-07-11,600519,12046.21
2024-07-12,600519,12184.05
2024-07-15,600519,12151.75
2024-07-16,600519,12160.81
2024-07-17,600519,12370.08
2024-07-18,600519,12338.03
2024-07-19,600519,12569.63
2024-07-22,600519,12350.31
2024-07-23,600519,11987.79
2024-07-24,600519,11864.37
2024-07-25,600519,11785.85
2024-07-26,600519,11717.47
2024-07-29,600519,11518.33
2024-07-30,600519,11369.78
2024-07-31,600519,11709.97
2024-08-01,600519,11420.62
2024-08-02,600519,11414.77
2024-08-05,600519,11617.12
2024-08-06,600519,11573.37
2024-08-07,600519,11662.35
2024-08-08,600519,11787.5
2024-08-09,600519,11837.84
2024-08-12,600519,11832.07
2024-08-13,600519,11724.23
2024-08-14,600519,11644.22
2024-08-15,600519,11756.19
2024-08-16,600519,11791.7
2024-08-19,600519,11744.25
2024-08-20,600519,11721.84
2024-08-21,600519,11679.49
2024-08-22,600519,11617.45
2024-08-23,600519,11658.15
2024-08-26,600519,11633.51
2024-08-27,600519,11568.18
2024-08-28,600519,11444.02
2024-08-29,600519,11644.22
2024-08-30,600519,11890.49
2024-09-02,600519,11493.45
2024-09-03,600519,11617.04
2024-09-04,600519,11534.65
2024-09-05,600519,11574.85
2024-09-06,600519,11518.17
2024-09-09,600519,11328.67
2024-09-10,600519,11353.39
2024-09-11,600519,11369.86
2024-09-12,600519,10999.6
2024-09-13,600519,10744.77
2024-09-18,600519,10438.03
2024-09-19,600519,10389.42
2024-09-20,600519,10413.48
2024-09-23,600519,10393.87
2024-09-24,600519,11308.9
2024-09-25,600519,11526.41
2024-09-26,600519,12597.48
2024-09-27,600519,13423.03
2024-09-30,600519,14401.83
2024-10-08,600519,14195.85
2024-10-09,600519,13142.49
2024-10-10,600519,13512.01
2024-10-11,600519,13223.56
2024-10-14,600519,13198.85
2024-10-15,600519,12805.52
2024-10-16,600519,12543.93
2024-10-17,600519,12314.06
2024-10-18,600519,12696.35
2024-10-21,600519,12595.83
2024-10-22,600519,12712.83
2024-10-23,600519,12914.68
2024-10-24,600519,12788.63
2024-10-25,600519,12843.42
2024-10-28,600519,12894.09
2024-10-29,600519,12619.07
2024-10-30,600519,12622.2
2024-10-31,600519,12587.51
2024-11-01,600519,12636.62
2024-11-04,600519,12755.67
2024-11-05,600519,12992.87
2024-11-06,600519,12943.52
2024-11-07,600519,13587.32
2024-11-08,600519,13264.59
2024-11-11,600519,13166.06
2024-11-12,600519,12994.6
2024-11-13,600519,13005.31
2024-11-14,600519,12966.59
2024-11-15,600519,12844.65
2024-11-18,600519,12844.65
2024-11-19,600519,12703.93
2024-11-20,600519,12727.74
2024-11-21,600519,12730.38
2024-11-22,600519,12422.98
2024-11-25,600519,12346.77
2024-11-26,600519,12432.7
2024-11-27,600519,12515.5
2024-11-28,600519,12506.85
2024-11-29,600519,12570.62
2024-12-02,600519,12564.52
2024-12-03,600519,12578.86
2024-12-04,600519,12523.33
2024-12-05,600519,12449.18
2024-12-06,600519,12531.65
2024-12-09,600519,12513.44
2024-12-10,600519,12742.4
2024-12-11,600519,12651.86
2024-12-12,600519,12900.68
2024-12-13,600519,12515.09
2024-12-16,600519,12582.65
2024-12-17,600519,12836.41
2024-12-18,600519,12947.64
2024-12-19,600519,12778.82
2024-12-20,600519,12735.91
2024-12-23,600519,12773.15
2024-12-24,600519,12876.66
2024-12-25,600519,12802.85
2024-12-26,600519,12784.36
2024-12-27,600519,12794.24
2024-12-30,600519,12761.01
2024-12-31,600519,12752.65
2025-01-02,600519,12451.4
2025-01-03,600519,12342.62
2025-01-06,600519,12049.74
2025-01-07,600519,12051.42
2025-01-08,600519,12070.66
2025-01-09,600519,12083.22
2025-01-10,600519,12016.27
2025-01-13,600519,12083.05
2025-01-14,600519,12321.7
2025-01-15,600519,12311.41
2025-01-16,600519,12103.13
2025-01-17,600519,12173.17
2025-01-20,600519,12340.95
2025-01-21,600519,12285.3
2025-01-22,600519,12058.11
2025-01-23,600519,12074.85
2025-01-24,600519,12016.27
2025-01-27,600519,12007.82
2025-02-05,600519,11746.83
2025-02-06,600519,11822.47
2025-02-07,600519,12016.27
2025-02-10,600519,11978.7
2025-02-11,600519,11865.65
2025-02-12,600519,12074.85
2025-02-13,600519,12259.44
2025-02-14,600519,12342.62
2025-02-17,600519,12314.34
2025-02-18,600519,12342.62
2025-02-19,600519,12476.51
2025-02-20,600519,12334.25
2025-02-21,600519,12453.16
2025-02-24,600519,12376.68
2025-02-25,600519,12166.9
2025-02-26,600519,12217.19
2025-02-27,600519,12430.99
2025-02-28,600519,12558.43
2025-03-03,600519,12443.2
2025-03-04,600519,12301.7
2025-03-05,600519,12270.41
2025-03-06,600519,12601.86
2025-03-07,600519,12727.54
2025-03-10,600519,12743.44
2025-03-11,600519,12959.17
2025-03-12,600519,12908.12
2025-03-13,600519,12867.87
2025-03-14,600519,13622.99
2025-03-17,600519,13705.41
2025-03-18,600519,13589.43
2025-03-19,600519,13687.42
2025-03-20,600519,13422.08
2025-03-21,600519,13168.95
2025-03-24,600519,13246.35
2025-03-25,600519,13183.59
2025-03-26,600519,13187.78
2025-03-27,600519,13296.56
2025-03-28,600519,13264.84
2025-03-31,600519,13062.26
2025-04-01,600519,13020.59
2025-04-02,600519,12962.01
2025-04-03,600519,13128.2
2025-04-07,600519,12551.82
2025-04-08,600519,12928.37
2025-04-09,600519,12895.24
2025-04-10,600519,12961.84
2025-04-11,600519,13129.03
2025-04-14,600519,12986.86
2025-04-15,600519,13037.15
2025-04-16,600519,13046.94
2025-04-17,600519,13137.57
2025-04-18,600519,13103.6
2025-04-21,600519,12978.58
2025-04-22,600519,12960.17
2025-04-23,600519,12986.95
2025-04-24,600519,12989.04
2025-04-25,600519,12970.21
2025-04-28,600519,12970.21
2025-04-29,600519,12920.0
2025-04-30,600519,12945.11
2025-05-06,600519,12971.89
2025-05-07,600519,13012.05
2025-05-08,600519,13206.1
2025-05-09,600519,13314.8
2025-05-12,600519,13426.26
2025-05-13,600519,13307.44
2025-05-14,600519,13681.4
2025-05-15,600519,13656.46
2025-05-16,600519,13506.84
2025-05-19,600519,13212.71
2025-05-20,600519,13271.46
2025-05-21,600519,13229.36
2025-05-22,600519,13221.25
2025-05-23,600519,13159.33
2025-05-26,600519,12974.4
2025-05-27,600519,12919.17
2025-05-28,600519,12861.43
2025-05-29,600519,12886.53
2025-05-30,600519,12735.91
2025-06-03,600519,12627.13
2025-06-04,600519,12635.16
2025-06-05,600519,12668.97
2025-06-06,600519,12605.29
2025-06-09,600519,12435.59
2025-06-10,600519,12342.7
2025-06-11,600519,12384.46
2025-06-12,600519,12208.73
2025-06-13,600519,11940.54
2025-06-16,600519,11901.55
2025-06-17,600519,11940.96
2025-06-18,600519,11924.23
2025-06-19,600519,11932.59
2025-06-20,600519,11954.85
2025-06-23,600519,11882.39
2025-06-24,600519,12026.31
2025-06-25,600519,12015.1
2025-06-26,600519,12115.27
2025-06-27,600519,11970.99
2025-06-30,600519,12025.85
2025-07-01,600519,11988.14
2025-07-02,600519,12026.53
2025-07-03,600519,12077.73
2025-07-04,600519,12134.21
2025-07-07,600519,12035.92
2025-07-08,600519,12082.08
2025-07-09,600519,12105.71
2025-07-10,600519,12170.72
2025-07-11,600519,12174.99
2025-07-14,600519,12145.98
2025-07-15,600519,12038.48
2025-07-16,600519,12038.74
2025-07-17,600519,12084.12
2025-07-18,600519,12260.31
2025-07-21,600519,12311.5
2025-07-22,600519,12499.03
2025-07-23,600519,12588.79
2025-07-24,600519,12725.3
2025-07-25,600519,12413.88
2025-07-28,600519,12274.47
2025-07-29,600519,12277.37
2025-07-30,600519,12366.44
2025-07-31,600519,12129.51
2025-08-01,600519,12089.67
2025-08-04,600519,12106.73
2025-08-05,600519,12181.3
2025-08-06,600519,12148.37
2025-08-07,600519,12135.32
2025-08-08,600519,12123.54
2025-08-11,600519,12328.56
2025-08-12,600519,12260.65
2025-08-13,600519,12115.69
2025-08-14,600519,12174.9
2025-08-15,600519,12133.01
2025-08-18,600519,12187.79
2025-08-19,600519,12268.84
2025-08-20,600519,12371.22
2025-08-21,600519,12356.29
2025-08-22,600519,12490.24
2025-08-25,600519,12715.31
2025-08-26,600519,12640.92
2025-08-27,600519,12354.16
2025-08-28,600519,12337.95
2025-08-29,600519,12627.18
2025-09-01,600519,12593.9
2025-09-02,600519,12723.59
2025-09-03,600519,12631.87
2025-09-04,600519,12564.55
2025-09-05,600519,12652.77
2025-09-08,600519,12808.31
2025-09-09,600519,12840.48
2025-09-10,600519,12985.6
2025-09-11,600519,12998.32
2025-09-12,600519,12934.33
2025-09-15,600519,12926.65
2025-09-16,600519,12797.65
2025-09-17,600519,12738.09
2025-09-18,600519,12524.45
2025-09-19,600519,12524.54
2025-09-22,600519,12399.8
2025-09-23,600519,12349.21
2025-09-24,600519,12302.97
2025-09-25,600519,12277.37
2025-09-26,600519,12243.24
2025-09-29,600519,12463.88
2025-09-30,600519,12319.95
2025-10-09,600519,12258.43
2025-10-10,600519,12200.58
2025-10-13,600519,12108.44
2025-10-14,600519,12379.92
2025-10-15,600519,12473.61
2025-10-16,600519,12669.07
2025-10-17,600519,12413.88
2025-10-20,600519,12438.88
2025-10-21,600519,12475.82
2025-10-22,600519,12445.45
2025-10-23,600519,12524.63
2025-10-24,600519,12371.22
2025-10-27,600519,12289.4
2025-10-28,600519,12328.56
2025-10-29,600519,12216.8
2025-10-30,600519,12172.77
2025-10-31,600519,12200.67
2025-11-03,600519,12243.24
2025-11-04,600519,12192.05
2025-11-05,600519,12115.95
2025-11-06,600519,12244.35
2025-11-07,600519,12229.0
2025-11-10,600519,12476.16
2025-11-11,600519,12447.92
2025-11-12,600519,12500.48
2025-11-13,600519,12545.1
2025-11-14,600519,12427.53
2025-11-17,600519,12550.39
2025-11-18,600519,12593.05
2025-11-19,600519,12550.48
2025-11-20,600519,12517.2
2025-11-21,600519,12512.85
2025-11-24,600519,12388.29
2025-11-25,600519,12325.58
2025-11-26,600519,12363.97
2025-11-27,600519,12348.19
2025-11-28,600519,12375.49
2025-12-01,600519,12354.16
2025-12-02,600519,12252.03
2025-12-03,600519,12192.91
2025-12-04,600519,12149.22
2025-12-05,600519,12200.67
2025-12-08,600519,12100.08
2025-12-09,600519,11953.25
2025-12-10,600519,11968.52
2025-12-11,600519,12046.93
2025-12-12,600519,12120.81
2025-12-15,600519,12166.46
2025-12-16,600519,12132.33
2025-12-17,600519,12227.03
2025-12-18,600519,12209.12
2025-12-19,600519,12234.78
2025-12-22,600519,12219.68
2025-12-23,600519,12216.21
2025-12-24,600519,12155.81
2025-12-25,600519,12270.96
2025-12-26,600519,12270.61
2025-12-29,600519,12165.36
2025-12-30,600519,12058.8
2025-12-31,600519,11949.99
2026-01-05,600519,12373.61
2026-01-06,600519,12391.05
2026-01-07,600519,12350.7
2026-01-08,600519,12254.73
2026-01-09,600519,12313.74
2026-01-12,600519,12349.57
2026-01-13,600519,12243.45
2026-01-14,600519,12130.74
2026-01-15,600519,12051.6
2026-01-16,600519,11991.82
2026-01-19,600519,11939.75
2026-01-20,600519,11918.49
2026-01-21,600519,11723.34
2026-01-22,600519,11627.9
2026-01-23,600519,11601.34
2026-01-26,600519,11644.73
2026-01-27,600519,11653.49
2026-01-28,600519,11485.85
2026-01-29,600519,12475.31
2026-01-30,600519,12156.68
2026-02-02,600519,12382.29
2026-02-03,600519,12798.1
2026-02-04,600519,13232.65
2026-02-05,600519,13492.96
2026-02-06,600519,13145.96
2026-02-09,600519,13232.3
2026-02-10,600519,13057.37
2026-02-11,600519,13053.29
2026-02-12,600519,12899.44
2026-02-13,600519,12888.16
2026-02-24,600519,12727.64
2026-02-25,600519,12943.35
2026-02-26,600519,12722.52
2026-02-27,600519,12625.42
2026-03-02,600519,12496.04
2026-03-03,600519,12375.26
2026-03-04,600519,12158.24
2026-03-05,600519,12139.67
2026-03-06,600519,12165.36
2026-03-09,600519,12121.97
2026-03-10,600519,12164.32
2026-03-11,600519,12148.0
2026-03-12,600519,12078.59
2026-03-13,600519,12266.36
2026-03-16,600519,12670.19
2026-03-17,600519,12885.56
2026-03-18,600519,12744.99
2026-03-19,600519,12606.76
2026-03-20,600519,12538.48
2026-03-23,600519,12218.03
2026-03-24,600519,12211.61
2026-03-25,600519,12237.12
2026-03-26,600519,12158.24
2026-03-27,600519,12287.01
2026-03-30,600519,12321.55
2026-03-31,600519,12581.86
2026-04-01,600519,12663.77
2026-04-02,600519,12667.59
2026-04-03,600519,12668.63
2026-04-07,600519,12495.26
2026-04-08,600519,12712.19
2026-04-09,600519,12672.88
2026-04-10,600519,12616.22
2026-04-13,600519,12523.81
2026-04-14,600519,12554.96
2026-04-15,600519,12733.71
2026-04-16,600519,12693.28
2026-04-17,600519,12210.83
2026-04-20,600519,12242.5
2026-04-21,600519,12252.22
2026-04-22,600519,12230.44
2026-04-23,600519,12312.87
2026-04-24,600519,12655.53
2026-04-27,600519,12175.77
2026-04-28,600519,12191.39
2026-04-29,600519,12158.16
2026-04-30,600519,12016.02
2026-05-06,600519,11931.08
2026-05-07,600519,11896.8
2026-05-08,600519,11913.63
2026-05-11,600519,11812.46
2026-05-12,600519,11753.63
2026-05-13,600519,11662.86
2026-05-14,600519,11646.2
2026-05-15,600519,11566.2
2020-01-02,601088,31.18
2020-01-03,601088,31.13
2020-01-06,601088,31.49
2020-01-07,601088,31.56
2020-01-08,601088,30.77
2020-01-09,601088,30.86
2020-01-10,601088,30.45
2020-01-13,601088,30.51
2020-01-14,601088,30.44
2020-01-15,601088,29.9
2020-01-16,601088,29.85
2020-01-17,601088,30.02
2020-01-20,601088,29.68
2020-01-21,601088,29.38
2020-01-22,601088,29.68
2020-01-23,601088,28.98
2020-02-03,601088,26.8
2020-02-04,601088,27.25
2020-02-05,601088,27.24
2020-02-06,601088,27.29
2020-02-07,601088,27.13
2020-02-10,601088,27.42
2020-02-11,601088,27.92
2020-02-12,601088,27.92
2020-02-13,601088,27.81
2020-02-14,601088,28.04
2020-02-17,601088,28.33
2020-02-18,601088,28.06
2020-02-19,601088,27.84
2020-02-20,601088,28.11
2020-02-21,601088,28.07
2020-02-24,601088,27.72
2020-02-25,601088,27.24
2020-02-26,601088,27.59
2020-02-27,601088,27.52
2020-02-28,601088,26.83
2020-03-02,601088,27.86
2020-03-03,601088,28.12
2020-03-04,601088,28.04
2020-03-05,601088,28.59
2020-03-06,601088,28.12
2020-03-09,601088,27.3
2020-03-10,601088,27.75
2020-03-11,601088,27.54
2020-03-12,601088,27.27
2020-03-13,601088,26.88
2020-03-16,601088,26.72
2020-03-17,601088,26.33
2020-03-18,601088,26.03
2020-03-19,601088,24.79
2020-03-20,601088,24.97
2020-03-23,601088,24.79
2020-03-24,601088,26.13
2020-03-25,601088,26.3
2020-03-26,601088,26.73
2020-03-27,601088,27.29
2020-03-30,601088,27.81
2020-03-31,601088,27.24
2020-04-01,601088,26.83
2020-04-02,601088,27.25
2020-04-03,601088,27.03
2020-04-07,601088,27.07
2020-04-08,601088,27.07
2020-04-09,601088,26.83
2020-04-10,601088,26.65
2020-04-13,601088,26.58
2020-04-14,601088,27.12
2020-04-15,601088,26.72
2020-04-16,601088,26.83
2020-04-17,601088,26.88
2020-04-20,601088,26.7
2020-04-21,601088,25.78
2020-04-22,601088,25.79
2020-04-23,601088,25.66
2020-04-24,601088,25.42
2020-04-27,601088,25.69
2020-04-28,601088,25.78
2020-04-29,601088,26.25
2020-04-30,601088,26.72
2020-05-06,601088,26.45
2020-05-07,601088,26.45
2020-05-08,601088,26.6
2020-05-11,601088,26.65
2020-05-12,601088,26.78
2020-05-13,601088,26.66
2020-05-14,601088,26.61
2020-05-15,601088,26.88
2020-05-18,601088,26.9
2020-05-19,601088,27.65
2020-05-20,601088,27.45
2020-05-21,601088,27.18
2020-05-22,601088,26.68
2020-05-25,601088,27.0
2020-05-26,601088,27.0
2020-05-27,601088,27.59
2020-05-28,601088,27.57
2020-05-29,601088,27.47
2020-06-01,601088,27.77
2020-06-02,601088,27.74
2020-06-03,601088,27.96
2020-06-04,601088,27.49
2020-06-05,601088,27.47
2020-06-08,601088,27.92
2020-06-09,601088,28.44
2020-06-10,601088,28.06
2020-06-11,601088,27.5
2020-06-12,601088,27.3
2020-06-15,601088,26.56
2020-06-16,601088,26.63
2020-06-17,601088,26.83
2020-06-18,601088,27.19
2020-06-19,601088,27.19
2020-06-22,601088,26.87
2020-06-23,601088,26.63
2020-06-24,601088,26.68
2020-06-29,601088,26.16
2020-06-30,601088,26.1
2020-07-01,601088,26.79
2020-07-02,601088,27.47
2020-07-03,601088,28.87
2020-07-06,601088,30.72
2020-07-07,601088,30.79
2020-07-08,601088,30.63
2020-07-09,601088,30.97
2020-07-10,601088,29.92
2020-07-13,601088,30.19
2020-07-14,601088,29.96
2020-07-15,601088,29.37
2020-07-16,601088,28.56
2020-07-17,601088,28.32
2020-07-20,601088,29.56
2020-07-21,601088,29.41
2020-07-22,601088,29.05
2020-07-23,601088,28.65
2020-07-24,601088,28.14
2020-07-27,601088,28.25
2020-07-28,601088,28.34
2020-07-29,601088,28.47
2020-07-30,601088,28.08
2020-07-31,601088,27.87
2020-08-03,601088,28.34
2020-08-04,601088,28.43
2020-08-05,601088,28.21
2020-08-06,601088,28.1
2020-08-07,601088,27.92
2020-08-10,601088,28.1
2020-08-11,601088,27.94
2020-08-12,601088,28.27
2020-08-13,601088,28.23
2020-08-14,601088,28.41
2020-08-17,601088,29.1
2020-08-18,601088,29.19
2020-08-19,601088,29.08
2020-08-20,601088,28.83
2020-08-21,601088,28.76
2020-08-24,601088,28.96
2020-08-25,601088,28.72
2020-08-26,601088,28.28
2020-08-27,601088,28.25
2020-08-28,601088,28.81
2020-08-31,601088,29.37
2020-09-01,601088,29.36
2020-09-02,601088,29.01
2020-09-03,601088,29.27
2020-09-04,601088,29.39
2020-09-07,601088,29.21
2020-09-08,601088,29.97
2020-09-09,601088,29.56
2020-09-10,601088,29.59
2020-09-11,601088,29.07
2020-09-14,601088,29.19
2020-09-15,601088,29.19
2020-09-16,601088,29.54
2020-09-17,601088,29.36
2020-09-18,601088,30.28
2020-09-21,601088,30.3
2020-09-22,601088,29.9
2020-09-23,601088,29.61
2020-09-24,601088,29.28
2020-09-25,601088,29.68
2020-09-28,601088,30.14
2020-09-29,601088,30.01
2020-09-30,601088,29.94
2020-10-09,601088,30.14
2020-10-12,601088,30.43
2020-10-13,601088,30.52
2020-10-14,601088,30.28
2020-10-15,601088,30.45
2020-10-16,601088,30.94
2020-10-19,601088,30.61
2020-10-20,601088,30.56
2020-10-21,601088,30.45
2020-10-22,601088,30.61
2020-10-23,601088,30.32
2020-10-26,601088,30.17
2020-10-27,601088,30.41
2020-10-28,601088,30.17
2020-10-29,601088,30.01
2020-10-30,601088,30.26
2020-11-02,601088,30.36
2020-11-03,601088,30.59
2020-11-04,601088,31.12
2020-11-05,601088,31.32
2020-11-06,601088,32.41
2020-11-09,601088,32.57
2020-11-10,601088,32.45
2020-11-11,601088,32.72
2020-11-12,601088,32.21
2020-11-13,601088,31.77
2020-11-16,601088,32.36
2020-11-17,601088,32.45
2020-11-18,601088,32.34
2020-11-19,601088,32.03
2020-11-20,601088,32.23
2020-11-23,601088,33.41
2020-11-24,601088,33.45
2020-11-25,601088,33.48
2020-11-26,601088,34.46
2020-11-27,601088,35.08
2020-11-30,601088,35.66
2020-12-01,601088,35.88
2020-12-02,601088,36.34
2020-12-03,601088,34.66
2020-12-04,601088,34.34
2020-12-07,601088,33.59
2020-12-08,601088,33.45
2020-12-09,601088,33.81
2020-12-10,601088,33.7
2020-12-11,601088,33.86
2020-12-14,601088,31.72
2020-12-15,601088,32.1
2020-12-16,601088,32.25
2020-12-17,601088,32.96
2020-12-18,601088,34.66
2020-12-21,601088,34.17
2020-12-22,601088,32.36
2020-12-23,601088,32.63
2020-12-24,601088,32.76
2020-12-25,601088,33.57
2020-12-28,601088,33.72
2020-12-29,601088,32.81
2020-12-30,601088,32.77
2020-12-31,601088,32.74
2021-01-04,601088,32.7
2021-01-05,601088,32.08
2021-01-06,601088,32.63
2021-01-07,601088,33.19
2021-01-08,601088,33.86
2021-01-11,601088,32.83
2021-01-12,601088,33.12
2021-01-13,601088,34.19
2021-01-14,601088,33.85
2021-01-15,601088,34.05
2021-01-18,601088,34.39
2021-01-19,601088,34.06
2021-01-20,601088,34.19
2021-01-21,601088,34.35
2021-01-22,601088,33.92
2021-01-25,601088,33.17
2021-01-26,601088,32.79
2021-01-27,601088,32.9
2021-01-28,601088,32.28
2021-01-29,601088,31.63
2021-02-01,601088,30.86
2021-02-02,601088,30.65
2021-02-03,601088,30.48
2021-02-04,601088,30.32
2021-02-05,601088,29.72
2021-02-08,601088,29.85
2021-02-09,601088,30.21
2021-02-10,601088,30.41
2021-02-18,601088,31.66
2021-02-19,601088,32.92
2021-02-22,601088,34.34
2021-02-23,601088,33.37
2021-02-24,601088,32.96
2021-02-25,601088,33.66
2021-02-26,601088,32.26
2021-03-01,601088,32.39
2021-03-02,601088,32.68
2021-03-03,601088,33.37
2021-03-04,601088,32.9
2021-03-05,601088,33.05
2021-03-08,601088,32.74
2021-03-09,601088,32.94
2021-03-10,601088,32.66
2021-03-11,601088,33.23
2021-03-12,601088,33.76
2021-03-15,601088,34.9
2021-03-16,601088,34.61
2021-03-17,601088,34.48
2021-03-18,601088,34.39
2021-03-19,601088,33.99
2021-03-22,601088,34.01
2021-03-23,601088,32.96
2021-03-24,601088,32.32
2021-03-25,601088,32.9
2021-03-26,601088,32.96
2021-03-29,601088,36.25
2021-03-30,601088,37.06
2021-03-31,601088,36.54
2021-04-01,601088,36.14
2021-04-02,601088,35.95
2021-04-06,601088,35.45
2021-04-07,601088,35.48
2021-04-08,601088,35.48
2021-04-09,601088,35.46
2021-04-12,601088,35.63
2021-04-13,601088,35.12
2021-04-14,601088,35.5
2021-04-15,601088,35.94
2021-04-16,601088,36.03
2021-04-19,601088,36.08
2021-04-20,601088,36.15
2021-04-21,601088,35.79
2021-04-22,601088,36.23
2021-04-23,601088,35.54
2021-04-26,601088,34.97
2021-04-27,601088,34.72
2021-04-28,601088,35.45
2021-04-29,601088,35.68
2021-04-30,601088,34.92
2021-05-06,601088,35.97
2021-05-07,601088,36.39
2021-05-10,601088,38.12
2021-05-11,601088,37.32
2021-05-12,601088,37.97
2021-05-13,601088,36.7
2021-05-14,601088,36.28
2021-05-17,601088,36.72
2021-05-18,601088,37.21
2021-05-19,601088,36.9
2021-05-20,601088,35.65
2021-05-21,601088,35.72
2021-05-24,601088,35.59
2021-05-25,601088,35.92
2021-05-26,601088,36.05
2021-05-27,601088,36.32
2021-05-28,601088,36.23
2021-05-31,601088,36.32
2021-06-01,601088,36.48
2021-06-02,601088,36.65
2021-06-03,601088,37.17
2021-06-04,601088,36.86
2021-06-07,601088,36.9
2021-06-08,601088,36.74
2021-06-09,601088,37.34
2021-06-10,601088,37.14
2021-06-11,601088,37.41
2021-06-15,601088,36.9
2021-06-16,601088,37.21
2021-06-17,601088,36.94
2021-06-18,601088,36.06
2021-06-21,601088,35.37
2021-06-22,601088,35.3
2021-06-23,601088,36.12
2021-06-24,601088,36.3
2021-06-25,601088,36.94
2021-06-28,601088,35.72
2021-06-29,601088,35.35
2021-06-30,601088,35.48
2021-07-01,601088,35.3
2021-07-02,601088,35.05
2021-07-05,601088,36.28
2021-07-06,601088,36.21
2021-07-07,601088,36.17
2021-07-08,601088,35.86
2021-07-09,601088,36.32
2021-07-12,601088,35.22
2021-07-13,601088,35.54
2021-07-14,601088,35.8
2021-07-15,601088,35.8
2021-07-16,601088,36.14
2021-07-19,601088,36.38
2021-07-20,601088,35.78
2021-07-21,601088,35.24
2021-07-22,601088,35.46
2021-07-23,601088,35.52
2021-07-26,601088,34.52
2021-07-27,601088,34.04
2021-07-28,601088,33.74
2021-07-29,601088,33.74
2021-07-30,601088,33.98
2021-08-02,601088,34.46
2021-08-03,601088,34.5
2021-08-04,601088,34.68
2021-08-05,601088,34.84
2021-08-06,601088,35.02
2021-08-09,601088,35.14
2021-08-10,601088,35.36
2021-08-11,601088,35.8
2021-08-12,601088,35.76
2021-08-13,601088,35.9
2021-08-16,601088,35.84
2021-08-17,601088,35.54
2021-08-18,601088,35.1
2021-08-19,601088,34.76
2021-08-20,601088,34.5
2021-08-23,601088,35.34
2021-08-24,601088,35.58
2021-08-25,601088,36.02
2021-08-26,601088,36.46
2021-08-27,601088,36.3
2021-08-30,601088,37.84
2021-08-31,601088,39.98
2021-09-01,601088,39.04
2021-09-02,601088,40.2
2021-09-03,601088,39.92
2021-09-06,601088,41.51
2021-09-07,601088,42.53
2021-09-08,601088,43.59
2021-09-09,601088,47.95
2021-09-10,601088,44.77
2021-09-13,601088,47.87
2021-09-14,601088,46.29
2021-09-15,601088,45.71
2021-09-16,601088,46.29
2021-09-17,601088,43.21
2021-09-22,601088,47.53
2021-09-23,601088,46.83
2021-09-24,601088,43.77
2021-09-27,601088,43.83
2021-09-28,601088,45.59
2021-09-29,601088,44.31
2021-09-30,601088,45.29
2021-10-08,601088,42.77
2021-10-11,601088,44.81
2021-10-12,601088,44.45
2021-10-13,601088,43.01
2021-10-14,601088,42.35
2021-10-15,601088,43.89
2021-10-18,601088,47.15
2021-10-19,601088,46.89
2021-10-20,601088,43.91
2021-10-21,601088,46.09
2021-10-22,601088,43.23
2021-10-25,601088,44.67
2021-10-26,601088,43.69
2021-10-27,601088,41.93
2021-10-28,601088,40.28
2021-10-29,601088,39.76
2021-11-01,601088,40.16
2021-11-02,601088,39.18
2021-11-03,601088,40.18
2021-11-04,601088,40.26
2021-11-05,601088,38.98
2021-11-08,601088,39.56
2021-11-09,601088,38.88
2021-11-10,601088,38.14
2021-11-11,601088,38.44
2021-11-12,601088,38.22
2021-11-15,601088,38.24
2021-11-16,601088,37.88
2021-11-17,601088,38.04
2021-11-18,601088,38.18
2021-11-19,601088,38.66
2021-11-22,601088,38.72
2021-11-23,601088,39.14
2021-11-24,601088,40.3
2021-11-25,601088,40.6
2021-11-26,601088,39.42
2021-11-29,601088,39.12
2021-11-30,601088,39.06
2021-12-01,601088,40.18
2021-12-02,601088,41.33
2021-12-03,601088,45.17
2021-12-06,601088,44.35
2021-12-07,601088,44.13
2021-12-08,601088,43.47
2021-12-09,601088,43.57
2021-12-10,601088,43.37
2021-12-13,601088,43.57
2021-12-14,601088,42.45
2021-12-15,601088,42.71
2021-12-16,601088,45.67
2021-12-17,601088,44.03
2021-12-20,601088,43.49
2021-12-21,601088,44.37
2021-12-22,601088,44.19
2021-12-23,601088,45.31
2021-12-24,601088,44.89
2021-12-27,601088,45.57
2021-12-28,601088,44.53
2021-12-29,601088,44.53
2021-12-30,601088,43.85
2021-12-31,601088,45.01
2022-01-04,601088,45.43
2022-01-05,601088,44.77
2022-01-06,601088,44.41
2022-01-07,601088,44.99
2022-01-10,601088,45.53
2022-01-11,601088,45.37
2022-01-12,601088,45.63
2022-01-13,601088,46.35
2022-01-14,601088,45.01
2022-01-17,601088,44.75
2022-01-18,601088,46.65
2022-01-19,601088,46.99
2022-01-20,601088,47.73
2022-01-21,601088,47.99
2022-01-24,601088,48.21
2022-01-25,601088,46.77
2022-01-26,601088,46.31
2022-01-27,601088,46.93
2022-01-28,601088,45.05
2022-02-07,601088,46.99
2022-02-08,601088,49.89
2022-02-09,601088,48.85
2022-02-10,601088,51.17
2022-02-11,601088,52.19
2022-02-14,601088,51.51
2022-02-15,601088,50.17
2022-02-16,601088,50.35
2022-02-17,601088,50.59
2022-02-18,601088,51.55
2022-02-21,601088,52.79
2022-02-22,601088,53.17
2022-02-23,601088,50.99
2022-02-24,601088,50.97
2022-02-25,601088,49.11
2022-02-28,601088,50.45
2022-03-01,601088,52.07
2022-03-02,601088,52.57
2022-03-03,601088,53.91
2022-03-04,601088,54.41
2022-03-07,601088,54.07
2022-03-08,601088,51.69
2022-03-09,601088,53.81
2022-03-10,601088,53.11
2022-03-11,601088,53.77
2022-03-14,601088,52.37
2022-03-15,601088,48.23
2022-03-16,601088,49.57
2022-03-17,601088,48.71
2022-03-18,601088,50.03
2022-03-21,601088,52.17
2022-03-22,601088,53.73
2022-03-23,601088,53.07
2022-03-24,601088,54.37
2022-03-25,601088,54.33
2022-03-28,601088,58.4
2022-03-29,601088,60.12
2022-03-30,601088,58.02
2022-03-31,601088,59.5
2022-04-01,601088,59.02
2022-04-06,601088,58.36
2022-04-07,601088,59.52
2022-04-08,601088,61.1
2022-04-11,601088,62.56
2022-04-12,601088,61.86
2022-04-13,601088,63.94
2022-04-14,601088,64.52
2022-04-15,601088,62.02
2022-04-18,601088,59.9
2022-04-19,601088,61.56
2022-04-20,601088,59.08
2022-04-21,601088,58.4
2022-04-22,601088,59.34
2022-04-25,601088,57.37
2022-04-26,601088,56.91
2022-04-27,601088,57.9
2022-04-28,601088,62.38
2022-04-29,601088,61.52
2022-05-05,601088,61.22
2022-05-06,601088,60.44
2022-05-09,601088,59.18
2022-05-10,601088,57.33
2022-05-11,601088,58.44
2022-05-12,601088,57.25
2022-05-13,601088,61.56
2022-05-16,601088,61.96
2022-05-17,601088,62.82
2022-05-18,601088,62.28
2022-05-19,601088,61.9
2022-05-20,601088,64.66
2022-05-23,601088,64.92
2022-05-24,601088,64.98
2022-05-25,601088,66.22
2022-05-26,601088,66.62
2022-05-27,601088,68.94
2022-05-30,601088,67.88
2022-05-31,601088,67.88
2022-06-01,601088,67.54
2022-06-02,601088,66.34
2022-06-06,601088,68.02
2022-06-07,601088,67.36
2022-06-08,601088,70.34
2022-06-09,601088,69.62
2022-06-10,601088,69.58
2022-06-13,601088,67.42
2022-06-14,601088,68.98
2022-06-15,601088,67.36
2022-06-16,601088,64.76
2022-06-17,601088,65.08
2022-06-20,601088,62.04
2022-06-21,601088,62.32
2022-06-22,601088,61.42
2022-06-23,601088,62.68
2022-06-24,601088,62.36
2022-06-27,601088,64.8
2022-06-28,601088,65.64
2022-06-29,601088,65.9
2022-06-30,601088,66.56
2022-07-01,601088,66.2
2022-07-04,601088,66.76
2022-07-05,601088,68.76
2022-07-06,601088,64.66
2022-07-07,601088,66.36
2022-07-08,601088,66.86
2022-07-11,601088,62.73
2022-07-12,601088,64.31
2022-07-13,601088,63.53
2022-07-14,601088,63.96
2022-07-15,601088,64.35
2022-07-18,601088,66.04
2022-07-19,601088,65.09
2022-07-20,601088,64.35
2022-07-21,601088,60.76
2022-07-22,601088,61.3
2022-07-25,601088,61.86
2022-07-26,601088,62.84
2022-07-27,601088,62.36
2022-07-28,601088,62.17
2022-07-29,601088,60.78
2022-08-01,601088,61.52
2022-08-02,601088,60.5
2022-08-03,601088,59.74
2022-08-04,601088,59.72
2022-08-05,601088,59.03
2022-08-08,601088,60.33
2022-08-09,601088,61.62
2022-08-10,601088,61.32
2022-08-11,601088,61.54
2022-08-12,601088,62.6
2022-08-15,601088,63.2
2022-08-16,601088,63.14
2022-08-17,601088,62.86
2022-08-18,601088,62.68
2022-08-19,601088,64.24
2022-08-22,601088,65.22
2022-08-23,601088,66.1
2022-08-24,601088,66.71
2022-08-25,601088,70.04
2022-08-26,601088,67.62
2022-08-29,601088,68.96
2022-08-30,601088,66.02
2022-08-31,601088,65.63
2022-09-01,601088,67.29
2022-09-02,601088,66.32
2022-09-05,601088,70.43
2022-09-06,601088,71.12
2022-09-07,601088,70.54
2022-09-08,601088,69.87
2022-09-09,601088,70.8
2022-09-13,601088,70.19
2022-09-14,601088,69.97
2022-09-15,601088,70.06
2022-09-16,601088,66.97
2022-09-19,601088,68.14
2022-09-20,601088,67.81
2022-09-21,601088,67.44
2022-09-22,601088,69.2
2022-09-23,601088,67.44
2022-09-26,601088,65.67
2022-09-27,601088,65.76
2022-09-28,601088,66.28
2022-09-29,601088,67.94
2022-09-30,601088,68.44
2022-10-10,601088,69.17
2022-10-11,601088,68.37
2022-10-12,601088,69.07
2022-10-13,601088,67.21
2022-10-14,601088,68.22
2022-10-17,601088,67.44
2022-10-18,601088,67.03
2022-10-19,601088,67.14
2022-10-20,601088,65.86
2022-10-21,601088,66.66
2022-10-24,601088,64.57
2022-10-25,601088,64.52
2022-10-26,601088,62.75
2022-10-27,601088,63.44
2022-10-28,601088,63.51
2022-10-31,601088,60.63
2022-11-01,601088,61.47
2022-11-02,601088,63.05
2022-11-03,601088,62.36
2022-11-04,601088,64.33
2022-11-07,601088,65.26
2022-11-08,601088,64.7
2022-11-09,601088,63.61
2022-11-10,601088,63.7
2022-11-11,601088,64.57
2022-11-14,601088,61.86
2022-11-15,601088,61.84
2022-11-16,601088,62.38
2022-11-17,601088,61.08
2022-11-18,601088,61.17
2022-11-21,601088,60.54
2022-11-22,601088,61.8
2022-11-23,601088,63.46
2022-11-24,601088,63.61
2022-11-25,601088,65.45
2022-11-28,601088,65.69
2022-11-29,601088,65.43
2022-11-30,601088,66.08
2022-12-01,601088,64.59
2022-12-02,601088,63.57
2022-12-05,601088,64.52
2022-12-06,601088,64.78
2022-12-07,601088,63.25
2022-12-08,601088,62.94
2022-12-09,601088,62.97
2022-12-12,601088,61.5
2022-12-13,601088,61.97
2022-12-14,601088,62.34
2022-12-15,601088,61.39
2022-12-16,601088,61.82
2022-12-19,601088,60.87
2022-12-20,601088,60.37
2022-12-21,601088,59.98
2022-12-22,601088,59.53
2022-12-23,601088,59.85
2022-12-26,601088,59.85
2022-12-27,601088,60.72
2022-12-28,601088,60.91
2022-12-29,601088,59.63
2022-12-30,601088,59.74
2023-01-03,601088,60.59
2023-01-04,601088,59.98
2023-01-05,601088,59.7
2023-01-06,601088,59.74
2023-01-09,601088,59.92
2023-01-10,601088,59.35
2023-01-11,601088,62.34
2023-01-12,601088,62.3
2023-01-13,601088,62.68
2023-01-16,601088,61.91
2023-01-17,601088,61.99
2023-01-18,601088,61.67
2023-01-19,601088,61.78
2023-01-20,601088,62.1
2023-01-30,601088,60.69
2023-01-31,601088,61.41
2023-02-01,601088,61.17
2023-02-02,601088,61.62
2023-02-03,601088,61.11
2023-02-06,601088,60.82
2023-02-07,601088,60.89
2023-02-08,601088,60.37
2023-02-09,601088,60.63
2023-02-10,601088,59.92
2023-02-13,601088,59.33
2023-02-14,601088,59.53
2023-02-15,601088,58.86
2023-02-16,601088,58.19
2023-02-17,601088,58.47
2023-02-20,601088,59.66
2023-02-21,601088,60.33
2023-02-22,601088,60.26
2023-02-23,601088,60.61
2023-02-24,601088,60.24
2023-02-27,601088,60.48
2023-02-28,601088,60.57
2023-03-01,601088,60.69
2023-03-02,601088,60.95
2023-03-03,601088,61.56
2023-03-06,601088,60.87
2023-03-07,601088,62.45
2023-03-08,601088,61.6
2023-03-09,601088,61.75
2023-03-10,601088,60.82
2023-03-13,601088,62.77
2023-03-14,601088,62.14
2023-03-15,601088,62.38
2023-03-16,601088,60.65
2023-03-17,601088,61.8
2023-03-20,601088,62.36
2023-03-21,601088,61.71
2023-03-22,601088,62.45
2023-03-23,601088,63.55
2023-03-24,601088,62.68
2023-03-27,601088,59.87
2023-03-28,601088,59.22
2023-03-29,601088,58.99
2023-03-30,601088,60.85
2023-03-31,601088,60.93
2023-04-03,601088,60.33
2023-04-04,601088,61.02
2023-04-06,601088,60.39
2023-04-07,601088,60.0
2023-04-10,601088,59.72
2023-04-11,601088,59.66
2023-04-12,601088,60.24
2023-04-13,601088,60.93
2023-04-14,601088,61.43
2023-04-17,601088,62.81
2023-04-18,601088,63.53
2023-04-19,601088,63.36
2023-04-20,601088,63.27
2023-04-21,601088,62.79
2023-04-24,601088,62.53
2023-04-25,601088,62.27
2023-04-26,601088,62.06
2023-04-27,601088,62.12
2023-04-28,601088,62.9
2023-05-04,601088,63.96
2023-05-05,601088,64.65
2023-05-08,601088,68.63
2023-05-09,601088,68.53
2023-05-10,601088,67.83
2023-05-11,601088,67.12
2023-05-12,601088,66.71
2023-05-15,601088,66.73
2023-05-16,601088,67.4
2023-05-17,601088,66.56
2023-05-18,601088,66.88
2023-05-19,601088,66.9
2023-05-22,601088,66.69
2023-05-23,601088,66.54
2023-05-24,601088,65.3
2023-05-25,601088,65.0
2023-05-26,601088,63.38
2023-05-29,601088,63.7
2023-05-30,601088,63.1
2023-05-31,601088,61.06
2023-06-01,601088,60.5
2023-06-02,601088,61.13
2023-06-05,601088,61.78
2023-06-06,601088,63.4
2023-06-07,601088,63.42
2023-06-08,601088,64.03
2023-06-09,601088,63.7
2023-06-12,601088,64.52
2023-06-13,601088,64.07
2023-06-14,601088,64.96
2023-06-15,601088,64.89
2023-06-16,601088,64.8
2023-06-19,601088,64.5
2023-06-20,601088,64.46
2023-06-21,601088,64.48
2023-06-26,601088,64.22
2023-06-27,601088,64.85
2023-06-28,601088,65.69
2023-06-29,601088,65.22
2023-06-30,601088,66.51
2023-07-03,601088,67.4
2023-07-04,601088,67.29
2023-07-05,601088,67.98
2023-07-06,601088,67.46
2023-07-07,601088,67.62
2023-07-10,601088,67.46
2023-07-11,601088,67.17
2023-07-12,601088,66.96
2023-07-13,601088,67.57
2023-07-14,601088,68.0
2023-07-17,601088,65.41
2023-07-18,601088,65.57
2023-07-19,601088,65.88
2023-07-20,601088,65.41
2023-07-21,601088,65.2
2023-07-24,601088,64.98
2023-07-25,601088,66.51
2023-07-26,601088,67.03
2023-07-27,601088,66.87
2023-07-28,601088,66.94
2023-07-31,601088,66.87
2023-08-01,601088,67.01
2023-08-02,601088,65.76
2023-08-03,601088,65.71
2023-08-04,601088,65.5
2023-08-07,601088,65.64
2023-08-08,601088,65.78
2023-08-09,601088,65.57
2023-08-10,601088,66.26
2023-08-11,601088,64.82
2023-08-14,601088,64.46
2023-08-15,601088,64.84
2023-08-16,601088,64.56
2023-08-17,601088,64.58
2023-08-18,601088,64.44
2023-08-21,601088,63.64
2023-08-22,601088,64.84
2023-08-23,601088,66.07
2023-08-24,601088,65.52
2023-08-25,601088,65.71
2023-08-28,601088,67.15
2023-08-29,601088,67.01
2023-08-30,601088,66.63
2023-08-31,601088,66.37
2023-09-01,601088,67.74
2023-09-04,601088,69.7
2023-09-05,601088,70.12
2023-09-06,601088,69.93
2023-09-07,601088,70.19
2023-09-08,601088,69.37
2023-09-11,601088,70.19
2023-09-12,601088,70.24
2023-09-13,601088,71.3
2023-09-14,601088,73.39
2023-09-15,601088,73.44
2023-09-18,601088,73.58
2023-09-19,601088,73.94
2023-09-20,601088,74.15
2023-09-21,601088,73.42
2023-09-22,601088,73.63
2023-09-25,601088,73.87
2023-09-26,601088,73.42
2023-09-27,601088,72.71
2023-09-28,601088,73.51
2023-10-09,601088,74.34
2023-10-10,601088,73.18
2023-10-11,601088,72.71
2023-10-12,601088,72.33
2023-10-13,601088,72.5
2023-10-16,601088,74.05
2023-10-17,601088,74.43
2023-10-18,601088,74.45
2023-10-19,601088,72.92
2023-10-20,601088,72.52
2023-10-23,601088,72.88
2023-10-24,601088,72.08
2023-10-25,601088,71.53
2023-10-26,601088,71.98
2023-10-27,601088,71.51
2023-10-30,601088,70.0
2023-10-31,601088,71.44
2023-11-01,601088,71.37
2023-11-02,601088,71.84
2023-11-03,601088,71.56
2023-11-06,601088,69.46
2023-11-07,601088,69.86
2023-11-08,601088,70.12
2023-11-09,601088,72.38
2023-11-10,601088,73.28
2023-11-13,601088,72.88
2023-11-14,601088,72.22
2023-11-15,601088,72.43
2023-11-16,601088,72.5
2023-11-17,601088,72.57
2023-11-20,601088,72.38
2023-11-21,601088,72.36
2023-11-22,601088,72.22
2023-11-23,601088,72.92
2023-11-24,601088,73.16
2023-11-27,601088,73.63
2023-11-28,601088,73.02
2023-11-29,601088,73.44
2023-11-30,601088,74.2
2023-12-01,601088,74.24
2023-12-04,601088,74.83
2023-12-05,601088,73.7
2023-12-06,601088,73.14
2023-12-07,601088,72.03
2023-12-08,601088,72.05
2023-12-11,601088,73.23
2023-12-12,601088,73.63
2023-12-13,601088,72.52
2023-12-14,601088,72.31
2023-12-15,601088,71.65
2023-12-18,601088,72.45
2023-12-19,601088,72.57
2023-12-20,601088,73.11
2023-12-21,601088,72.5
2023-12-22,601088,73.94
2023-12-25,601088,74.83
2023-12-26,601088,73.77
2023-12-27,601088,74.57
2023-12-28,601088,73.56
2023-12-29,601088,73.87
2024-01-02,601088,76.29
2024-01-03,601088,77.71
2024-01-04,601088,78.77
2024-01-05,601088,78.81
2024-01-08,601088,79.28
2024-01-09,601088,80.23
2024-01-10,601088,79.76
2024-01-11,601088,78.34
2024-01-12,601088,79.21
2024-01-15,601088,80.2
2024-01-16,601088,80.77
2024-01-17,601088,80.44
2024-01-18,601088,80.27
2024-01-19,601088,78.34
2024-01-22,601088,77.66
2024-01-23,601088,79.21
2024-01-24,601088,81.55
2024-01-25,601088,82.75
2024-01-26,601088,84.35
2024-01-29,601088,84.0
2024-01-30,601088,84.26
2024-01-31,601088,87.46
2024-02-01,601088,85.53
2024-02-02,601088,87.23
2024-02-05,601088,89.84
2024-02-06,601088,88.92
2024-02-07,601088,90.92
2024-02-08,601088,89.7
2024-02-19,601088,93.8
2024-02-20,601088,93.68
2024-02-21,601088,93.26
2024-02-22,601088,96.2
2024-02-23,601088,93.89
2024-02-26,601088,90.95
2024-02-27,601088,90.9
2024-02-28,601088,91.89
2024-02-29,601088,90.95
2024-03-01,601088,90.43
2024-03-04,601088,91.87
2024-03-05,601088,93.19
2024-03-06,601088,92.88
2024-03-07,601088,94.46
2024-03-08,601088,93.66
2024-03-11,601088,91.18
2024-03-12,601088,87.6
2024-03-13,601088,87.34
2024-03-14,601088,88.17
2024-03-15,601088,87.91
2024-03-18,601088,86.61
2024-03-19,601088,87.96
2024-03-20,601088,88.33
2024-03-21,601088,88.76
2024-03-22,601088,89.39
2024-03-25,601088,90.74
2024-03-26,601088,89.6
2024-03-27,601088,91.51
2024-03-28,601088,91.04
2024-03-29,601088,92.1
2024-04-01,601088,90.43
2024-04-02,601088,92.01
2024-04-03,601088,93.28
2024-04-08,601088,93.26
2024-04-09,601088,93.52
2024-04-10,601088,94.55
2024-04-11,601088,94.25
2024-04-12,601088,93.61
2024-04-15,601088,96.72
2024-04-16,601088,98.25
2024-04-17,601088,98.72
2024-04-18,601088,97.45
2024-04-19,601088,98.7
2024-04-22,601088,94.95
2024-04-23,601088,94.01
2024-04-24,601088,93.78
2024-04-25,601088,94.15
2024-04-26,601088,93.19
2024-04-29,601088,91.89
2024-04-30,601088,93.85
2024-05-06,601088,93.19
2024-05-07,601088,94.08
2024-05-08,601088,96.96
2024-05-09,601088,96.25
2024-05-10,601088,96.53
2024-05-13,601088,96.08
2024-05-14,601088,94.88
2024-05-15,601088,94.65
2024-05-16,601088,93.3
2024-05-17,601088,93.99
2024-05-20,601088,96.44
2024-05-21,601088,98.89
2024-05-22,601088,98.35
2024-05-23,601088,98.96
2024-05-24,601088,97.33
2024-05-27,601088,98.96
2024-05-28,601088,101.08
2024-05-29,601088,102.38
2024-05-30,601088,101.53
2024-05-31,601088,99.74
2024-06-03,601088,102.12
2024-06-04,601088,99.76
2024-06-05,601088,100.73
2024-06-06,601088,104.05
2024-06-07,601088,104.02
2024-06-11,601088,102.35
2024-06-12,601088,105.2
2024-06-13,601088,105.04
2024-06-14,601088,104.5
2024-06-17,601088,102.59
2024-06-18,601088,102.66
2024-06-19,601088,102.35
2024-06-20,601088,105.16
2024-06-21,601088,103.93
2024-06-24,601088,104.26
2024-06-25,601088,103.51
2024-06-26,601088,103.08
2024-06-27,601088,102.49
2024-06-28,601088,104.54
2024-07-01,601088,106.69
2024-07-02,601088,107.91
2024-07-03,601088,106.62
2024-07-04,601088,106.97
2024-07-05,601088,106.26
2024-07-08,601088,107.6
2024-07-09,601088,107.65
2024-07-10,601088,103.46
2024-07-11,601088,103.39
2024-07-12,601088,102.22
2024-07-15,601088,105.15
2024-07-16,601088,105.2
2024-07-17,601088,103.48
2024-07-18,601088,104.3
2024-07-19,601088,104.11
2024-07-22,601088,103.51
2024-07-23,601088,101.85
2024-07-24,601088,103.58
2024-07-25,601088,102.32
2024-07-26,601088,101.2
2024-07-29,601088,101.3
2024-07-30,601088,98.72
2024-07-31,601088,98.6
2024-08-01,601088,97.76
2024-08-02,601088,97.01
2024-08-05,601088,95.42
2024-08-06,601088,94.63
2024-08-07,601088,96.44
2024-08-08,601088,96.47
2024-08-09,601088,96.86
2024-08-12,601088,97.48
2024-08-13,601088,96.94
2024-08-14,601088,97.06
2024-08-15,601088,99.69
2024-08-16,601088,100.53
2024-08-19,601088,100.09
2024-08-20,601088,98.45
2024-08-21,601088,98.65
2024-08-22,601088,99.04
2024-08-23,601088,99.91
2024-08-26,601088,100.09
2024-08-27,601088,103.44
2024-08-28,601088,102.72
2024-08-29,601088,101.08
2024-08-30,601088,100.58
2024-09-02,601088,101.9
2024-09-03,601088,99.67
2024-09-04,601088,98.38
2024-09-05,601088,96.04
2024-09-06,601088,94.36
2024-09-09,601088,92.32
2024-09-10,601088,92.99
2024-09-11,601088,91.13
2024-09-12,601088,93.29
2024-09-13,601088,93.89
2024-09-18,601088,94.85
2024-09-19,601088,94.26
2024-09-20,601088,95.5
2024-09-23,601088,96.99
2024-09-24,601088,102.15
2024-09-25,601088,103.63
2024-09-26,601088,105.99
2024-09-27,601088,103.71
2024-09-30,601088,108.15
2024-10-08,601088,105.27
2024-10-09,601088,100.09
2024-10-10,601088,106.54
2024-10-11,601088,105.67
2024-10-14,601088,105.84
2024-10-15,601088,103.71
2024-10-16,601088,103.01
2024-10-17,601088,101.67
2024-10-18,601088,104.13
2024-10-21,601088,102.49
2024-10-22,601088,102.79
2024-10-23,601088,101.82
2024-10-24,601088,102.42
2024-10-25,601088,101.53
2024-10-28,601088,101.95
2024-10-29,601088,101.65
2024-10-30,601088,100.31
2024-10-31,601088,99.32
2024-11-01,601088,101.87
2024-11-04,601088,101.08
2024-11-05,601088,101.77
2024-11-06,601088,100.04
2024-11-07,601088,101.23
2024-11-08,601088,99.69
2024-11-11,601088,97.68
2024-11-12,601088,96.51
2024-11-13,601088,97.66
2024-11-14,601088,98.25
2024-11-15,601088,99.57
2024-11-18,601088,102.77
2024-11-19,601088,101.97
2024-11-20,601088,101.8
2024-11-21,601088,102.17
2024-11-22,601088,98.72
2024-11-25,601088,99.49
2024-11-26,601088,98.72
2024-11-27,601088,100.71
2024-11-28,601088,99.89
2024-11-29,601088,99.12
2024-12-02,601088,98.25
2024-12-03,601088,99.79
2024-12-04,601088,104.43
2024-12-05,601088,103.98
2024-12-06,601088,105.02
2024-12-09,601088,105.42
2024-12-10,601088,105.52
2024-12-11,601088,107.6
2024-12-12,601088,106.93
2024-12-13,601088,105.67
2024-12-16,601088,107.78
2024-12-17,601088,106.16
2024-12-18,601088,106.81
2024-12-19,601088,105.69
2024-12-20,601088,102.54
2024-12-23,601088,103.63
2024-12-24,601088,103.53
2024-12-25,601088,106.41
2024-12-26,601088,104.5
2024-12-27,601088,104.65
2024-12-30,601088,106.11
2024-12-31,601088,107.85
2025-01-02,601088,105.64
2025-01-03,601088,104.35
2025-01-06,601088,103.71
2025-01-07,601088,101.95
2025-01-08,601088,101.4
2025-01-09,601088,98.15
2025-01-10,601088,97.18
2025-01-13,601088,96.47
2025-01-14,601088,97.53
2025-01-15,601088,97.26
2025-01-16,601088,98.47
2025-01-17,601088,98.25
2025-01-20,601088,96.09
2025-01-21,601088,94.78
2025-01-22,601088,94.48
2025-01-23,601088,95.27
2025-01-24,601088,96.94
2025-01-27,601088,99.22
2025-02-05,601088,96.29
2025-02-06,601088,96.61
2025-02-07,601088,96.47
2025-02-10,601088,95.72
2025-02-11,601088,95.62
2025-02-12,601088,94.8
2025-02-13,601088,94.53
2025-02-14,601088,94.58
2025-02-17,601088,92.47
2025-02-18,601088,90.81
2025-02-19,601088,89.54
2025-02-20,601088,89.82
2025-02-21,601088,87.76
2025-02-24,601088,88.7
2025-02-25,601088,88.38
2025-02-26,601088,88.16
2025-02-27,601088,88.65
2025-02-28,601088,87.93
2025-03-03,601088,88.16
2025-03-04,601088,87.68
2025-03-05,601088,88.63
2025-03-06,601088,88.03
2025-03-07,601088,89.02
2025-03-10,601088,89.54
2025-03-11,601088,90.36
2025-03-12,601088,89.12
2025-03-13,601088,92.32
2025-03-14,601088,92.2
2025-03-17,601088,91.85
2025-03-18,601088,90.98
2025-03-19,601088,90.98
2025-03-20,601088,91.16
2025-03-21,601088,90.83
2025-03-24,601088,92.07
2025-03-25,601088,93.64
2025-03-26,601088,94.33
2025-03-27,601088,94.21
2025-03-28,601088,93.84
2025-03-31,601088,95.13
2025-04-01,601088,95.87
2025-04-02,601088,95.87
2025-04-03,601088,96.64
2025-04-07,601088,92.62
2025-04-08,601088,97.18
2025-04-09,601088,97.88
2025-04-10,601088,96.71
2025-04-11,601088,94.31
2025-04-14,601088,95.75
2025-04-15,601088,95.75
2025-04-16,601088,97.88
2025-04-17,601088,97.43
2025-04-18,601088,97.23
2025-04-21,601088,96.54
2025-04-22,601088,95.85
2025-04-23,601088,95.6
2025-04-24,601088,96.59
2025-04-25,601088,95.94
2025-04-28,601088,94.26
2025-04-29,601088,94.93
2025-04-30,601088,95.0
2025-05-06,601088,95.13
2025-05-07,601088,96.19
2025-05-08,601088,95.62
2025-05-09,601088,96.34
2025-05-12,601088,95.65
2025-05-13,601088,96.86
2025-05-14,601088,97.43
2025-05-15,601088,99.37
2025-05-16,601088,97.88
2025-05-19,601088,97.18
2025-05-20,601088,97.11
2025-05-21,601088,99.47
2025-05-22,601088,100.21
2025-05-23,601088,98.47
2025-05-26,601088,98.3
2025-05-27,601088,98.03
2025-05-28,601088,98.75
2025-05-29,601088,98.7
2025-05-30,601088,98.13
2025-06-03,601088,97.16
2025-06-04,601088,97.46
2025-06-05,601088,97.48
2025-06-06,601088,98.08
2025-06-09,601088,97.98
2025-06-10,601088,98.35
2025-06-11,601088,98.47
2025-06-12,601088,96.79
2025-06-13,601088,97.38
2025-06-16,601088,96.84
2025-06-17,601088,97.98
2025-06-18,601088,97.28
2025-06-19,601088,97.71
2025-06-20,601088,97.83
2025-06-23,601088,98.85
2025-06-24,601088,98.85
2025-06-25,601088,99.59
2025-06-26,601088,99.32
2025-06-27,601088,99.04
2025-06-30,601088,100.56
2025-07-01,601088,101.55
2025-07-02,601088,103.04
2025-07-03,601088,100.21
2025-07-04,601088,101.82
2025-07-07,601088,98.96
2025-07-08,601088,99.01
2025-07-09,601088,98.44
2025-07-10,601088,98.33
2025-07-11,601088,96.6
2025-07-14,601088,98.23
2025-07-15,601088,98.36
2025-07-16,601088,97.86
2025-07-17,601088,97.47
2025-07-18,601088,98.17
2025-07-21,601088,99.15
2025-07-22,601088,103.63
2025-07-23,601088,101.9
2025-07-24,601088,101.9
2025-07-25,601088,100.88
2025-07-28,601088,99.22
2025-07-29,601088,99.28
2025-07-30,601088,101.06
2025-07-31,601088,100.17
2025-08-01,601088,98.59
2025-08-18,601088,102.98
2025-08-19,601088,100.46
2025-08-20,601088,101.4
2025-08-21,601088,100.9
2025-08-22,601088,101.06
2025-08-25,601088,102.64
2025-08-26,601088,101.93
2025-08-27,601088,100.35
2025-08-28,601088,99.49
2025-08-29,601088,98.36
2025-09-01,601088,99.49
2025-09-02,601088,100.17
2025-09-03,601088,99.17
2025-09-04,601088,100.2
2025-09-05,601088,100.17
2025-09-08,601088,99.88
2025-09-09,601088,100.12
2025-09-10,601088,100.2
2025-09-11,601088,100.48
2025-09-12,601088,99.12
2025-09-15,601088,100.25
2025-09-16,601088,100.83
2025-09-17,601088,102.32
2025-09-18,601088,100.48
2025-09-19,601088,101.32
2025-09-22,601088,101.09
2025-09-23,601088,102.01
2025-09-24,601088,102.24
2025-09-25,601088,101.64
2025-09-26,601088,101.74
2025-09-29,601088,100.67
2025-09-30,601088,101.06
2025-10-09,601088,103.53
2025-10-10,601088,104.4
2025-10-13,601088,104.87
2025-10-14,601088,106.71
2025-10-15,601088,107.26
2025-10-16,601088,110.28
2025-10-17,601088,109.99
2025-10-20,601088,110.85
2025-10-21,601088,109.72
2025-10-22,601088,110.62
2025-10-23,601088,110.83
2025-10-24,601088,111.56
2025-10-27,601088,112.06
2025-10-28,601088,111.8
2025-10-29,601088,110.62
2025-10-30,601088,112.98
2025-10-31,601088,111.59
2025-11-03,601088,113.98
2025-11-04,601088,114.24
2025-11-05,601088,114.4
2025-11-06,601088,115.47
2025-11-07,601088,114.79
2025-11-10,601088,115.86
2025-11-11,601088,114.92
2025-11-12,601088,114.39
2025-11-13,601088,114.44
2025-11-14,601088,113.02
2025-11-17,601088,113.85
2025-11-18,601088,112.53
2025-11-19,601088,114.17
2025-11-20,601088,112.78
2025-11-21,601088,112.96
2025-11-24,601088,110.63
2025-11-25,601088,110.63
2025-11-26,601088,110.09
2025-11-27,601088,111.3
2025-11-28,601088,110.47
2025-12-01,601088,111.0
2025-12-02,601088,111.7
2025-12-03,601088,111.81
2025-12-04,601088,112.11
2025-12-05,601088,111.51
2025-12-08,601088,109.82
2025-12-09,601088,108.7
2025-12-10,601088,107.89
2025-12-11,601088,108.24
2025-12-12,601088,107.41
2025-12-15,601088,107.16
2025-12-16,601088,107.86
2025-12-17,601088,107.41
2025-12-18,601088,109.63
2025-12-19,601088,108.99
2025-12-22,601088,109.77
2025-12-23,601088,110.49
2025-12-24,601088,108.08
2025-12-25,601088,107.76
2025-12-26,601088,107.59
2025-12-29,601088,107.94
2025-12-30,601088,108.61
2025-12-31,601088,108.75
2026-01-05,601088,108.1
2026-01-06,601088,109.5
2026-01-07,601088,110.79
2026-01-08,601088,111.3
2026-01-09,601088,113.98
2026-01-12,601088,112.4
2026-01-13,601088,112.51
2026-01-14,601088,112.08
2026-01-15,601088,111.6
2026-01-16,601088,110.09
2026-01-19,601088,109.29
2026-01-20,601088,109.69
2026-01-21,601088,107.62
2026-01-22,601088,109.15
2026-01-23,601088,107.41
2026-01-26,601088,111.84
2026-01-27,601088,109.15
2026-01-28,601088,110.57
2026-01-29,601088,111.11
2026-01-30,601088,112.59
2026-02-02,601088,107.97
2026-02-03,601088,106.33
2026-02-04,601088,113.9
2026-02-05,601088,112.4
2026-02-06,601088,111.89
2026-02-09,601088,113.34
2026-02-10,601088,114.07
2026-02-11,601088,115.09
2026-02-12,601088,114.28
2026-02-13,601088,111.3
2026-02-24,601088,114.17
2026-02-25,601088,113.26
2026-02-26,601088,112.32
2026-02-27,601088,113.47
2026-03-02,601088,120.11
2026-03-03,601088,123.01
2026-03-04,601088,123.81
2026-03-05,601088,123.19
2026-03-06,601088,123.06
2026-03-09,601088,128.75
2026-03-10,601088,124.0
2026-03-11,601088,128.43
2026-03-12,601088,132.27
2026-03-13,601088,131.36
2026-03-16,601088,130.2
2026-03-17,601088,128.19
2026-03-18,601088,127.49
2026-03-19,601088,132.83
2026-03-20,601088,133.05
2026-03-23,601088,132.92
2026-03-24,601088,130.18
2026-03-25,601088,126.87
2026-03-26,601088,128.06
2026-03-27,601088,127.54
2026-03-30,601088,128.4
2026-03-31,601088,125.53
2026-04-01,601088,125.18
2026-04-02,601088,128.06
2026-04-03,601088,127.76
2026-04-07,601088,130.02
2026-04-08,601088,125.56
2026-04-09,601088,125.64
2026-04-10,601088,124.54
2026-04-13,601088,124.38
2026-04-14,601088,122.6
2026-04-15,601088,123.06
2026-04-16,601088,122.26
2026-04-17,601088,122.31
2026-04-20,601088,121.45
2026-04-21,601088,123.46
2026-04-22,601088,123.17
2026-04-23,601088,126.15
2026-04-24,601088,126.71
2026-04-27,601088,125.61
2026-04-28,601088,129.29
2026-04-29,601088,128.83
2026-04-30,601088,128.89
2026-05-06,601088,128.16
2026-05-07,601088,122.42
2026-05-08,601088,121.32
2026-05-11,601088,121.29
2026-05-12,601088,121.37
2026-05-13,601088,120.3
2026-05-14,601088,121.29
2026-05-15,601088,122.71
2020-01-02,601127,11.89
2020-01-03,601127,11.9
2020-01-06,601127,11.8
2020-01-07,601127,11.93
2020-01-08,601127,12.0
2020-01-09,601127,12.03
2020-01-10,601127,11.92
2020-01-13,601127,12.1
2020-01-14,601127,12.03
2020-01-15,601127,11.79
2020-01-16,601127,11.79
2020-01-17,601127,11.74
2020-01-20,601127,11.74
2020-01-21,601127,11.72
2020-01-22,601127,11.5
2020-01-23,601127,10.62
2020-02-03,601127,9.56
2020-02-04,601127,8.64
2020-02-05,601127,9.08
2020-02-06,601127,9.41
2020-02-07,601127,9.57
2020-02-10,601127,9.8
2020-02-11,601127,9.74
2020-02-12,601127,9.85
2020-02-13,601127,9.66
2020-02-14,601127,9.62
2020-02-17,601127,9.91
2020-02-18,601127,9.93
2020-02-19,601127,9.82
2020-02-20,601127,10.03
2020-02-21,601127,10.16
2020-02-24,601127,9.97
2020-02-25,601127,10.23
2020-02-26,601127,9.92
2020-02-27,601127,10.91
2020-02-28,601127,10.39
2020-03-02,601127,10.61
2020-03-03,601127,10.9
2020-03-04,601127,11.32
2020-03-05,601127,11.47
2020-03-06,601127,11.39
2020-03-09,601127,10.79
2020-03-10,601127,11.02
2020-03-11,601127,10.32
2020-03-13,601127,9.86
2020-03-16,601127,9.21
2020-03-17,601127,8.93
2020-03-18,601127,8.66
2020-03-19,601127,8.53
2020-03-20,601127,8.64
2020-03-23,601127,8.39
2020-03-24,601127,8.7
2020-03-25,601127,8.85
2020-03-26,601127,8.73
2020-03-27,601127,8.65
2020-03-30,601127,8.44
2020-03-31,601127,8.31
2020-04-01,601127,8.35
2020-04-02,601127,8.5
2020-04-03,601127,9.35
2020-04-07,601127,9.64
2020-04-08,601127,9.24
2020-04-09,601127,9.43
2020-04-10,601127,9.14
2020-04-13,601127,8.7
2020-04-14,601127,8.9
2020-04-15,601127,8.72
2020-04-16,601127,8.63
2020-04-17,601127,8.52
2020-04-20,601127,8.73
2020-04-21,601127,8.54
2020-04-22,601127,8.62
2020-04-23,601127,8.77
2020-04-24,601127,8.49
2020-04-27,601127,8.37
2020-04-28,601127,8.03
2020-04-29,601127,8.0
2020-04-30,601127,8.43
2020-05-06,601127,8.67
2020-05-07,601127,8.62
2020-05-08,601127,8.65
2020-05-11,601127,8.6
2020-05-12,601127,8.4
2020-05-13,601127,8.35
2020-05-14,601127,8.46
2020-05-15,601127,8.38
2020-05-18,601127,8.21
2020-05-19,601127,8.21
2020-05-20,601127,8.14
2020-05-21,601127,8.11
2020-05-22,601127,8.02
2020-05-25,601127,8.19
2020-05-26,601127,8.2
2020-05-27,601127,8.21
2020-05-28,601127,8.17
2020-05-29,601127,8.31
2020-06-01,601127,8.55
2020-06-02,601127,8.9
2020-06-03,601127,9.79
2020-06-04,601127,10.77
2020-06-05,601127,11.84
2020-06-08,601127,10.66
2020-06-09,601127,9.6
2020-06-10,601127,9.27
2020-06-11,601127,9.51
2020-06-12,601127,9.28
2020-06-15,601127,8.9
2020-06-16,601127,8.99
2020-06-17,601127,8.89
2020-06-18,601127,8.79
2020-06-19,601127,9.03
2020-06-22,601127,8.8
2020-06-23,601127,8.55
2020-06-24,601127,8.62
2020-06-29,601127,8.59
2020-06-30,601127,8.6
2020-07-01,601127,8.52
2020-07-02,601127,8.64
2020-07-03,601127,8.84
2020-07-06,601127,9.12
2020-07-07,601127,9.25
2020-07-08,601127,9.36
2020-07-09,601127,9.73
2020-07-10,601127,9.44
2020-07-13,601127,9.67
2020-07-14,601127,9.95
2020-07-15,601127,9.54
2020-07-16,601127,9.15
2020-07-17,601127,9.1
2020-07-20,601127,9.32
2020-07-21,601127,9.33
2020-07-22,601127,9.57
2020-07-23,601127,9.6
2020-07-24,601127,9.34
2020-07-27,601127,9.06
2020-07-28,601127,8.99
2020-07-29,601127,9.18
2020-07-30,601127,9.34
2020-07-31,601127,9.3
2020-08-03,601127,9.44
2020-08-04,601127,9.4
2020-08-05,601127,9.27
2020-08-06,601127,9.22
2020-08-07,601127,9.44
2020-08-10,601127,9.51
2020-08-11,601127,9.84
2020-08-12,601127,9.53
2020-08-13,601127,9.43
2020-08-14,601127,9.56
2020-08-17,601127,9.56
2020-08-18,601127,9.5
2020-08-19,601127,9.44
2020-08-20,601127,9.26
2020-08-21,601127,9.33
2020-08-24,601127,9.29
2020-08-25,601127,9.17
2020-08-26,601127,9.05
2020-08-27,601127,9.24
2020-08-28,601127,9.29
2020-08-31,601127,9.14
2020-09-01,601127,9.2
2020-09-02,601127,9.28
2020-09-03,601127,9.17
2020-09-04,601127,9.05
2020-09-07,601127,8.91
2020-09-08,601127,9.04
2020-09-09,601127,8.96
2020-09-10,601127,8.61
2020-09-11,601127,8.68
2020-09-14,601127,8.89
2020-09-15,601127,8.94
2020-09-16,601127,8.98
2020-09-17,601127,9.18
2020-09-18,601127,9.34
2020-09-21,601127,9.37
2020-09-22,601127,9.28
2020-09-23,601127,9.12
2020-09-24,601127,8.76
2020-09-25,601127,8.8
2020-09-28,601127,8.58
2020-09-29,601127,8.7
2020-09-30,601127,8.68
2020-10-09,601127,8.93
2020-10-12,601127,9.41
2020-10-13,601127,10.19
2020-10-14,601127,9.61
2020-10-15,601127,9.88
2020-10-16,601127,9.79
2020-10-19,601127,9.55
2020-10-20,601127,9.87
2020-10-21,601127,9.87
2020-10-22,601127,9.8
2020-10-23,601127,9.66
2020-10-26,601127,9.49
2020-10-27,601127,9.3
2020-10-28,601127,9.22
2020-10-29,601127,9.33
2020-10-30,601127,9.1
2020-11-02,601127,9.15
2020-11-03,601127,9.27
2020-11-04,601127,9.51
2020-11-05,601127,10.46
2020-11-06,601127,10.58
2020-11-09,601127,10.49
2020-11-10,601127,10.32
2020-11-11,601127,9.94
2020-11-12,601127,9.83
2020-11-13,601127,10.2
2020-11-16,601127,11.22
2020-11-17,601127,12.34
2020-11-18,601127,13.58
2020-11-19,601127,13.93
2020-11-20,601127,15.33
2020-11-23,601127,16.86
2020-11-24,601127,18.55
2020-11-25,601127,20.41
2020-11-26,601127,20.57
2020-11-27,601127,18.7
2020-11-30,601127,19.74
2020-12-01,601127,21.72
2020-12-02,601127,23.89
2020-12-03,601127,21.5
2020-12-04,601127,19.35
2020-12-07,601127,18.14
2020-12-08,601127,18.17
2020-12-09,601127,18.04
2020-12-10,601127,16.57
2020-12-11,601127,16.82
2020-12-14,601127,18.5
2020-12-15,601127,20.35
2020-12-16,601127,18.32
2020-12-17,601127,17.56
2020-12-18,601127,17.66
2020-12-21,601127,18.26
2020-12-22,601127,16.81
2020-12-23,601127,16.98
2020-12-24,601127,16.04
2020-12-25,601127,17.64
2020-12-28,601127,17.28
2020-12-29,601127,15.76
2020-12-30,601127,16.14
2020-12-31,601127,17.75
2021-01-04,601127,17.86
2021-01-05,601127,17.2
2021-01-06,601127,16.29
2021-01-07,601127,16.57
2021-01-08,601127,16.25
2021-01-11,601127,15.88
2021-01-12,601127,15.36
2021-01-13,601127,14.96
2021-01-14,601127,13.91
2021-01-15,601127,13.92
2021-01-18,601127,13.78
2021-01-19,601127,14.01
2021-01-20,601127,14.3
2021-01-21,601127,14.47
2021-01-22,601127,15.92
2021-01-25,601127,15.97
2021-01-26,601127,17.57
2021-01-27,601127,19.33
2021-01-28,601127,21.26
2021-01-29,601127,19.13
2021-02-01,601127,17.22
2021-02-02,601127,15.9
2021-02-03,601127,15.61
2021-02-04,601127,14.67
2021-02-05,601127,13.84
2021-02-08,601127,13.87
2021-02-09,601127,14.05
2021-02-10,601127,13.73
2021-02-18,601127,14.77
2021-02-19,601127,16.25
2021-02-22,601127,15.68
2021-02-23,601127,17.25
2021-02-24,601127,18.97
2021-02-25,601127,18.27
2021-02-26,601127,19.95
2021-03-01,601127,20.23
2021-03-02,601127,19.21
2021-03-03,601127,21.13
2021-03-04,601127,23.24
2021-03-05,601127,24.16
2021-03-08,601127,22.41
2021-03-09,601127,20.17
2021-03-10,601127,18.55
2021-03-11,601127,19.95
2021-03-12,601127,21.32
2021-03-15,601127,20.62
2021-03-16,601127,22.69
2021-03-17,601127,23.48
2021-03-18,601127,22.83
2021-03-19,601127,23.22
2021-03-22,601127,25.55
2021-03-23,601127,25.46
2021-03-24,601127,26.16
2021-03-25,601127,23.71
2021-03-26,601127,25.56
2021-03-29,601127,23.69
2021-03-30,601127,23.84
2021-03-31,601127,24.16
2021-04-01,601127,24.56
2021-04-02,601127,23.33
2021-04-06,601127,24.81
2021-04-07,601127,25.51
2021-04-08,601127,28.06
2021-04-09,601127,27.42
2021-04-12,601127,29.14
2021-04-13,601127,31.03
2021-04-14,601127,31.33
2021-04-15,601127,30.98
2021-04-16,601127,30.13
2021-04-19,601127,33.14
2021-04-20,601127,36.46
2021-04-21,601127,32.81
2021-04-22,601127,36.1
2021-04-23,601127,39.7
2021-04-26,601127,43.67
2021-04-27,601127,45.2
2021-04-28,601127,48.83
2021-04-29,601127,45.77
2021-04-30,601127,50.35
2021-05-06,601127,55.39
2021-05-07,601127,57.86
2021-05-10,601127,63.65
2021-05-11,601127,63.79
2021-05-12,601127,65.87
2021-05-13,601127,59.95
2021-05-14,601127,60.6
2021-05-17,601127,62.85
2021-05-18,601127,69.14
2021-05-19,601127,66.53
2021-05-20,601127,59.88
2021-05-21,601127,59.92
2021-05-24,601127,56.31
2021-05-25,601127,56.39
2021-05-26,601127,60.06
2021-05-27,601127,59.56
2021-05-28,601127,60.36
2021-05-31,601127,62.35
2021-06-01,601127,64.3
2021-06-02,601127,62.8
2021-06-03,601127,59.22
2021-06-04,601127,58.19
2021-06-07,601127,60.4
2021-06-08,601127,60.96
2021-06-09,601127,63.49
2021-06-10,601127,63.59
2021-06-11,601127,69.95
2021-06-15,601127,70.03
2021-06-16,601127,65.96
2021-06-17,601127,68.37
2021-06-18,601127,75.2
2021-06-21,601127,80.21
2021-06-22,601127,81.28
2021-06-23,601127,80.8
2021-06-24,601127,82.31
2021-06-25,601127,78.24
2021-06-28,601127,77.92
2021-06-29,601127,72.82
2021-06-30,601127,69.27
2021-07-01,601127,69.69
2021-07-02,601127,64.55
2021-07-05,601127,65.36
2021-07-06,601127,63.94
2021-07-07,601127,68.89
2021-07-08,601127,66.05
2021-07-09,601127,69.56
2021-07-12,601127,76.52
2021-07-13,601127,77.78
2021-07-14,601127,70.52
2021-07-15,601127,70.08
2021-07-16,601127,67.78
2021-07-19,601127,65.68
2021-07-20,601127,69.22
2021-07-21,601127,69.0
2021-07-22,601127,66.2
2021-07-23,601127,65.45
2021-07-26,601127,60.32
2021-07-27,601127,58.91
2021-07-28,601127,57.98
2021-07-29,601127,59.62
2021-07-30,601127,60.38
2021-08-02,601127,63.44
2021-08-03,601127,59.48
2021-08-04,601127,63.3
2021-08-05,601127,63.38
2021-08-06,601127,61.5
2021-08-09,601127,64.2
2021-08-10,601127,64.43
2021-08-11,601127,62.86
2021-08-12,601127,63.72
2021-08-13,601127,61.31
2021-08-16,601127,57.86
2021-08-17,601127,54.64
2021-08-18,601127,55.28
2021-08-19,601127,58.07
2021-08-20,601127,58.77
2021-08-23,601127,64.65
2021-08-24,601127,67.9
2021-08-25,601127,69.51
2021-08-26,601127,68.84
2021-08-27,601127,75.72
2021-08-30,601127,74.55
2021-08-31,601127,77.51
2021-09-01,601127,77.21
2021-09-02,601127,78.94
2021-09-03,601127,80.45
2021-09-06,601127,77.01
2021-09-07,601127,82.39
2021-09-08,601127,82.4
2021-09-09,601127,80.52
2021-09-10,601127,77.9
2021-09-13,601127,78.66
2021-09-14,601127,82.66
2021-09-15,601127,83.1
2021-09-16,601127,82.2
2021-09-17,601127,78.65
2021-09-22,601127,75.23
2021-09-23,601127,73.04
2021-09-24,601127,72.11
2021-09-27,601127,64.9
2021-09-28,601127,62.34
2021-09-29,601127,60.5
2021-09-30,601127,61.7
2021-10-08,601127,61.76
2021-10-11,601127,62.87
2021-10-12,601127,61.5
2021-10-13,601127,63.89
2021-10-14,601127,62.5
2021-10-15,601127,63.48
2021-10-18,601127,69.83
2021-10-19,601127,70.37
2021-10-20,601127,74.24
2021-10-21,601127,72.52
2021-10-22,601127,71.7
2021-10-25,601127,74.07
2021-10-26,601127,72.32
2021-10-27,601127,71.42
2021-10-28,601127,68.25
2021-10-29,601127,70.31
2021-11-01,601127,70.99
2021-11-02,601127,71.01
2021-11-03,601127,69.09
2021-11-04,601127,71.02
2021-11-05,601127,70.03
2021-11-08,601127,73.8
2021-11-09,601127,73.65
2021-11-10,601127,67.93
2021-11-11,601127,64.23
2021-11-12,601127,64.82
2021-11-15,601127,63.69
2021-11-16,601127,62.29
2021-11-17,601127,63.96
2021-11-18,601127,64.72
2021-11-19,601127,64.52
2021-11-22,601127,68.1
2021-11-23,601127,68.88
2021-11-24,601127,69.82
2021-11-25,601127,67.85
2021-11-26,601127,68.98
2021-11-29,601127,69.29
2021-11-30,601127,72.36
2021-12-01,601127,69.99
2021-12-02,601127,72.97
2021-12-03,601127,75.53
2021-12-06,601127,76.4
2021-12-07,601127,74.3
2021-12-08,601127,74.49
2021-12-09,601127,74.29
2021-12-10,601127,71.78
2021-12-13,601127,78.96
2021-12-14,601127,76.68
2021-12-15,601127,78.32
2021-12-16,601127,77.45
2021-12-17,601127,74.95
2021-12-20,601127,75.74
2021-12-21,601127,78.24
2021-12-22,601127,79.14
2021-12-23,601127,72.95
2021-12-24,601127,65.66
2021-12-27,601127,59.69
2021-12-28,601127,60.11
2021-12-29,601127,58.89
2021-12-30,601127,57.83
2021-12-31,601127,61.87
2022-01-04,601127,59.82
2022-01-05,601127,59.64
2022-01-06,601127,57.25
2022-01-07,601127,54.61
2022-01-10,601127,54.68
2022-01-11,601127,50.74
2022-01-12,601127,51.08
2022-01-13,601127,48.44
2022-01-14,601127,46.85
2022-01-17,601127,49.05
2022-01-18,601127,53.96
2022-01-19,601127,56.11
2022-01-20,601127,53.74
2022-01-21,601127,51.89
2022-01-24,601127,53.27
2022-01-25,601127,50.88
2022-01-26,601127,50.48
2022-01-27,601127,48.05
2022-01-28,601127,47.6
2022-02-07,601127,47.86
2022-02-08,601127,46.83
2022-02-09,601127,47.3
2022-02-10,601127,45.71
2022-02-11,601127,43.79
2022-02-14,601127,42.76
2022-02-15,601127,44.99
2022-02-16,601127,45.96
2022-02-17,601127,46.21
2022-02-18,601127,47.69
2022-02-21,601127,47.27
2022-02-22,601127,47.03
2022-02-23,601127,48.72
2022-02-24,601127,45.8
2022-02-25,601127,47.33
2022-02-28,601127,46.97
2022-03-01,601127,46.75
2022-03-02,601127,45.85
2022-03-03,601127,44.37
2022-03-04,601127,44.91
2022-03-07,601127,43.15
2022-03-08,601127,39.99
2022-03-09,601127,42.96
2022-03-10,601127,42.39
2022-03-11,601127,43.18
2022-03-14,601127,42.29
2022-03-15,601127,41.0
2022-03-16,601127,45.1
2022-03-17,601127,45.35
2022-03-18,601127,46.35
2022-03-21,601127,46.29
2022-03-22,601127,46.58
2022-03-23,601127,44.95
2022-03-24,601127,42.5
2022-03-25,601127,41.21
2022-03-28,601127,44.93
2022-03-29,601127,43.44
2022-03-30,601127,44.85
2022-03-31,601127,44.73
2022-04-01,601127,46.97
2022-04-06,601127,46.45
2022-04-07,601127,43.61
2022-04-08,601127,43.69
2022-04-11,601127,41.59
2022-04-12,601127,44.56
2022-04-13,601127,42.96
2022-04-14,601127,43.02
2022-04-15,601127,41.7
2022-04-18,601127,45.86
2022-04-19,601127,44.95
2022-04-20,601127,44.88
2022-04-21,601127,42.58
2022-04-22,601127,43.01
2022-04-25,601127,41.95
2022-04-26,601127,37.75
2022-04-27,601127,38.11
2022-04-28,601127,37.51
2022-04-29,601127,40.39
2022-05-05,601127,41.17
2022-05-06,601127,39.42
2022-05-09,601127,37.86
2022-05-10,601127,38.77
2022-05-11,601127,41.57
2022-05-12,601127,40.84
2022-05-13,601127,44.93
2022-05-16,601127,47.36
2022-05-17,601127,50.04
2022-05-18,601127,49.24
2022-05-19,601127,48.97
2022-05-20,601127,49.23
2022-05-23,601127,49.79
2022-05-24,601127,46.82
2022-05-25,601127,47.97
2022-05-26,601127,48.81
2022-05-27,601127,49.07
2022-05-30,601127,53.98
2022-05-31,601127,54.59
2022-06-01,601127,60.04
2022-06-02,601127,66.05
2022-06-06,601127,71.95
2022-06-07,601127,69.2
2022-06-08,601127,69.28
2022-06-09,601127,67.56
2022-06-10,601127,74.31
2022-06-13,601127,71.69
2022-06-14,601127,69.65
2022-06-15,601127,69.34
2022-06-16,601127,73.13
2022-06-17,601127,77.3
2022-06-20,601127,74.82
2022-06-21,601127,73.62
2022-06-22,601127,73.04
2022-06-23,601127,80.35
2022-06-24,601127,88.38
2022-06-27,601127,85.49
2022-06-28,601127,91.17
2022-06-29,601127,82.06
2022-06-30,601127,84.25
2022-07-01,601127,87.82
2022-07-04,601127,86.25
2022-07-05,601127,82.02
2022-07-06,601127,80.63
2022-07-07,601127,84.5
2022-07-08,601127,81.55
2022-07-11,601127,77.41
2022-07-12,601127,77.61
2022-07-13,601127,76.79
2022-07-14,601127,78.55
2022-07-15,601127,76.83
2022-07-18,601127,78.13
2022-07-19,601127,76.8
2022-07-20,601127,76.09
2022-07-21,601127,73.78
2022-07-22,601127,74.87
2022-07-25,601127,75.72
2022-07-26,601127,76.52
2022-07-27,601127,75.85
2022-07-28,601127,76.28
2022-07-29,601127,79.38
2022-08-01,601127,84.19
2022-08-02,601127,77.47
2022-08-03,601127,73.68
2022-08-04,601127,70.76
2022-08-05,601127,70.01
2022-08-08,601127,69.35
2022-08-09,601127,68.91
2022-08-10,601127,67.33
2022-08-11,601127,67.76
2022-08-12,601127,66.65
2022-08-15,601127,68.94
2022-08-16,601127,68.91
2022-08-17,601127,70.23
2022-08-18,601127,67.86
2022-08-19,601127,66.06
2022-08-22,601127,69.43
2022-08-23,601127,68.17
2022-08-24,601127,64.41
2022-08-25,601127,66.49
2022-08-26,601127,68.09
2022-08-29,601127,68.92
2022-08-30,601127,68.93
2022-08-31,601127,64.21
2022-09-01,601127,67.04
2022-09-02,601127,67.61
2022-09-05,601127,66.77
2022-09-06,601127,68.46
2022-09-07,601127,69.57
2022-09-08,601127,67.64
2022-09-09,601127,68.19
2022-09-13,601127,72.39
2022-09-14,601127,71.58
2022-09-15,601127,65.81
2022-09-16,601127,65.54
2022-09-19,601127,69.98
2022-09-20,601127,70.82
2022-09-21,601127,70.45
2022-09-22,601127,68.47
2022-09-23,601127,65.72
2022-09-26,601127,66.27
2022-09-27,601127,66.49
2022-09-28,601127,63.0
2022-09-29,601127,60.35
2022-09-30,601127,57.42
2022-10-10,601127,51.67
2022-10-11,601127,52.02
2022-10-12,601127,54.54
2022-10-13,601127,53.89
2022-10-14,601127,56.56
2022-10-17,601127,55.81
2022-10-18,601127,55.47
2022-10-19,601127,55.05
2022-10-20,601127,54.3
2022-10-21,601127,52.95
2022-10-24,601127,51.38
2022-10-25,601127,52.28
2022-10-26,601127,52.2
2022-10-27,601127,50.61
2022-10-28,601127,48.14
2022-10-31,601127,47.97
2022-11-01,601127,49.21
2022-11-02,601127,54.13
2022-11-03,601127,54.24
2022-11-04,601127,59.66
2022-11-07,601127,58.9
2022-11-08,601127,57.67
2022-11-09,601127,56.94
2022-11-10,601127,55.59
2022-11-11,601127,56.37
2022-11-14,601127,54.34
2022-11-15,601127,56.03
2022-11-16,601127,55.08
2022-11-17,601127,52.97
2022-11-18,601127,50.98
2022-11-21,601127,52.3
2022-11-22,601127,50.29
2022-11-23,601127,49.04
2022-11-24,601127,49.35
2022-11-25,601127,47.59
2022-11-28,601127,46.88
2022-11-29,601127,48.83
2022-11-30,601127,52.21
2022-12-01,601127,50.77
2022-12-02,601127,48.23
2022-12-05,601127,48.25
2022-12-06,601127,48.66
2022-12-07,601127,49.85
2022-12-08,601127,49.73
2022-12-09,601127,49.55
2022-12-12,601127,48.38
2022-12-13,601127,47.48
2022-12-14,601127,47.3
2022-12-15,601127,49.16
2022-12-16,601127,46.55
2022-12-19,601127,47.59
2022-12-20,601127,46.49
2022-12-21,601127,45.44
2022-12-22,601127,45.41
2022-12-23,601127,43.34
2022-12-26,601127,45.57
2022-12-27,601127,45.72
2022-12-28,601127,43.22
2022-12-29,601127,41.32
2022-12-30,601127,41.55
2023-01-03,601127,43.44
2023-01-04,601127,42.33
2023-01-05,601127,42.7
2023-01-06,601127,42.82
2023-01-09,601127,43.07
2023-01-10,601127,45.72
2023-01-11,601127,44.5
2023-01-12,601127,44.51
2023-01-13,601127,43.76
2023-01-16,601127,41.3
2023-01-17,601127,41.34
2023-01-18,601127,41.04
2023-01-19,601127,40.52
2023-01-20,601127,41.09
2023-01-30,601127,42.51
2023-01-31,601127,42.53
2023-02-01,601127,43.45
2023-02-02,601127,44.11
2023-02-03,601127,42.23
2023-02-06,601127,41.54
2023-02-07,601127,41.79
2023-02-08,601127,41.23
2023-02-09,601127,42.14
2023-02-10,601127,40.95
2023-02-13,601127,41.37
2023-02-14,601127,40.96
2023-02-15,601127,40.55
2023-02-16,601127,39.02
2023-02-17,601127,37.22
2023-02-20,601127,37.97
2023-02-21,601127,38.87
2023-02-22,601127,39.17
2023-02-23,601127,38.86
2023-02-24,601127,38.47
2023-02-27,601127,38.78
2023-02-28,601127,39.12
2023-03-01,601127,40.52
2023-03-02,601127,40.01
2023-03-03,601127,40.01
2023-03-06,601127,40.0
2023-03-07,601127,39.24
2023-03-08,601127,39.3
2023-03-09,601127,39.98
2023-03-10,601127,38.42
2023-03-13,601127,37.76
2023-03-14,601127,40.31
2023-03-15,601127,40.51
2023-03-16,601127,40.29
2023-03-17,601127,41.26
2023-03-20,601127,42.44
2023-03-21,601127,42.92
2023-03-22,601127,42.09
2023-03-23,601127,41.77
2023-03-24,601127,41.81
2023-03-27,601127,40.94
2023-03-28,601127,40.4
2023-03-29,601127,39.47
2023-03-30,601127,39.97
2023-03-31,601127,39.33
2023-04-03,601127,37.54
2023-04-04,601127,36.97
2023-04-06,601127,35.37
2023-04-07,601127,35.52
2023-04-10,601127,34.34
2023-04-11,601127,34.64
2023-04-12,601127,33.88
2023-04-13,601127,33.16
2023-04-14,601127,33.97
2023-04-17,601127,34.98
2023-04-18,601127,34.92
2023-04-19,601127,34.08
2023-04-20,601127,33.07
2023-04-21,601127,32.13
2023-04-24,601127,30.96
2023-04-25,601127,30.19
2023-04-26,601127,30.68
2023-04-27,601127,30.11
2023-04-28,601127,30.67
2023-05-04,601127,30.24
2023-05-05,601127,29.25
2023-05-08,601127,29.17
2023-05-09,601127,28.78
2023-05-10,601127,29.81
2023-05-11,601127,29.99
2023-05-12,601127,29.02
2023-05-15,601127,29.45
2023-05-16,601127,29.01
2023-05-17,601127,29.12
2023-05-18,601127,28.74
2023-05-19,601127,28.5
2023-05-22,601127,28.02
2023-05-23,601127,27.35
2023-05-24,601127,27.02
2023-05-25,601127,26.93
2023-05-26,601127,27.49
2023-05-29,601127,27.09
2023-05-30,601127,26.61
2023-05-31,601127,26.79
2023-06-01,601127,26.37
2023-06-02,601127,27.8
2023-06-05,601127,27.61
2023-06-06,601127,26.78
2023-06-07,601127,26.3
2023-06-08,601127,25.79
2023-06-09,601127,26.39
2023-06-12,601127,29.03
2023-06-13,601127,30.55
2023-06-14,601127,31.85
2023-06-15,601127,35.04
2023-06-16,601127,36.04
2023-06-19,601127,39.65
2023-06-20,601127,42.01
2023-06-21,601127,39.85
2023-06-26,601127,42.52
2023-06-27,601127,41.92
2023-06-28,601127,40.55
2023-06-29,601127,40.52
2023-06-30,601127,38.2
2023-07-03,601127,42.03
2023-07-04,601127,44.63
2023-07-05,601127,45.52
2023-07-06,601127,48.44
2023-07-07,601127,47.11
2023-07-10,601127,45.95
2023-07-11,601127,50.54
2023-07-12,601127,48.29
2023-07-13,601127,47.64
2023-07-14,601127,46.14
2023-07-17,601127,47.29
2023-07-18,601127,45.71
2023-07-19,601127,44.58
2023-07-20,601127,42.79
2023-07-21,601127,42.6
2023-07-24,601127,42.43
2023-07-25,601127,42.98
2023-07-26,601127,40.39
2023-07-27,601127,39.9
2023-07-28,601127,43.89
2023-07-31,601127,46.95
2023-08-01,601127,46.48
2023-08-02,601127,44.68
2023-08-03,601127,44.82
2023-08-04,601127,44.47
2023-08-07,601127,44.06
2023-08-08,601127,42.24
2023-08-09,601127,41.68
2023-08-10,601127,41.23
2023-08-11,601127,40.89
2023-08-14,601127,39.39
2023-08-15,601127,38.97
2023-08-16,601127,37.32
2023-08-17,601127,36.87
2023-08-18,601127,36.41
2023-08-21,601127,35.3
2023-08-22,601127,35.85
2023-08-23,601127,34.41
2023-08-24,601127,34.17
2023-08-25,601127,33.29
2023-08-28,601127,34.96
2023-08-29,601127,37.77
2023-08-30,601127,38.12
2023-08-31,601127,37.45
2023-09-01,601127,38.33
2023-09-04,601127,42.16
2023-09-05,601127,42.65
2023-09-06,601127,45.62
2023-09-07,601127,43.9
2023-09-08,601127,45.41
2023-09-11,601127,46.21
2023-09-12,601127,45.08
2023-09-13,601127,43.08
2023-09-14,601127,47.39
2023-09-15,601127,48.17
2023-09-18,601127,52.99
2023-09-19,601127,54.65
2023-09-20,601127,52.57
2023-09-21,601127,53.3
2023-09-22,601127,51.94
2023-09-25,601127,53.25
2023-09-26,601127,52.58
2023-09-27,601127,52.63
2023-09-28,601127,57.89
2023-10-09,601127,63.68
2023-10-10,601127,70.05
2023-10-11,601127,68.27
2023-10-12,601127,69.14
2023-10-13,601127,76.05
2023-10-16,601127,79.04
2023-10-17,601127,81.15
2023-10-18,601127,89.26
2023-10-19,601127,82.69
2023-10-20,601127,84.23
2023-10-23,601127,88.59
2023-10-24,601127,83.9
2023-10-25,601127,85.13
2023-10-26,601127,85.77
2023-10-27,601127,82.92
2023-10-30,601127,86.04
2023-10-31,601127,84.67
2023-11-01,601127,85.97
2023-11-02,601127,88.45
2023-11-03,601127,92.47
2023-11-06,601127,101.72
2023-11-07,601127,97.83
2023-11-08,601127,99.02
2023-11-09,601127,92.68
2023-11-10,601127,84.87
2023-11-13,601127,83.85
2023-11-14,601127,84.13
2023-11-15,601127,86.85
2023-11-16,601127,85.62
2023-11-17,601127,86.47
2023-11-20,601127,84.35
2023-11-21,601127,84.1
2023-11-22,601127,81.03
2023-11-23,601127,81.78
2023-11-24,601127,78.98
2023-11-27,601127,79.06
2023-11-28,601127,82.01
2023-11-29,601127,77.93
2023-11-30,601127,78.64
2023-12-01,601127,80.4
2023-12-04,601127,79.69
2023-12-05,601127,77.36
2023-12-06,601127,77.3
2023-12-07,601127,83.57
2023-12-08,601127,82.07
2023-12-11,601127,82.76
2023-12-12,601127,84.99
2023-12-13,601127,83.9
2023-12-14,601127,85.67
2023-12-15,601127,89.35
2023-12-18,601127,93.4
2023-12-19,601127,93.44
2023-12-20,601127,86.03
2023-12-21,601127,86.24
2023-12-22,601127,87.34
2023-12-25,601127,87.95
2023-12-26,601127,86.2
2023-12-27,601127,81.46
2023-12-28,601127,74.79
2023-12-29,601127,79.17
2024-01-02,601127,76.21
2024-01-03,601127,75.73
2024-01-04,601127,72.23
2024-01-05,601127,72.88
2024-01-08,601127,70.02
2024-01-09,601127,68.64
2024-01-10,601127,71.17
2024-01-11,601127,71.22
2024-01-12,601127,69.2
2024-01-15,601127,69.58
2024-01-16,601127,68.89
2024-01-17,601127,67.08
2024-01-18,601127,66.94
2024-01-19,601127,64.78
2024-01-22,601127,62.55
2024-01-23,601127,64.37
2024-01-24,601127,64.44
2024-01-25,601127,67.54
2024-01-26,601127,65.76
2024-01-29,601127,62.97
2024-01-30,601127,61.09
2024-01-31,601127,59.03
2024-02-01,601127,60.7
2024-02-02,601127,60.79
2024-02-05,601127,58.29
2024-02-06,601127,64.12
2024-02-07,601127,70.53
2024-02-08,601127,74.5
2024-02-19,601127,77.04
2024-02-20,601127,73.45
2024-02-21,601127,73.2
2024-02-22,601127,74.26
2024-02-23,601127,81.69
2024-02-26,601127,83.17
2024-02-27,601127,91.36
2024-02-28,601127,86.83
2024-02-29,601127,95.52
2024-03-01,601127,95.9
2024-03-04,601127,96.27
2024-03-05,601127,94.55
2024-03-06,601127,101.03
2024-03-07,601127,99.74
2024-03-08,601127,98.81
2024-03-11,601127,106.19
2024-03-12,601127,105.53
2024-03-13,601127,105.88
2024-03-14,601127,103.17
2024-03-15,601127,102.29
2024-03-18,601127,108.85
2024-03-19,601127,107.19
2024-03-20,601127,107.28
2024-03-21,601127,103.88
2024-03-22,601127,104.63
2024-03-25,601127,99.89
2024-03-26,601127,94.45
2024-03-27,601127,92.98
2024-03-28,601127,94.24
2024-03-29,601127,90.39
2024-04-01,601127,93.96
2024-04-02,601127,92.21
2024-04-03,601127,89.78
2024-04-08,601127,92.01
2024-04-09,601127,88.88
2024-04-10,601127,86.39
2024-04-11,601127,88.56
2024-04-12,601127,93.3
2024-04-15,601127,89.94
2024-04-16,601127,90.77
2024-04-17,601127,98.35
2024-04-18,601127,95.36
2024-04-19,601127,99.21
2024-04-22,601127,98.63
2024-04-23,601127,96.68
2024-04-24,601127,93.68
2024-04-25,601127,93.96
2024-04-26,601127,98.49
2024-04-29,601127,99.12
2024-04-30,601127,94.71
2024-05-06,601127,95.02
2024-05-07,601127,90.37
2024-05-08,601127,88.14
2024-05-09,601127,88.5
2024-05-10,601127,87.92
2024-05-13,601127,88.71
2024-05-14,601127,90.68
2024-05-15,601127,88.28
2024-05-16,601127,88.32
2024-05-17,601127,91.62
2024-05-20,601127,91.97
2024-05-21,601127,91.38
2024-05-22,601127,90.44
2024-05-23,601127,88.85
2024-05-24,601127,87.39
2024-05-27,601127,89.98
2024-05-28,601127,89.1
2024-05-29,601127,90.32
2024-05-30,601127,89.37
2024-05-31,601127,92.4
2024-06-03,601127,94.02
2024-06-04,601127,91.0
2024-06-05,601127,90.44
2024-06-06,601127,91.12
2024-06-07,601127,90.05
2024-06-11,601127,89.37
2024-06-12,601127,89.35
2024-06-13,601127,89.77
2024-06-14,601127,91.22
2024-06-17,601127,96.52
2024-06-18,601127,104.27
2024-06-19,601127,104.01
2024-06-20,601127,105.14
2024-06-21,601127,103.54
2024-06-24,601127,98.95
2024-06-25,601127,89.05
2024-06-26,601127,89.45
2024-06-27,601127,87.79
2024-06-28,601127,94.68
2024-07-01,601127,95.93
2024-07-02,601127,93.49
2024-07-03,601127,91.9
2024-07-04,601127,90.05
2024-07-05,601127,90.29
2024-07-08,601127,89.92
2024-07-09,601127,92.91
2024-07-10,601127,88.52
2024-07-11,601127,89.22
2024-07-12,601127,85.22
2024-07-15,601127,80.39
2024-07-16,601127,80.73
2024-07-17,601127,78.88
2024-07-18,601127,80.29
2024-07-19,601127,78.24
2024-07-22,601127,81.53
2024-07-23,601127,79.12
2024-07-24,601127,76.93
2024-07-25,601127,75.71
2024-07-26,601127,76.91
2024-07-29,601127,81.0
2024-07-30,601127,78.57
2024-07-31,601127,82.74
2024-08-01,601127,81.09
2024-08-02,601127,79.23
2024-08-05,601127,78.0
2024-08-06,601127,79.24
2024-08-07,601127,80.45
2024-08-08,601127,78.75
2024-08-09,601127,78.97
2024-08-12,601127,80.32
2024-08-13,601127,80.38
2024-08-14,601127,78.64
2024-08-15,601127,80.53
2024-08-16,601127,85.03
2024-08-19,601127,86.97
2024-08-20,601127,85.51
2024-08-21,601127,86.23
2024-08-22,601127,79.95
2024-08-23,601127,83.45
2024-08-26,601127,81.63
2024-08-27,601127,78.51
2024-08-28,601127,74.14
2024-08-29,601127,74.74
2024-08-30,601127,79.51
2024-09-02,601127,76.89
2024-09-03,601127,77.77
2024-09-04,601127,77.46
2024-09-05,601127,79.82
2024-09-06,601127,78.63
2024-09-09,601127,79.15
2024-09-10,601127,78.87
2024-09-11,601127,77.92
2024-09-12,601127,77.65
2024-09-13,601127,76.62
2024-09-18,601127,78.26
2024-09-19,601127,79.16
2024-09-20,601127,78.5
2024-09-23,601127,80.86
2024-09-24,601127,81.38
2024-09-25,601127,81.07
2024-09-26,601127,83.01
2024-09-27,601127,85.41
2024-09-30,601127,93.95
2024-10-08,601127,101.93
2024-10-09,601127,92.49
2024-10-10,601127,92.26
2024-10-11,601127,95.8
2024-10-14,601127,96.63
2024-10-15,601127,93.4
2024-10-16,601127,94.97
2024-10-17,601127,93.51
2024-10-18,601127,94.36
2024-10-21,601127,93.91
2024-10-22,601127,94.99
2024-10-23,601127,104.48
2024-10-24,601127,101.29
2024-10-25,601127,100.14
2024-10-28,601127,106.47
2024-10-29,601127,113.46
2024-10-30,601127,113.73
2024-10-31,601127,121.25
2024-11-01,601127,118.38
2024-11-04,601127,130.21
2024-11-05,601127,143.23
2024-11-06,601127,139.44
2024-11-07,601127,141.17
2024-11-08,601127,139.46
2024-11-11,601127,145.77
2024-11-12,601127,139.82
2024-11-13,601127,150.07
2024-11-14,601127,145.78
2024-11-15,601127,136.63
2024-11-18,601127,129.62
2024-11-19,601127,134.44
2024-11-20,601127,134.78
2024-11-21,601127,134.19
2024-11-22,601127,128.83
2024-11-25,601127,126.09
2024-11-26,601127,125.32
2024-11-27,601127,128.72
2024-11-28,601127,123.86
2024-11-29,601127,126.33
2024-12-02,601127,138.97
2024-12-03,601127,140.99
2024-12-04,601127,142.14
2024-12-05,601127,145.44
2024-12-06,601127,143.79
2024-12-09,601127,150.4
2024-12-10,601127,139.75
2024-12-11,601127,138.94
2024-12-12,601127,142.25
2024-12-13,601127,135.57
2024-12-16,601127,136.13
2024-12-17,601127,135.62
2024-12-18,601127,135.15
2024-12-19,601127,136.23
2024-12-20,601127,136.55
2024-12-23,601127,136.11
2024-12-24,601127,136.8
2024-12-25,601127,134.65
2024-12-26,601127,141.65
2024-12-27,601127,140.69
2024-12-30,601127,140.4
2024-12-31,601127,138.93
2025-01-02,601127,133.88
2025-01-03,601127,130.17
2025-01-06,601127,129.15
2025-01-07,601127,134.63
2025-01-08,601127,133.09
2025-01-09,601127,134.32
2025-01-10,601127,133.49
2025-01-13,601127,137.48
2025-01-14,601127,144.47
2025-01-15,601127,143.52
2025-01-16,601127,141.01
2025-01-17,601127,140.68
2025-01-20,601127,142.34
2025-01-21,601127,144.68
2025-01-22,601127,137.38
2025-01-23,601127,137.17
2025-01-24,601127,138.32
2025-01-27,601127,138.31
2025-02-05,601127,132.8
2025-02-06,601127,136.43
2025-02-07,601127,138.15
2025-02-10,601127,138.28
2025-02-11,601127,130.4
2025-02-12,601127,128.8
2025-02-13,601127,125.02
2025-02-14,601127,127.24
2025-02-17,601127,126.11
2025-02-18,601127,123.96
2025-02-19,601127,124.45
2025-02-20,601127,128.07
2025-02-21,601127,127.71
2025-02-24,601127,128.85
2025-02-25,601127,133.3
2025-02-26,601127,131.3
2025-02-27,601127,132.15
2025-02-28,601127,126.56
2025-03-03,601127,127.59
2025-03-04,601127,128.01
2025-03-05,601127,131.86
2025-03-06,601127,140.47
2025-03-07,601127,140.13
2025-03-10,601127,138.37
2025-03-11,601127,136.3
2025-03-12,601127,134.15
2025-03-13,601127,131.59
2025-03-14,601127,134.8
2025-03-17,601127,133.18
2025-03-18,601127,133.48
2025-03-19,601127,132.61
2025-03-20,601127,133.24
2025-03-21,601127,129.55
2025-03-24,601127,129.63
2025-03-25,601127,127.48
2025-03-26,601127,128.84
2025-03-27,601127,132.17
2025-03-28,601127,132.36
2025-03-31,601127,131.12
2025-04-01,601127,131.05
2025-04-02,601127,130.52
2025-04-03,601127,129.78
2025-04-07,601127,118.53
2025-04-08,601127,126.86
2025-04-09,601127,130.19
2025-04-10,601127,131.75
2025-04-11,601127,132.51
2025-04-14,601127,140.57
2025-04-15,601127,139.98
2025-04-16,601127,141.65
2025-04-17,601127,136.19
2025-04-18,601127,136.04
2025-04-21,601127,136.02
2025-04-22,601127,135.19
2025-04-23,601127,134.76
2025-04-24,601127,134.21
2025-04-25,601127,134.35
2025-04-28,601127,132.54
2025-04-29,601127,132.06
2025-04-30,601127,135.69
2025-05-06,601127,135.43
2025-05-07,601127,135.4
2025-05-08,601127,134.03
2025-05-09,601127,133.69
2025-05-12,601127,134.45
2025-05-13,601127,133.75
2025-05-14,601127,136.6
2025-05-15,601127,134.85
2025-05-16,601127,136.22
2025-05-19,601127,135.8
2025-05-20,601127,136.95
2025-05-21,601127,140.1
2025-05-22,601127,139.16
2025-05-23,601127,153.08
2025-05-26,601127,146.6
2025-05-27,601127,145.04
2025-05-28,601127,140.68
2025-05-29,601127,141.76
2025-05-30,601127,142.74
2025-06-03,601127,141.25
2025-06-04,601127,140.59
2025-06-05,601127,140.71
2025-06-06,601127,139.74
2025-06-09,601127,140.73
2025-06-10,601127,139.69
2025-06-11,601127,140.18
2025-06-12,601127,141.29
2025-06-13,601127,137.23
2025-06-16,601127,137.59
2025-06-17,601127,136.28
2025-06-18,601127,137.21
2025-06-19,601127,137.64
2025-06-20,601127,137.76
2025-06-23,601127,138.88
2025-06-24,601127,139.46
2025-06-25,601127,141.9
2025-06-26,601127,141.99
2025-06-27,601127,139.29
2025-06-30,601127,140.96
2025-07-01,601127,143.26
2025-07-02,601127,141.04
2025-07-03,601127,142.29
2025-07-04,601127,141.76
2025-07-07,601127,143.26
2025-07-08,601127,146.58
2025-07-09,601127,146.53
2025-07-10,601127,145.28
2025-07-11,601127,138.51
2025-07-14,601127,136.46
2025-07-15,601127,136.55
2025-07-16,601127,135.46
2025-07-17,601127,136.84
2025-07-18,601127,136.63
2025-07-21,601127,135.95
2025-07-22,601127,135.66
2025-07-23,601127,136.3
2025-07-24,601127,135.82
2025-07-25,601127,135.54
2025-07-28,601127,136.86
2025-07-29,601127,135.71
2025-07-30,601127,135.12
2025-07-31,601127,133.18
2025-08-01,601127,134.8
2025-08-04,601127,133.97
2025-08-05,601127,134.07
2025-08-06,601127,135.06
2025-08-07,601127,134.19
2025-08-08,601127,132.96
2025-08-11,601127,134.48
2025-08-12,601127,136.31
2025-08-13,601127,135.29
2025-08-14,601127,134.33
2025-08-15,601127,134.96
2025-08-18,601127,135.25
2025-08-19,601127,137.97
2025-08-20,601127,138.31
2025-08-21,601127,138.52
2025-08-22,601127,140.58
2025-08-25,601127,142.59
2025-08-26,601127,141.22
2025-08-27,601127,138.33
2025-08-28,601127,137.87
2025-08-29,601127,143.68
2025-09-01,601127,151.0
2025-09-02,601127,154.2
2025-09-03,601127,154.96
2025-09-04,601127,155.63
2025-09-05,601127,153.74
2025-09-08,601127,150.22
2025-09-09,601127,146.9
2025-09-10,601127,145.42
2025-09-11,601127,146.28
2025-09-12,601127,145.14
2025-09-15,601127,149.54
2025-09-16,601127,147.75
2025-09-17,601127,148.05
2025-09-18,601127,150.17
2025-09-19,601127,150.7
2025-09-22,601127,151.85
2025-09-23,601127,149.02
2025-09-24,601127,150.43
2025-09-25,601127,156.0
2025-09-26,601127,164.99
2025-09-29,601127,167.06
2025-09-30,601127,180.05
2025-10-09,601127,167.91
2025-10-10,601127,175.96
2025-10-13,601127,169.48
2025-10-14,601127,167.41
2025-10-15,601127,168.48
2025-10-16,601127,168.48
2025-10-17,601127,162.74
2025-10-20,601127,163.4
2025-10-21,601127,165.85
2025-10-22,601127,164.91
2025-10-23,601127,166.3
2025-10-24,601127,167.92
2025-10-27,601127,166.89
2025-10-28,601127,166.86
2025-10-29,601127,172.09
2025-10-30,601127,171.32
2025-10-31,601127,163.17
2025-11-03,601127,160.67
2025-11-04,601127,162.58
2025-11-05,601127,153.54
2025-11-06,601127,149.44
2025-11-07,601127,145.69
2025-11-10,601127,145.78
2025-11-11,601127,140.72
2025-11-12,601127,142.67
2025-11-13,601127,143.36
2025-11-14,601127,142.15
2025-11-17,601127,140.49
2025-11-18,601127,138.12
2025-11-19,601127,136.61
2025-11-20,601127,133.18
2025-11-21,601127,129.74
2025-11-24,601127,130.9
2025-11-25,601127,131.27
2025-11-26,601127,131.53
2025-11-27,601127,132.03
2025-11-28,601127,132.68
2025-12-01,601127,137.97
2025-12-02,601127,135.53
2025-12-03,601127,133.39
2025-12-04,601127,132.47
2025-12-05,601127,132.59
2025-12-08,601127,132.04
2025-12-09,601127,130.37
2025-12-10,601127,130.84
2025-12-11,601127,128.59
2025-12-12,601127,128.66
2025-12-15,601127,125.64
2025-12-16,601127,129.65
2025-12-17,601127,127.8
2025-12-18,601127,125.64
2025-12-19,601127,126.8
2025-12-22,601127,127.66
2025-12-23,601127,125.79
2025-12-24,601127,125.85
2025-12-25,601127,125.23
2025-12-26,601127,126.87
2025-12-29,601127,126.55
2025-12-30,601127,127.58
2025-12-31,601127,127.18
2026-01-05,601127,127.55
2026-01-06,601127,131.76
2026-01-07,601127,134.95
2026-01-08,601127,131.74
2026-01-09,601127,131.13
2026-01-12,601127,130.41
2026-01-13,601127,129.01
2026-01-14,601127,127.96
2026-01-15,601127,127.56
2026-01-16,601127,127.14
2026-01-19,601127,127.38
2026-01-20,601127,125.31
2026-01-21,601127,124.35
2026-01-22,601127,121.04
2026-01-23,601127,124.07
2026-01-26,601127,120.49
2026-01-27,601127,118.37
2026-01-28,601127,113.93
2026-01-29,601127,114.55
2026-01-30,601127,109.44
2026-02-02,601127,109.82
2026-02-03,601127,112.92
2026-02-04,601127,115.96
2026-02-05,601127,114.92
2026-02-06,601127,114.69
2026-02-09,601127,116.69
2026-02-10,601127,116.03
2026-02-11,601127,116.13
2026-02-12,601127,114.48
2026-02-13,601127,114.84
2026-02-24,601127,113.59
2026-02-25,601127,114.75
2026-02-26,601127,111.53
2026-02-27,601127,112.84
2026-03-02,601127,111.65
2026-03-03,601127,107.66
2026-03-04,601127,106.73
2026-03-05,601127,106.19
2026-03-06,601127,105.4
2026-03-09,601127,102.83
2026-03-10,601127,104.63
2026-03-11,601127,106.74
2026-03-12,601127,105.01
2026-03-13,601127,105.38
2026-03-16,601127,108.55
2026-03-17,601127,108.19
2026-03-18,601127,106.69
2026-03-19,601127,106.09
2026-03-20,601127,104.89
2026-03-23,601127,104.37
2026-03-24,601127,102.06
2026-03-25,601127,101.51
2026-03-26,601127,98.83
2026-03-27,601127,100.33
2026-03-30,601127,99.08
2026-03-31,601127,95.5
2026-04-01,601127,96.48
2026-04-02,601127,93.66
2026-04-03,601127,90.84
2026-04-07,601127,91.08
2026-04-08,601127,94.63
2026-04-09,601127,93.13
2026-04-10,601127,94.7
2026-04-13,601127,94.74
2026-04-14,601127,94.51
2026-04-15,601127,92.86
2026-04-16,601127,94.53
2026-04-17,601127,94.07
2026-04-20,601127,94.7
2026-04-21,601127,94.57
2026-04-22,601127,95.12
2026-04-23,601127,97.23
2026-04-24,601127,95.52
2026-04-27,601127,95.34
2026-04-28,601127,93.52
2026-04-29,601127,95.1
2026-04-30,601127,93.31
2026-05-06,601127,92.6
2026-05-07,601127,93.78
2026-05-08,601127,94.94
2026-05-11,601127,93.78
2026-05-12,601127,91.21
2026-05-13,601127,91.96
2026-05-14,601127,89.42
2026-05-15,601127,87.54
2020-01-02,601398,10.64
2020-01-03,601398,10.67
2020-01-06,601398,10.64
2020-01-07,601398,10.71
2020-01-08,601398,10.53
2020-01-09,601398,10.53
2020-01-10,601398,10.53
2020-01-13,601398,10.57
2020-01-14,601398,10.59
2020-01-15,601398,10.48
2020-01-16,601398,10.34
2020-01-17,601398,10.37
2020-01-20,601398,10.41
2020-01-21,601398,10.28
2020-01-22,601398,10.32
2020-01-23,601398,10.19
2020-02-03,601398,9.66
2020-02-04,601398,9.8
2020-02-05,601398,9.78
2020-02-06,601398,9.8
2020-02-07,601398,9.69
2020-02-10,601398,9.66
2020-02-11,601398,9.73
2020-02-12,601398,9.73
2020-02-13,601398,9.64
2020-02-14,601398,9.68
2020-02-17,601398,9.78
2020-02-18,601398,9.73
2020-02-19,601398,9.77
2020-02-20,601398,9.82
2020-02-21,601398,9.78
2020-02-24,601398,9.69
2020-02-25,601398,9.64
2020-02-26,601398,9.64
2020-02-27,601398,9.62
2020-02-28,601398,9.44
2020-03-02,601398,9.55
2020-03-03,601398,9.59
2020-03-04,601398,9.61
2020-03-05,601398,9.73
2020-03-06,601398,9.64
2020-03-09,601398,9.46
2020-03-10,601398,9.55
2020-03-11,601398,9.48
2020-03-12,601398,9.43
2020-03-13,601398,9.3
2020-03-16,601398,9.21
2020-03-17,601398,9.21
2020-03-18,601398,9.11
2020-03-19,601398,8.89
2020-03-20,601398,9.05
2020-03-23,601398,8.89
2020-03-24,601398,9.12
2020-03-25,601398,9.23
2020-03-26,601398,9.23
2020-03-27,601398,9.28
2020-03-30,601398,9.3
2020-03-31,601398,9.18
2020-04-01,601398,9.2
2020-04-02,601398,9.25
2020-04-03,601398,9.16
2020-04-07,601398,9.2
2020-04-08,601398,9.16
2020-04-09,601398,9.14
2020-04-10,601398,9.11
2020-04-13,601398,9.09
2020-04-14,601398,9.12
2020-04-15,601398,9.14
2020-04-16,601398,9.12
2020-04-17,601398,9.18
2020-04-20,601398,9.12
2020-04-21,601398,9.05
2020-04-22,601398,9.07
2020-04-23,601398,9.03
2020-04-24,601398,9.0
2020-04-27,601398,9.07
2020-04-28,601398,9.11
2020-04-29,601398,9.18
2020-04-30,601398,9.21
2020-05-06,601398,9.11
2020-05-07,601398,9.09
2020-05-08,601398,9.09
2020-05-11,601398,9.16
2020-05-12,601398,9.14
2020-05-13,601398,9.14
2020-05-14,601398,9.09
2020-05-15,601398,9.07
2020-05-18,601398,9.09
2020-05-19,601398,9.12
2020-05-20,601398,9.12
2020-05-21,601398,9.09
2020-05-22,601398,9.0
2020-05-25,601398,9.07
2020-05-26,601398,9.05
2020-05-27,601398,9.12
2020-05-28,601398,9.21
2020-05-29,601398,9.12
2020-06-01,601398,9.2
2020-06-02,601398,9.25
2020-06-03,601398,9.25
2020-06-04,601398,9.23
2020-06-05,601398,9.28
2020-06-08,601398,9.34
2020-06-09,601398,9.37
2020-06-10,601398,9.39
2020-06-11,601398,9.39
2020-06-12,601398,9.3
2020-06-15,601398,9.34
2020-06-16,601398,9.44
2020-06-17,601398,9.37
2020-06-18,601398,9.25
2020-06-19,601398,9.27
2020-06-22,601398,9.2
2020-06-23,601398,9.16
2020-06-24,601398,9.3
2020-06-29,601398,9.36
2020-06-30,601398,9.34
2020-07-01,601398,9.36
2020-07-02,601398,9.49
2020-07-03,601398,9.68
2020-07-06,601398,10.51
2020-07-07,601398,10.43
2020-07-08,601398,10.26
2020-07-09,601398,10.09
2020-07-10,601398,9.79
2020-07-13,601398,9.77
2020-07-14,601398,9.64
2020-07-15,601398,9.53
2020-07-16,601398,9.49
2020-07-17,601398,9.49
2020-07-20,601398,9.62
2020-07-21,601398,9.57
2020-07-22,601398,9.55
2020-07-23,601398,9.44
2020-07-24,601398,9.34
2020-07-27,601398,9.32
2020-07-28,601398,9.34
2020-07-29,601398,9.42
2020-07-30,601398,9.34
2020-07-31,601398,9.3
2020-08-03,601398,9.34
2020-08-04,601398,9.47
2020-08-05,601398,9.38
2020-08-06,601398,9.42
2020-08-07,601398,9.34
2020-08-10,601398,9.36
2020-08-11,601398,9.34
2020-08-12,601398,9.36
2020-08-13,601398,9.34
2020-08-14,601398,9.42
2020-08-17,601398,9.55
2020-08-18,601398,9.47
2020-08-19,601398,9.44
2020-08-20,601398,9.38
2020-08-21,601398,9.4
2020-08-24,601398,9.36
2020-08-25,601398,9.38
2020-08-26,601398,9.34
2020-08-27,601398,9.32
2020-08-28,601398,9.38
2020-08-31,601398,9.3
2020-09-01,601398,9.3
2020-09-02,601398,9.23
2020-09-03,601398,9.21
2020-09-04,601398,9.19
2020-09-07,601398,9.19
2020-09-08,601398,9.29
2020-09-09,601398,9.27
2020-09-10,601398,9.21
2020-09-11,601398,9.25
2020-09-14,601398,9.25
2020-09-15,601398,9.23
2020-09-16,601398,9.27
2020-09-17,601398,9.27
2020-09-18,601398,9.34
2020-09-21,601398,9.3
2020-09-22,601398,9.25
2020-09-23,601398,9.23
2020-09-24,601398,9.19
2020-09-25,601398,9.17
2020-09-28,601398,9.27
2020-09-29,601398,9.21
2020-09-30,601398,9.23
2020-10-09,601398,9.21
2020-10-12,601398,9.3
2020-10-13,601398,9.23
2020-10-14,601398,9.23
2020-10-15,601398,9.25
2020-10-16,601398,9.36
2020-10-19,601398,9.42
2020-10-20,601398,9.34
2020-10-21,601398,9.47
2020-10-22,601398,9.49
2020-10-23,601398,9.49
2020-10-26,601398,9.42
2020-10-27,601398,9.44
2020-10-28,601398,9.38
2020-10-29,601398,9.3
2020-10-30,601398,9.23
2020-11-02,601398,9.27
2020-11-03,601398,9.29
2020-11-04,601398,9.29
2020-11-05,601398,9.29
2020-11-06,601398,9.3
2020-11-09,601398,9.34
2020-11-10,601398,9.42
2020-11-11,601398,9.51
2020-11-12,601398,9.4
2020-11-13,601398,9.3
2020-11-16,601398,9.34
2020-11-17,601398,9.38
2020-11-18,601398,9.44
2020-11-19,601398,9.45
2020-11-20,601398,9.44
2020-11-23,601398,9.51
2020-11-24,601398,9.47
2020-11-25,601398,9.45
2020-11-26,601398,9.55
2020-11-27,601398,10.11
2020-11-30,601398,9.98
2020-12-01,601398,10.26
2020-12-02,601398,10.22
2020-12-03,601398,10.09
2020-12-04,601398,9.96
2020-12-07,601398,9.74
2020-12-08,601398,9.6
2020-12-09,601398,9.57
2020-12-10,601398,9.49
2020-12-11,601398,9.53
2020-12-14,601398,9.47
2020-12-15,601398,9.4
2020-12-16,601398,9.38
2020-12-17,601398,9.44
2020-12-18,601398,9.38
2020-12-21,601398,9.38
2020-12-22,601398,9.27
2020-12-23,601398,9.3
2020-12-24,601398,9.3
2020-12-25,601398,9.32
2020-12-28,601398,9.32
2020-12-29,601398,9.34
2020-12-30,601398,9.3
2020-12-31,601398,9.36
2021-01-04,601398,9.4
2021-01-05,601398,9.32
2021-01-06,601398,9.32
2021-01-07,601398,9.38
2021-01-08,601398,9.38
2021-01-11,601398,9.36
2021-01-12,601398,9.42
2021-01-13,601398,9.49
2021-01-14,601398,9.53
2021-01-15,601398,9.66
2021-01-18,601398,9.64
2021-01-19,601398,9.75
2021-01-20,601398,9.66
2021-01-21,601398,9.62
2021-01-22,601398,9.45
2021-01-25,601398,9.47
2021-01-26,601398,9.44
2021-01-27,601398,9.51
2021-01-28,601398,9.44
2021-01-29,601398,9.55
2021-02-01,601398,9.64
2021-02-02,601398,9.55
2021-02-03,601398,9.45
2021-02-04,601398,9.51
2021-02-05,601398,9.72
2021-02-08,601398,9.68
2021-02-09,601398,9.66
2021-02-10,601398,9.85
2021-02-18,601398,9.83
2021-02-19,601398,9.83
2021-02-22,601398,10.07
2021-02-23,601398,10.09
2021-02-24,601398,9.94
2021-02-25,601398,10.21
2021-02-26,601398,10.07
2021-03-01,601398,10.02
2021-03-02,601398,9.92
2021-03-03,601398,10.22
2021-03-04,601398,10.22
2021-03-05,601398,10.45
2021-03-08,601398,10.37
2021-03-09,601398,10.24
2021-03-10,601398,10.13
2021-03-11,601398,10.28
2021-03-12,601398,10.21
2021-03-15,601398,10.41
2021-03-16,601398,10.51
2021-03-17,601398,10.37
2021-03-18,601398,10.28
2021-03-19,601398,10.05
2021-03-22,601398,10.17
2021-03-23,601398,10.13
2021-03-24,601398,10.15
2021-03-25,601398,10.05
2021-03-26,601398,10.04
2021-03-29,601398,10.24
2021-03-30,601398,10.28
2021-03-31,601398,10.39
2021-04-01,601398,10.32
2021-04-02,601398,10.17
2021-04-06,601398,10.17
2021-04-07,601398,10.22
2021-04-08,601398,10.21
2021-04-09,601398,10.17
2021-04-12,601398,10.28
2021-04-13,601398,10.34
2021-04-14,601398,10.22
2021-04-15,601398,10.22
2021-04-16,601398,10.19
2021-04-19,601398,10.21
2021-04-20,601398,10.11
2021-04-21,601398,10.07
2021-04-22,601398,10.0
2021-04-23,601398,9.92
2021-04-26,601398,9.89
2021-04-27,601398,9.83
2021-04-28,601398,9.75
2021-04-29,601398,9.79
2021-04-30,601398,9.62
2021-05-06,601398,9.6
2021-05-07,601398,9.79
2021-05-10,601398,9.85
2021-05-11,601398,9.81
2021-05-12,601398,9.87
2021-05-13,601398,9.83
2021-05-14,601398,9.9
2021-05-17,601398,9.89
2021-05-18,601398,9.87
2021-05-19,601398,9.77
2021-05-20,601398,9.81
2021-05-21,601398,9.7
2021-05-24,601398,9.74
2021-05-25,601398,9.87
2021-05-26,601398,9.87
2021-05-27,601398,9.87
2021-05-28,601398,9.89
2021-05-31,601398,9.77
2021-06-01,601398,9.72
2021-06-02,601398,9.74
2021-06-03,601398,9.66
2021-06-04,601398,9.7
2021-06-07,601398,9.7
2021-06-08,601398,9.75
2021-06-09,601398,9.74
2021-06-10,601398,9.75
2021-06-11,601398,9.74
2021-06-15,601398,9.68
2021-06-16,601398,9.7
2021-06-17,601398,9.72
2021-06-18,601398,9.72
2021-06-21,601398,9.66
2021-06-22,601398,9.68
2021-06-23,601398,9.64
2021-06-24,601398,9.75
2021-06-25,601398,9.81
2021-06-28,601398,9.72
2021-06-29,601398,9.7
2021-06-30,601398,9.7
2021-07-01,601398,9.87
2021-07-02,601398,9.85
2021-07-05,601398,9.75
2021-07-06,601398,9.79
2021-07-07,601398,9.77
2021-07-08,601398,9.67
2021-07-09,601398,9.59
2021-07-12,601398,9.43
2021-07-13,601398,9.39
2021-07-14,601398,9.31
2021-07-15,601398,9.39
2021-07-16,601398,9.37
2021-07-19,601398,9.35
2021-07-20,601398,9.31
2021-07-21,601398,9.27
2021-07-22,601398,9.31
2021-07-23,601398,9.29
2021-07-26,601398,9.23
2021-07-27,601398,9.13
2021-07-28,601398,9.23
2021-07-29,601398,9.13
2021-07-30,601398,9.07
2021-08-02,601398,9.09
2021-08-03,601398,9.05
2021-08-04,601398,9.0
2021-08-05,601398,8.98
2021-08-06,601398,8.96
2021-08-09,601398,9.0
2021-08-10,601398,9.02
2021-08-11,601398,9.19
2021-08-12,601398,9.15
2021-08-13,601398,9.11
2021-08-16,601398,9.13
2021-08-17,601398,9.13
2021-08-18,601398,9.23
2021-08-19,601398,9.17
2021-08-20,601398,9.21
2021-08-23,601398,9.15
2021-08-24,601398,9.15
2021-08-25,601398,9.15
2021-08-26,601398,9.13
2021-08-27,601398,9.17
2021-08-30,601398,9.05
2021-08-31,601398,9.13
2021-09-01,601398,9.25
2021-09-02,601398,9.27
2021-09-03,601398,9.35
2021-09-06,601398,9.35
2021-09-07,601398,9.39
2021-09-08,601398,9.43
2021-09-09,601398,9.39
2021-09-10,601398,9.47
2021-09-13,601398,9.43
2021-09-14,601398,9.31
2021-09-15,601398,9.25
2021-09-16,601398,9.25
2021-09-17,601398,9.29
2021-09-22,601398,9.15
2021-09-23,601398,9.21
2021-09-24,601398,9.17
2021-09-27,601398,9.15
2021-09-28,601398,9.21
2021-09-29,601398,9.25
2021-09-30,601398,9.21
2021-10-08,601398,9.31
2021-10-11,601398,9.37
2021-10-12,601398,9.39
2021-10-13,601398,9.33
2021-10-14,601398,9.31
2021-10-15,601398,9.39
2021-10-18,601398,9.35
2021-10-19,601398,9.33
2021-10-20,601398,9.29
2021-10-21,601398,9.37
2021-10-22,601398,9.35
2021-10-25,601398,9.33
2021-10-26,601398,9.29
2021-10-27,601398,9.29
2021-10-28,601398,9.23
2021-10-29,601398,9.23
2021-11-01,601398,9.35
2021-11-02,601398,9.19
2021-11-03,601398,9.17
2021-11-04,601398,9.19
2021-11-05,601398,9.21
2021-11-08,601398,9.15
2021-11-09,601398,9.17
2021-11-10,601398,9.13
2021-11-11,601398,9.21
2021-11-12,601398,9.19
2021-11-15,601398,9.23
2021-11-16,601398,9.19
2021-11-17,601398,9.19
2021-11-18,601398,9.17
2021-11-19,601398,9.21
2021-11-22,601398,9.15
2021-11-23,601398,9.15
2021-11-24,601398,9.17
2021-11-25,601398,9.15
2021-11-26,601398,9.11
2021-11-29,601398,9.05
2021-11-30,601398,9.05
2021-12-01,601398,9.09
2021-12-02,601398,9.11
2021-12-03,601398,9.11
2021-12-06,601398,9.15
2021-12-07,601398,9.21
2021-12-08,601398,9.17
2021-12-09,601398,9.21
2021-12-10,601398,9.21
2021-12-13,601398,9.15
2021-12-14,601398,9.13
2021-12-15,601398,9.11
2021-12-16,601398,9.13
2021-12-17,601398,9.11
2021-12-20,601398,9.11
2021-12-21,601398,9.19
2021-12-22,601398,9.17
2021-12-23,601398,9.19
2021-12-24,601398,9.19
2021-12-27,601398,9.21
2021-12-28,601398,9.25
2021-12-29,601398,9.21
2021-12-30,601398,9.17
2021-12-31,601398,9.15
2022-01-04,601398,9.23
2022-01-05,601398,9.31
2022-01-06,601398,9.29
2022-01-07,601398,9.37
2022-01-10,601398,9.39
2022-01-11,601398,9.39
2022-01-12,601398,9.33
2022-01-13,601398,9.35
2022-01-14,601398,9.25
2022-01-17,601398,9.19
2022-01-18,601398,9.27
2022-01-19,601398,9.29
2022-01-20,601398,9.39
2022-01-21,601398,9.29
2022-01-24,601398,9.29
2022-01-25,601398,9.23
2022-01-26,601398,9.27
2022-01-27,601398,9.25
2022-01-28,601398,9.21
2022-02-07,601398,9.37
2022-02-08,601398,9.59
2022-02-09,601398,9.57
2022-02-10,601398,9.61
2022-02-11,601398,9.63
2022-02-14,601398,9.49
2022-02-15,601398,9.41
2022-02-16,601398,9.45
2022-02-17,601398,9.45
2022-02-18,601398,9.51
2022-02-21,601398,9.53
2022-02-22,601398,9.45
2022-02-23,601398,9.43
2022-02-24,601398,9.29
2022-02-25,601398,9.23
2022-02-28,601398,9.21
2022-03-01,601398,9.25
2022-03-02,601398,9.29
2022-03-03,601398,9.37
2022-03-04,601398,9.33
2022-03-07,601398,9.19
2022-03-08,601398,9.13
2022-03-09,601398,9.02
2022-03-10,601398,9.02
2022-03-11,601398,9.11
2022-03-14,601398,9.07
2022-03-15,601398,8.98
2022-03-16,601398,9.0
2022-03-17,601398,8.94
2022-03-18,601398,9.0
2022-03-21,601398,8.98
2022-03-22,601398,9.07
2022-03-23,601398,9.04
2022-03-24,601398,9.05
2022-03-25,601398,9.13
2022-03-28,601398,9.27
2022-03-29,601398,9.33
2022-03-30,601398,9.31
2022-03-31,601398,9.43
2022-04-01,601398,9.47
2022-04-06,601398,9.55
2022-04-07,601398,9.53
2022-04-08,601398,9.51
2022-04-11,601398,9.45
2022-04-12,601398,9.45
2022-04-13,601398,9.47
2022-04-14,601398,9.43
2022-04-15,601398,9.41
2022-04-18,601398,9.33
2022-04-19,601398,9.35
2022-04-20,601398,9.37
2022-04-21,601398,9.45
2022-04-22,601398,9.57
2022-04-25,601398,9.39
2022-04-26,601398,9.51
2022-04-27,601398,9.31
2022-04-28,601398,9.43
2022-04-29,601398,9.45
2022-05-05,601398,9.39
2022-05-06,601398,9.37
2022-05-09,601398,9.41
2022-05-10,601398,9.35
2022-05-11,601398,9.21
2022-05-12,601398,9.19
2022-05-13,601398,9.29
2022-05-16,601398,9.25
2022-05-17,601398,9.21
2022-05-18,601398,9.13
2022-05-19,601398,9.11
2022-05-20,601398,9.15
2022-05-23,601398,9.13
2022-05-24,601398,9.23
2022-05-25,601398,9.21
2022-05-26,601398,9.19
2022-05-27,601398,9.23
2022-05-30,601398,9.19
2022-05-31,601398,9.21
2022-06-01,601398,9.19
2022-06-02,601398,9.15
2022-06-06,601398,9.09
2022-06-07,601398,9.11
2022-06-08,601398,9.17
2022-06-09,601398,9.21
2022-06-10,601398,9.27
2022-06-13,601398,9.23
2022-06-14,601398,9.33
2022-06-15,601398,9.35
2022-06-16,601398,9.29
2022-06-17,601398,9.39
2022-06-20,601398,9.29
2022-06-21,601398,9.41
2022-06-22,601398,9.39
2022-06-23,601398,9.43
2022-06-24,601398,9.37
2022-06-27,601398,9.31
2022-06-28,601398,9.35
2022-06-29,601398,9.43
2022-06-30,601398,9.43
2022-07-01,601398,9.43
2022-07-04,601398,9.43
2022-07-05,601398,9.49
2022-07-06,601398,9.45
2022-07-07,601398,9.41
2022-07-08,601398,9.43
2022-07-11,601398,9.47
2022-07-12,601398,9.5
2022-07-13,601398,9.31
2022-07-14,601398,9.2
2022-07-15,601398,9.12
2022-07-18,601398,9.2
2022-07-19,601398,9.25
2022-07-20,601398,9.35
2022-07-21,601398,9.25
2022-07-22,601398,9.29
2022-07-25,601398,9.35
2022-07-26,601398,9.31
2022-07-27,601398,9.25
2022-07-28,601398,9.25
2022-07-29,601398,9.22
2022-08-01,601398,9.2
2022-08-02,601398,9.16
2022-08-03,601398,9.1
2022-08-04,601398,9.2
2022-08-05,601398,9.25
2022-08-08,601398,9.16
2022-08-09,601398,9.14
2022-08-10,601398,9.12
2022-08-11,601398,9.18
2022-08-12,601398,9.18
2022-08-15,601398,9.14
2022-08-16,601398,9.12
2022-08-17,601398,9.14
2022-08-18,601398,9.1
2022-08-19,601398,9.12
2022-08-22,601398,9.12
2022-08-23,601398,9.1
2022-08-24,601398,9.1
2022-08-25,601398,9.14
2022-08-26,601398,9.16
2022-08-29,601398,9.12
2022-08-30,601398,9.18
2022-08-31,601398,9.22
2022-09-01,601398,9.18
2022-09-02,601398,9.16
2022-09-05,601398,9.18
2022-09-06,601398,9.18
2022-09-07,601398,9.16
2022-09-08,601398,9.16
2022-09-09,601398,9.18
2022-09-13,601398,9.22
2022-09-14,601398,9.18
2022-09-15,601398,9.25
2022-09-16,601398,9.18
2022-09-19,601398,9.22
2022-09-20,601398,9.2
2022-09-21,601398,9.2
2022-09-22,601398,9.25
2022-09-23,601398,9.27
2022-09-26,601398,9.16
2022-09-27,601398,9.14
2022-09-28,601398,9.16
2022-09-29,601398,9.12
2022-09-30,601398,9.16
2022-10-10,601398,9.18
2022-10-11,601398,9.2
2022-10-12,601398,9.27
2022-10-13,601398,9.16
2022-10-14,601398,9.14
2022-10-17,601398,9.16
2022-10-18,601398,9.16
2022-10-19,601398,9.14
2022-10-20,601398,9.16
2022-10-21,601398,9.16
2022-10-24,601398,9.18
2022-10-25,601398,9.14
2022-10-26,601398,9.01
2022-10-27,601398,8.95
2022-10-28,601398,8.95
2022-10-31,601398,8.74
2022-11-01,601398,8.59
2022-11-02,601398,8.57
2022-11-03,601398,8.55
2022-11-04,601398,8.61
2022-11-07,601398,8.59
2022-11-08,601398,8.61
2022-11-09,601398,8.63
2022-11-10,601398,8.66
2022-11-11,601398,8.74
2022-11-14,601398,8.74
2022-11-15,601398,8.78
2022-11-16,601398,8.76
2022-11-17,601398,8.78
2022-11-18,601398,8.78
2022-11-21,601398,8.8
2022-11-22,601398,8.91
2022-11-23,601398,8.97
2022-11-24,601398,8.95
2022-11-25,601398,9.1
2022-11-28,601398,8.93
2022-11-29,601398,9.1
2022-11-30,601398,9.06
2022-12-01,601398,8.95
2022-12-02,601398,8.93
2022-12-05,601398,9.06
2022-12-06,601398,9.08
2022-12-07,601398,9.03
2022-12-08,601398,9.06
2022-12-09,601398,9.06
2022-12-12,601398,8.99
2022-12-13,601398,9.06
2022-12-14,601398,9.03
2022-12-15,601398,8.97
2022-12-16,601398,9.03
2022-12-19,601398,8.97
2022-12-20,601398,8.91
2022-12-21,601398,8.95
2022-12-22,601398,8.99
2022-12-23,601398,8.95
2022-12-26,601398,8.97
2022-12-27,601398,9.06
2022-12-28,601398,9.1
2022-12-29,601398,9.06
2022-12-30,601398,9.14
2023-01-03,601398,9.08
2023-01-04,601398,9.18
2023-01-05,601398,9.12
2023-01-06,601398,9.14
2023-01-09,601398,9.12
2023-01-10,601398,9.06
2023-01-11,601398,9.08
2023-01-12,601398,9.06
2023-01-13,601398,9.14
2023-01-16,601398,9.14
2023-01-17,601398,9.12
2023-01-18,601398,9.14
2023-01-19,601398,9.12
2023-01-20,601398,9.12
2023-01-30,601398,9.1
2023-01-31,601398,9.1
2023-02-01,601398,9.08
2023-02-02,601398,9.06
2023-02-03,601398,9.06
2023-02-06,601398,9.03
2023-02-07,601398,9.03
2023-02-08,601398,9.06
2023-02-09,601398,9.06
2023-02-10,601398,9.08
2023-02-13,601398,9.03
2023-02-14,601398,9.06
2023-02-15,601398,9.03
2023-02-16,601398,9.01
2023-02-17,601398,9.01
2023-02-20,601398,9.08
2023-02-21,601398,9.1
2023-02-22,601398,9.06
2023-02-23,601398,9.06
2023-02-24,601398,9.03
2023-02-27,601398,9.03
2023-02-28,601398,9.06
2023-03-01,601398,9.06
2023-03-02,601398,9.1
2023-03-03,601398,9.18
2023-03-06,601398,9.16
2023-03-07,601398,9.25
2023-03-08,601398,9.27
2023-03-09,601398,9.22
2023-03-10,601398,9.14
2023-03-13,601398,9.27
2023-03-14,601398,9.29
2023-03-15,601398,9.39
2023-03-16,601398,9.52
2023-03-17,601398,9.52
2023-03-20,601398,9.5
2023-03-21,601398,9.37
2023-03-22,601398,9.52
2023-03-23,601398,9.52
2023-03-24,601398,9.43
2023-03-27,601398,9.39
2023-03-28,601398,9.46
2023-03-29,601398,9.5
2023-03-30,601398,9.52
2023-03-31,601398,9.39
2023-04-03,601398,9.37
2023-04-04,601398,9.52
2023-04-06,601398,9.54
2023-04-07,601398,9.54
2023-04-10,601398,9.58
2023-04-11,601398,9.58
2023-04-12,601398,9.71
2023-04-13,601398,9.75
2023-04-14,601398,9.75
2023-04-17,601398,9.96
2023-04-18,601398,10.05
2023-04-19,601398,10.02
2023-04-20,601398,9.98
2023-04-21,601398,9.9
2023-04-24,601398,9.94
2023-04-25,601398,10.0
2023-04-26,601398,10.0
2023-04-27,601398,10.0
2023-04-28,601398,9.94
2023-05-04,601398,10.42
2023-05-05,601398,10.51
2023-05-08,601398,11.16
2023-05-09,601398,11.1
2023-05-10,601398,10.59
2023-05-11,601398,10.53
2023-05-12,601398,10.49
2023-05-15,601398,10.61
2023-05-16,601398,10.55
2023-05-17,601398,10.51
2023-05-18,601398,10.78
2023-05-19,601398,10.61
2023-05-22,601398,10.68
2023-05-23,601398,10.38
2023-05-24,601398,10.02
2023-05-25,601398,9.98
2023-05-26,601398,10.11
2023-05-29,601398,10.21
2023-05-30,601398,10.15
2023-05-31,601398,10.17
2023-06-01,601398,10.24
2023-06-02,601398,10.28
2023-06-05,601398,10.45
2023-06-06,601398,10.45
2023-06-07,601398,10.55
2023-06-08,601398,10.72
2023-06-09,601398,10.68
2023-06-12,601398,10.47
2023-06-13,601398,10.53
2023-06-14,601398,10.26
2023-06-15,601398,10.34
2023-06-16,601398,10.28
2023-06-19,601398,10.17
2023-06-20,601398,10.17
2023-06-21,601398,10.21
2023-06-26,601398,10.05
2023-06-27,601398,10.13
2023-06-28,601398,10.15
2023-06-29,601398,10.07
2023-06-30,601398,10.15
2023-07-03,601398,10.28
2023-07-04,601398,10.17
2023-07-05,601398,10.15
2023-07-06,601398,10.05
2023-07-07,601398,10.02
2023-07-10,601398,10.05
2023-07-11,601398,10.17
2023-07-12,601398,10.13
2023-07-13,601398,10.26
2023-07-14,601398,10.26
2023-07-17,601398,10.26
2023-07-18,601398,10.2
2023-07-19,601398,10.24
2023-07-20,601398,10.29
2023-07-21,601398,10.29
2023-07-24,601398,10.26
2023-07-25,601398,10.38
2023-07-26,601398,10.4
2023-07-27,601398,10.56
2023-07-28,601398,10.76
2023-07-31,601398,10.71
2023-08-01,601398,10.74
2023-08-02,601398,10.49
2023-08-03,601398,10.6
2023-08-04,601398,10.65
2023-08-07,601398,10.58
2023-08-08,601398,10.51
2023-08-09,601398,10.58
2023-08-10,601398,10.53
2023-08-11,601398,10.35
2023-08-14,601398,10.24
2023-08-15,601398,10.42
2023-08-16,601398,10.42
2023-08-17,601398,10.33
2023-08-18,601398,10.35
2023-08-21,601398,10.24
2023-08-22,601398,10.38
2023-08-23,601398,10.42
2023-08-24,601398,10.31
2023-08-25,601398,10.47
2023-08-28,601398,10.62
2023-08-29,601398,10.4
2023-08-30,601398,10.31
2023-08-31,601398,10.38
2023-09-01,601398,10.26
2023-09-04,601398,10.33
2023-09-05,601398,10.31
2023-09-06,601398,10.35
2023-09-07,601398,10.38
2023-09-08,601398,10.31
2023-09-11,601398,10.31
2023-09-12,601398,10.33
2023-09-13,601398,10.38
2023-09-14,601398,10.51
2023-09-15,601398,10.4
2023-09-18,601398,10.42
2023-09-19,601398,10.51
2023-09-20,601398,10.53
2023-09-21,601398,10.53
2023-09-22,601398,10.65
2023-09-25,601398,10.62
2023-09-26,601398,10.56
2023-09-27,601398,10.44
2023-09-28,601398,10.51
2023-10-09,601398,10.49
2023-10-10,601398,10.51
2023-10-11,601398,10.6
2023-10-12,601398,10.87
2023-10-13,601398,10.98
2023-10-16,601398,11.05
2023-10-17,601398,11.05
2023-10-18,601398,11.07
2023-10-19,601398,10.85
2023-10-20,601398,10.76
2023-10-23,601398,10.83
2023-10-24,601398,10.69
2023-10-25,601398,10.58
2023-10-26,601398,10.76
2023-10-27,601398,10.71
2023-10-30,601398,10.53
2023-10-31,601398,10.62
2023-11-01,601398,10.71
2023-11-02,601398,10.74
2023-11-03,601398,10.65
2023-11-06,601398,10.58
2023-11-07,601398,10.6
2023-11-08,601398,10.58
2023-11-09,601398,10.74
2023-11-10,601398,10.74
2023-11-13,601398,10.69
2023-11-14,601398,10.76
2023-11-15,601398,10.76
2023-11-16,601398,10.78
2023-11-17,601398,10.74
2023-11-20,601398,10.8
2023-11-21,601398,10.8
2023-11-22,601398,10.78
2023-11-23,601398,10.78
2023-11-24,601398,10.78
2023-11-27,601398,10.74
2023-11-28,601398,10.76
2023-11-29,601398,10.71
2023-11-30,601398,10.8
2023-12-01,601398,10.8
2023-12-04,601398,10.78
2023-12-05,601398,10.69
2023-12-06,601398,10.56
2023-12-07,601398,10.62
2023-12-08,601398,10.62
2023-12-11,601398,10.62
2023-12-12,601398,10.76
2023-12-13,601398,10.76
2023-12-14,601398,10.71
2023-12-15,601398,10.62
2023-12-18,601398,10.71
2023-12-19,601398,10.76
2023-12-20,601398,10.76
2023-12-21,601398,10.76
2023-12-22,601398,10.74
2023-12-25,601398,10.78
2023-12-26,601398,10.83
2023-12-27,601398,10.85
2023-12-28,601398,10.71
2023-12-29,601398,10.74
2024-01-02,601398,10.76
2024-01-03,601398,10.87
2024-01-04,601398,10.98
2024-01-05,601398,10.94
2024-01-08,601398,10.96
2024-01-09,601398,10.96
2024-01-10,601398,10.89
2024-01-11,601398,10.74
2024-01-12,601398,10.8
2024-01-15,601398,10.92
2024-01-16,601398,10.98
2024-01-17,601398,10.87
2024-01-18,601398,10.89
2024-01-19,601398,10.98
2024-01-22,601398,10.98
2024-01-23,601398,10.98
2024-01-24,601398,11.16
2024-01-25,601398,11.25
2024-01-26,601398,11.43
2024-01-29,601398,11.59
2024-01-30,601398,11.52
2024-01-31,601398,11.61
2024-02-01,601398,11.54
2024-02-02,601398,11.61
2024-02-05,601398,11.88
2024-02-06,601398,11.95
2024-02-07,601398,11.75
2024-02-08,601398,11.59
2024-02-19,601398,11.84
2024-02-20,601398,12.02
2024-02-21,601398,12.15
2024-02-22,601398,12.17
2024-02-23,601398,12.31
2024-02-26,601398,11.95
2024-02-27,601398,11.9
2024-02-28,601398,11.97
2024-02-29,601398,11.97
2024-03-01,601398,11.99
2024-03-04,601398,11.95
2024-03-05,601398,12.26
2024-03-06,601398,12.02
2024-03-07,601398,12.08
2024-03-08,601398,12.11
2024-03-11,601398,12.06
2024-03-12,601398,11.68
2024-03-13,601398,11.61
2024-03-14,601398,11.66
2024-03-15,601398,11.7
2024-03-18,601398,11.63
2024-03-19,601398,11.57
2024-03-20,601398,11.68
2024-03-21,601398,11.72
2024-03-22,601398,11.79
2024-03-25,601398,11.88
2024-03-26,601398,11.97
2024-03-27,601398,12.04
2024-03-28,601398,11.79
2024-03-29,601398,11.86
2024-04-01,601398,11.88
2024-04-02,601398,11.99
2024-04-03,601398,11.97
2024-04-08,601398,12.13
2024-04-09,601398,11.97
2024-04-10,601398,11.99
2024-04-11,601398,11.95
2024-04-12,601398,11.95
2024-04-15,601398,12.17
2024-04-16,601398,12.29
2024-04-17,601398,12.35
2024-04-18,601398,12.4
2024-04-19,601398,12.47
2024-04-22,601398,12.31
2024-04-23,601398,12.35
2024-04-24,601398,12.29
2024-04-25,601398,12.33
2024-04-26,601398,12.13
2024-04-29,601398,12.08
2024-04-30,601398,12.2
2024-05-06,601398,12.06
2024-05-07,601398,12.13
2024-05-08,601398,12.15
2024-05-09,601398,12.08
2024-05-10,601398,12.13
2024-05-13,601398,12.15
2024-05-14,601398,12.06
2024-05-15,601398,12.08
2024-05-16,601398,12.15
2024-05-17,601398,12.29
2024-05-20,601398,12.26
2024-05-21,601398,12.35
2024-05-22,601398,12.38
2024-05-23,601398,12.33
2024-05-24,601398,12.22
2024-05-27,601398,12.31
2024-05-28,601398,12.33
2024-05-29,601398,12.29
2024-05-30,601398,12.22
2024-05-31,601398,12.2
2024-06-03,601398,12.22
2024-06-04,601398,12.29
2024-06-05,601398,12.26
2024-06-06,601398,12.26
2024-06-07,601398,12.4
2024-06-11,601398,12.22
2024-06-12,601398,12.13
2024-06-13,601398,12.2
2024-06-14,601398,12.35
2024-06-17,601398,12.2
2024-06-18,601398,12.24
2024-06-19,601398,12.35
2024-06-20,601398,12.4
2024-06-21,601398,12.38
2024-06-24,601398,12.51
2024-06-25,601398,12.58
2024-06-26,601398,12.64
2024-06-27,601398,12.8
2024-06-28,601398,12.8
2024-07-01,601398,13.07
2024-07-02,601398,13.41
2024-07-03,601398,13.23
2024-07-04,601398,13.39
2024-07-05,601398,13.09
2024-07-08,601398,13.23
2024-07-09,601398,13.34
2024-07-10,601398,13.48
2024-07-11,601398,13.32
2024-07-12,601398,13.66
2024-07-15,601398,13.93
2024-07-16,601398,13.92
2024-07-17,601398,13.96
2024-07-18,601398,13.96
2024-07-19,601398,13.96
2024-07-22,601398,13.8
2024-07-23,601398,14.2
2024-07-24,601398,14.32
2024-07-25,601398,14.32
2024-07-26,601398,14.01
2024-07-29,601398,14.13
2024-07-30,601398,14.15
2024-07-31,601398,13.82
2024-08-01,601398,13.89
2024-08-02,601398,13.89
2024-08-05,601398,13.87
2024-08-06,601398,13.7
2024-08-07,601398,13.75
2024-08-08,601398,13.87
2024-08-09,601398,13.99
2024-08-12,601398,14.15
2024-08-13,601398,14.18
2024-08-14,601398,14.22
2024-08-15,601398,14.29
2024-08-16,601398,14.51
2024-08-19,601398,14.81
2024-08-20,601398,15.1
2024-08-21,601398,14.89
2024-08-22,601398,15.17
2024-08-23,601398,15.26
2024-08-26,601398,15.19
2024-08-27,601398,15.43
2024-08-28,601398,15.33
2024-08-29,601398,14.7
2024-08-30,601398,14.13
2024-09-02,601398,14.03
2024-09-03,601398,13.61
2024-09-04,601398,13.49
2024-09-05,601398,13.3
2024-09-06,601398,13.33
2024-09-09,601398,13.26
2024-09-10,601398,13.4
2024-09-11,601398,13.09
2024-09-12,601398,13.09
2024-09-13,601398,13.14
2024-09-18,601398,13.42
2024-09-19,601398,13.35
2024-09-20,601398,13.4
2024-09-23,601398,13.51
2024-09-24,601398,14.18
2024-09-25,601398,14.27
2024-09-26,601398,14.65
2024-09-27,601398,14.2
2024-09-30,601398,14.6
2024-10-08,601398,14.46
2024-10-09,601398,14.27
2024-10-10,601398,14.81
2024-10-11,601398,14.81
2024-10-14,601398,15.29
2024-10-15,601398,14.79
2024-10-16,601398,15.03
2024-10-17,601398,14.86
2024-10-18,601398,14.93
2024-10-21,601398,14.55
2024-10-22,601398,14.51
2024-10-23,601398,14.51
2024-10-24,601398,14.55
2024-10-25,601398,14.46
2024-10-28,601398,14.34
2024-10-29,601398,14.32
2024-10-30,601398,14.2
2024-10-31,601398,14.27
2024-11-01,601398,14.53
2024-11-04,601398,14.48
2024-11-05,601398,14.53
2024-11-06,601398,14.39
2024-11-07,601398,14.53
2024-11-08,601398,14.44
2024-11-11,601398,14.27
2024-11-12,601398,14.18
2024-11-13,601398,14.27
2024-11-14,601398,14.34
2024-11-15,601398,14.29
2024-11-18,601398,14.63
2024-11-19,601398,14.53
2024-11-20,601398,14.51
2024-11-21,601398,14.48
2024-11-22,601398,14.29
2024-11-25,601398,14.34
2024-11-26,601398,14.55
2024-11-27,601398,14.65
2024-11-28,601398,14.63
2024-11-29,601398,14.53
2024-12-02,601398,14.48
2024-12-03,601398,14.67
2024-12-04,601398,14.79
2024-12-05,601398,14.79
2024-12-06,601398,14.93
2024-12-09,601398,14.93
2024-12-10,601398,15.17
2024-12-11,601398,14.91
2024-12-12,601398,15.17
2024-12-13,601398,15.1
2024-12-16,601398,15.43
2024-12-17,601398,15.38
2024-12-18,601398,15.57
2024-12-19,601398,15.33
2024-12-20,601398,15.43
2024-12-23,601398,15.83
2024-12-24,601398,16.02
2024-12-25,601398,16.4
2024-12-26,601398,16.37
2024-12-27,601398,16.35
2024-12-30,601398,16.42
2024-12-31,601398,16.35
2025-01-02,601398,16.07
2025-01-03,601398,15.85
2025-01-06,601398,15.95
2025-01-07,601398,16.15
2025-01-08,601398,16.32
2025-01-09,601398,16.2
2025-01-10,601398,16.1
2025-01-13,601398,15.93
2025-01-14,601398,15.96
2025-01-15,601398,16.01
2025-01-16,601398,16.13
2025-01-17,601398,15.96
2025-01-20,601398,15.86
2025-01-21,601398,15.81
2025-01-22,601398,15.55
2025-01-23,601398,16.08
2025-01-24,601398,16.1
2025-01-27,601398,16.46
2025-02-05,601398,16.15
2025-02-06,601398,16.15
2025-02-07,601398,16.15
2025-02-10,601398,16.1
2025-02-11,601398,16.46
2025-02-12,601398,16.66
2025-02-13,601398,16.8
2025-02-14,601398,16.87
2025-02-17,601398,16.8
2025-02-18,601398,17.12
2025-02-19,601398,17.02
2025-02-20,601398,17.09
2025-02-21,601398,16.73
2025-02-24,601398,16.63
2025-02-25,601398,16.56
2025-02-26,601398,16.61
2025-02-27,601398,16.73
2025-02-28,601398,16.58
2025-03-03,601398,16.54
2025-03-04,601398,16.37
2025-03-05,601398,16.58
2025-03-06,601398,16.49
2025-03-07,601398,16.42
2025-03-10,601398,16.27
2025-03-11,601398,16.37
2025-03-12,601398,16.22
2025-03-13,601398,16.25
2025-03-14,601398,16.29
2025-03-17,601398,16.44
2025-03-18,601398,16.42
2025-03-19,601398,16.58
2025-03-20,601398,16.51
2025-03-21,601398,16.32
2025-03-24,601398,16.46
2025-03-25,601398,16.54
2025-03-26,601398,16.49
2025-03-27,601398,16.58
2025-03-28,601398,16.61
2025-03-31,601398,16.63
2025-04-01,601398,16.42
2025-04-02,601398,16.54
2025-04-03,601398,16.63
2025-04-07,601398,16.32
2025-04-08,601398,16.46
2025-04-09,601398,16.42
2025-04-10,601398,16.29
2025-04-11,601398,16.42
2025-04-14,601398,16.58
2025-04-15,601398,16.8
2025-04-16,601398,17.04
2025-04-17,601398,17.02
2025-04-18,601398,17.24
2025-04-21,601398,17.02
2025-04-22,601398,17.26
2025-04-23,601398,17.16
2025-04-24,601398,17.48
2025-04-25,601398,17.41
2025-04-28,601398,17.6
2025-04-29,601398,17.55
2025-04-30,601398,16.92
2025-05-06,601398,16.85
2025-05-07,601398,17.16
2025-05-08,601398,17.16
2025-05-09,601398,17.31
2025-05-12,601398,17.28
2025-05-13,601398,17.45
2025-05-14,601398,17.45
2025-05-15,601398,17.55
2025-05-16,601398,17.28
2025-05-19,601398,17.19
2025-05-20,601398,17.21
2025-05-21,601398,17.24
2025-05-22,601398,17.19
2025-05-23,601398,17.09
2025-05-26,601398,17.02
2025-05-27,601398,17.04
2025-05-28,601398,17.02
2025-05-29,601398,16.99
2025-05-30,601398,17.07
2025-06-03,601398,17.16
2025-06-04,601398,17.09
2025-06-05,601398,17.12
2025-06-06,601398,17.14
2025-06-09,601398,17.09
2025-06-10,601398,17.14
2025-06-11,601398,17.19
2025-06-12,601398,17.16
2025-06-13,601398,17.12
2025-06-16,601398,17.24
2025-06-17,601398,17.31
2025-06-18,601398,17.5
2025-06-19,601398,17.62
2025-06-20,601398,17.79
2025-06-23,601398,18.15
2025-06-24,601398,18.42
2025-06-25,601398,18.52
2025-06-26,601398,18.64
2025-06-27,601398,18.11
2025-06-30,601398,18.32
2025-07-01,601398,18.49
2025-07-02,601398,18.54
2025-07-03,601398,18.44
2025-07-04,601398,18.71
2025-07-07,601398,18.66
2025-07-08,601398,18.73
2025-07-09,601398,18.95
2025-07-10,601398,19.51
2025-07-11,601398,19.34
2025-07-14,601398,19.32
2025-07-15,601398,19.22
2025-07-16,601398,19.22
2025-07-17,601398,19.1
2025-07-18,601398,19.15
2025-07-21,601398,18.98
2025-07-22,601398,18.73
2025-07-23,601398,18.85
2025-07-24,601398,18.61
2025-07-25,601398,18.46
2025-07-28,601398,18.46
2025-07-29,601398,18.31
2025-07-30,601398,18.46
2025-07-31,601398,18.63
2025-08-01,601398,18.78
2025-08-04,601398,18.93
2025-08-05,601398,19.13
2025-08-06,601398,19.13
2025-08-07,601398,19.32
2025-08-08,601398,19.2
2025-08-11,601398,18.98
2025-08-12,601398,19.18
2025-08-13,601398,18.98
2025-08-14,601398,18.95
2025-08-15,601398,18.61
2025-08-18,601398,18.56
2025-08-19,601398,18.66
2025-08-20,601398,18.66
2025-08-21,601398,18.73
2025-08-22,601398,18.81
2025-08-25,601398,18.71
2025-08-26,601398,18.61
2025-08-27,601398,18.26
2025-08-28,601398,18.19
2025-08-29,601398,18.31
2025-09-01,601398,18.19
2025-09-02,601398,18.66
2025-09-03,601398,18.34
2025-09-04,601398,18.58
2025-09-05,601398,18.34
2025-09-08,601398,18.24
2025-09-09,601398,18.31
2025-09-10,601398,18.41
2025-09-11,601398,18.51
2025-09-12,601398,18.44
2025-09-15,601398,18.31
2025-09-16,601398,18.36
2025-09-17,601398,18.39
2025-09-18,601398,17.97
2025-09-19,601398,17.75
2025-09-22,601398,17.7
2025-09-23,601398,18.24
2025-09-24,601398,18.41
2025-09-25,601398,18.19
2025-09-26,601398,18.26
2025-09-29,601398,18.07
2025-09-30,601398,17.99
2025-10-09,601398,18.02
2025-10-10,601398,18.02
2025-10-13,601398,17.92
2025-10-14,601398,18.49
2025-10-15,601398,18.39
2025-10-16,601398,18.81
2025-10-17,601398,18.78
2025-10-20,601398,18.76
2025-10-21,601398,18.83
2025-10-22,601398,19.13
2025-10-23,601398,19.32
2025-10-24,601398,19.32
2025-10-27,601398,19.5
2025-10-28,601398,19.69
2025-10-29,601398,19.3
2025-10-30,601398,19.32
2025-10-31,601398,19.18
2025-11-03,601398,19.47
2025-11-04,601398,20.04
2025-11-05,601398,20.06
2025-11-06,601398,19.94
2025-11-07,601398,19.84
2025-11-10,601398,20.01
2025-11-11,601398,20.11
2025-11-12,601398,20.19
2025-11-13,601398,20.24
2025-11-14,601398,20.33
2025-11-17,601398,20.14
2025-11-18,601398,20.21
2025-11-19,601398,20.28
2025-11-20,601398,20.38
2025-11-21,601398,20.33
2025-11-24,601398,20.21
2025-11-25,601398,20.48
2025-11-26,601398,20.11
2025-11-27,601398,20.11
2025-11-28,601398,19.99
2025-12-01,601398,19.94
2025-12-02,601398,19.94
2025-12-03,601398,19.84
2025-12-04,601398,19.84
2025-12-05,601398,19.69
2025-12-08,601398,19.69
2025-12-09,601398,19.96
2025-12-10,601398,19.57
2025-12-11,601398,19.72
2025-12-12,601398,19.64
2025-12-15,601398,19.6
2025-12-16,601398,19.55
2025-12-17,601398,19.6
2025-12-18,601398,20.05
2025-12-19,601398,19.77
2025-12-22,601398,19.8
2025-12-23,601398,19.87
2025-12-24,601398,19.85
2025-12-25,601398,19.72
2025-12-26,601398,19.6
2025-12-29,601398,19.75
2025-12-30,601398,19.7
2025-12-31,601398,19.9
2026-01-05,601398,19.62
2026-01-06,601398,19.57
2026-01-07,601398,19.45
2026-01-08,601398,19.3
2026-01-09,601398,19.35
2026-01-12,601398,19.42
2026-01-13,601398,19.6
2026-01-14,601398,19.3
2026-01-15,601398,19.27
2026-01-16,601398,19.1
2026-01-19,601398,18.89
2026-01-20,601398,18.92
2026-01-21,601398,18.44
2026-01-22,601398,18.24
2026-01-23,601398,18.09
2026-01-26,601398,18.17
2026-01-27,601398,18.14
2026-01-28,601398,18.07
2026-01-29,601398,18.22
2026-01-30,601398,18.19
2026-02-02,601398,18.37
2026-02-03,601398,18.02
2026-02-04,601398,18.17
2026-02-05,601398,18.32
2026-02-06,601398,18.22
2026-02-09,601398,18.27
2026-02-10,601398,18.32
2026-02-11,601398,18.29
2026-02-12,601398,18.02
2026-02-13,601398,17.84
2026-02-24,601398,17.71
2026-02-25,601398,17.69
2026-02-26,601398,17.46
2026-02-27,601398,17.36
2026-03-02,601398,17.46
2026-03-03,601398,17.87
2026-03-04,601398,17.77
2026-03-05,601398,17.84
2026-03-06,601398,17.84
2026-03-09,601398,17.82
2026-03-10,601398,17.66
2026-03-11,601398,17.87
2026-03-12,601398,17.97
2026-03-13,601398,18.07
2026-03-16,601398,18.19
2026-03-17,601398,18.54
2026-03-18,601398,18.54
2026-03-19,601398,18.89
2026-03-20,601398,18.82
2026-03-23,601398,18.19
2026-03-24,601398,18.37
2026-03-25,601398,18.42
2026-03-26,601398,18.62
2026-03-27,601398,18.57
2026-03-30,601398,18.99
2026-03-31,601398,19.17
2026-04-01,601398,19.02
2026-04-02,601398,19.15
2026-04-03,601398,18.82
2026-04-07,601398,18.57
2026-04-08,601398,18.37
2026-04-09,601398,18.39
2026-04-10,601398,18.34
2026-04-13,601398,18.49
2026-04-14,601398,18.72
2026-04-15,601398,18.82
2026-04-16,601398,18.72
2026-04-17,601398,18.67
2026-04-20,601398,18.99
2026-04-21,601398,19.12
2026-04-22,601398,18.87
2026-04-23,601398,19.02
2026-04-24,601398,19.02
2026-04-27,601398,18.84
2026-04-28,601398,18.89
2026-04-29,601398,18.74
2026-04-30,601398,18.69
2026-05-06,601398,18.47
2026-05-07,601398,18.54
2026-05-08,601398,18.72
2026-05-11,601398,18.74
2026-05-12,601398,18.77
2026-05-13,601398,18.56
2026-05-14,601398,18.74
2026-05-15,601398,18.59
