date,000002,000858,002352,002594,300308,600036,600519,601088,601127,601398
2020-01-02,4497.51,2360.2,129.54,49.09,247.95,193.11,8495.3,31.18,11.89,10.64
2020-01-03,4427.07,2332.86,128.53,48.96,245.31,195.69,8108.58,31.13,11.9,10.67
2020-01-06,4352.48,2308.74,127.36,49.2,241.37,194.9,8104.29,31.49,11.8,10.64
2020-01-07,4387.01,2311.77,130.3,48.97,243.18,194.45,8228.64,31.56,11.93,10.71
2020-01-08,4375.96,2303.2,128.74,48.19,236.96,190.77,8180.6,30.77,12.0,10.53
2020-01-09,4447.79,2336.79,128.78,48.56,244.61,193.21,8290.06,30.86,12.03,10.53
2020-01-10,4345.57,2387.72,129.92,47.82,241.46,193.9,8363.74,30.45,11.92,10.53
2020-01-13,4375.96,2495.65,131.06,52.6,247.72,194.2,8452.22,30.51,12.1,10.57
2020-01-14,4335.9,2475.99,129.33,54.46,240.81,192.76,8325.4,30.44,12.03,10.59
2020-01-15,4211.59,2516.02,127.88,54.33,243.55,189.33,8360.96,29.9,11.79,10.48
2020-01-16,4217.11,2513.52,127.39,55.13,245.31,188.54,8322.39,29.85,11.79,10.34
2020-01-17,4207.44,2475.82,128.5,59.06,245.87,188.39,8326.15,30.02,11.74,10.37
2020-01-20,4125.94,2458.12,134.31,59.89,261.27,190.28,8202.1,29.68,11.74,10.41
2020-01-21,4034.78,2369.85,134.65,57.81,257.09,187.69,8084.07,29.38,11.72,10.28
2020-01-22,4159.1,2353.41,132.75,60.4,260.8,187.84,8085.65,29.68,11.5,10.32
2020-01-23,4003.01,2254.41,135.55,60.98,248.0,182.83,7914.92,28.98,10.62,10.19
2020-02-03,3678.4,2028.9,133.61,54.88,223.18,173.99,7547.44,26.8,9.56,9.66
2020-02-04,3815.15,2046.05,134.1,57.44,245.5,175.57,7803.72,27.25,8.64,9.8
2020-02-05,3817.91,2099.84,145.5,61.97,254.22,175.62,7893.79,27.24,9.08,9.78
2020-02-06,3853.83,2129.15,156.74,61.91,277.64,177.56,8051.74,27.29,9.41,9.8
2020-02-07,3798.58,2154.7,155.01,59.01,290.45,175.92,8089.33,27.13,9.57,9.69
2020-02-10,3960.19,2164.53,156.29,62.1,293.05,174.33,8017.84,27.42,9.8,9.66
2020-02-11,4016.82,2229.93,153.14,60.17,293.0,176.67,8254.73,27.92,9.74,9.73
2020-02-12,4016.82,2224.57,151.72,60.32,298.8,176.82,8249.24,27.92,9.85,9.73
2020-02-13,4137.0,2218.32,148.2,58.65,292.4,175.18,8202.1,27.81,9.66,9.64
2020-02-14,4254.41,2205.63,146.78,57.99,291.98,177.02,8179.55,28.04,9.62,9.68
2020-02-17,4201.92,2221.18,160.19,59.6,306.87,179.65,8223.3,28.33,9.91,9.78
2020-02-18,4102.46,2204.91,157.98,60.61,314.94,177.31,8149.48,28.06,9.93,9.73
2020-02-19,4095.56,2251.55,161.12,63.1,305.94,176.47,8243.45,27.84,9.82,9.77
2020-02-20,4123.18,2325.71,161.71,69.4,312.67,178.7,8405.09,28.11,10.03,9.82
2020-02-21,4040.3,2323.03,158.26,68.79,317.17,177.02,8366.59,28.07,10.16,9.78
2020-02-24,3991.96,2271.21,158.84,67.47,336.19,174.08,8173.38,27.72,9.97,9.69
2020-02-25,4051.35,2239.05,171.53,72.21,331.22,172.0,8080.39,27.24,10.23,9.64
2020-02-26,4159.1,2217.6,167.8,73.07,300.33,172.99,8072.04,27.59,9.92,9.64
2020-02-27,4098.32,2256.91,172.94,71.39,298.29,174.93,8174.96,27.52,10.91,9.62
2020-02-28,4087.27,2155.06,169.18,66.62,287.8,169.86,7946.49,26.83,10.39,9.44
2020-03-02,4299.99,2191.69,172.91,68.13,307.06,172.59,8164.59,27.86,10.61,9.55
2020-03-03,4295.84,2222.43,166.17,69.17,301.07,171.95,8367.5,28.12,10.9,9.59
2020-03-04,4456.08,2238.51,166.34,67.85,291.42,172.74,8487.18,28.04,11.32,9.61
2020-03-05,4461.6,2380.21,167.97,68.09,296.9,179.95,8803.54,28.59,11.47,9.73
2020-03-06,4299.99,2324.28,165.58,66.61,300.51,175.87,8687.01,28.12,11.39,9.64
2020-03-09,4219.87,2256.91,162.44,60.59,295.64,169.76,8375.09,27.3,10.79,9.46
2020-03-10,4254.41,2335.9,162.61,61.32,317.31,172.25,8690.77,27.75,11.02,9.55
2020-03-11,4196.39,2321.24,159.02,59.87,295.04,171.1,8709.71,27.54,10.32,9.48
2020-03-12,4137.0,2252.27,154.77,58.12,277.18,169.66,8559.2,27.27,,9.43
2020-03-13,4067.93,2190.8,152.62,56.73,274.58,165.94,8360.2,26.88,9.86,9.3
2020-03-16,3942.23,2063.92,148.61,54.91,255.61,157.3,8021.67,26.72,9.21,9.21
2020-03-17,3882.84,2007.81,147.99,54.06,261.41,157.6,7857.03,26.33,8.93,9.21
2020-03-18,3632.82,1922.58,149.51,53.09,258.11,153.08,7578.04,26.03,8.66,9.11
2020-03-19,3485.02,1824.65,155.18,52.34,268.37,145.58,7487.89,24.79,8.53,8.89
2020-03-20,3563.76,1939.02,156.36,53.53,268.78,154.17,7783.2,24.97,8.64,9.05
2020-03-23,3391.09,1867.54,153.9,49.07,243.55,149.8,7660.81,24.79,8.39,8.89
2020-03-24,3439.44,1948.67,155.04,50.68,253.75,156.5,7938.97,26.13,8.7,9.12
2020-03-25,3660.45,2037.12,161.02,53.25,259.32,161.37,8120.16,26.3,8.85,9.23
2020-03-26,3619.01,2035.15,158.64,55.31,250.51,162.51,8006.03,26.73,8.73,9.23
2020-03-27,3670.12,2069.46,157.6,55.83,247.72,162.51,8085.57,27.29,8.65,9.28
2020-03-30,3596.91,2023.36,163.09,57.31,241.23,162.16,8059.26,27.81,8.44,9.3
2020-03-31,3543.04,2058.56,163.27,61.12,249.35,160.33,8352.46,27.24,8.31,9.18
2020-04-01,3678.4,2054.99,158.46,58.21,250.83,159.58,8292.32,26.83,8.35,9.2
2020-04-02,3712.94,2094.12,159.95,57.67,260.76,160.63,8608.07,27.25,8.5,9.25
2020-04-03,3697.74,2100.02,163.51,56.05,257.19,159.68,8568.9,27.03,9.35,9.16
2020-04-07,3739.18,2218.32,169.11,57.39,262.52,161.52,8720.47,27.07,9.64,9.2
2020-04-08,3723.99,2238.69,168.31,56.38,269.85,160.03,8719.04,27.07,9.24,9.16
2020-04-09,3686.69,2233.33,167.97,56.72,270.27,160.43,8709.56,26.83,9.43,9.14
2020-04-10,3712.94,2260.85,166.34,55.61,266.84,159.43,8758.43,26.65,9.14,9.11
2020-04-13,3735.04,2233.68,169.35,56.87,256.3,158.59,8738.13,26.58,8.7,9.09
2020-04-14,3777.86,2295.33,168.83,59.03,275.7,162.46,8909.54,27.12,8.9,9.12
2020-04-15,3688.07,2285.68,165.58,61.29,276.16,161.02,8943.37,26.72,8.72,9.14
2020-04-16,3671.5,2253.34,164.86,61.16,275.14,159.43,8999.76,26.83,8.63,9.12
2020-04-17,3690.84,2301.95,168.18,59.93,286.64,163.21,9217.03,26.88,8.52,9.18
2020-04-20,3671.5,2310.7,168.35,59.99,294.62,163.41,9226.8,26.7,8.73,9.12
2020-04-21,3594.14,2259.95,165.65,60.51,289.01,162.16,9021.56,25.78,8.54,9.05
2020-04-22,3609.34,2328.39,169.38,60.57,290.12,162.56,9356.11,25.79,8.62,9.07
2020-04-23,3591.38,2342.51,169.45,59.37,287.99,162.36,9414.45,25.66,8.77,9.03
2020-04-24,3547.18,2348.05,164.38,59.85,289.94,161.47,9401.67,25.42,8.49,9.0
2020-04-27,3574.81,2371.28,163.37,58.07,294.34,166.78,9592.93,25.69,8.37,9.07
2020-04-28,3645.25,2483.86,167.16,58.07,296.48,168.17,9616.46,25.78,8.03,9.11
2020-04-29,3710.17,2421.31,162.82,59.11,290.87,173.94,9584.66,26.25,8.0,9.18
2020-04-30,3701.89,2426.14,162.61,61.11,300.89,174.28,9515.49,26.72,8.43,9.21
2020-05-06,3627.3,2469.74,162.92,63.37,309.33,172.0,9773.36,26.45,8.67,9.11
2020-05-07,3587.24,2535.86,160.28,61.24,301.02,171.1,9863.57,26.45,8.62,9.09
2020-05-08,3627.3,2553.55,159.55,60.92,305.94,173.69,9883.19,26.6,8.65,9.09
2020-05-11,3648.01,2534.78,163.86,60.01,308.59,173.64,9946.34,26.65,8.6,9.16
2020-05-12,3581.71,2553.55,162.43,60.26,305.48,171.8,10021.45,26.78,8.4,9.14
2020-05-13,3581.71,2608.94,161.84,60.12,306.17,171.55,10043.63,26.66,8.35,9.14
2020-05-14,3520.94,2614.3,159.1,58.79,301.53,168.52,9973.26,26.61,8.46,9.09
2020-05-15,3520.94,2595.01,157.95,59.07,298.89,168.12,9871.09,26.88,8.38,9.07
2020-05-18,3620.39,2701.69,158.47,58.27,291.42,167.88,10120.76,26.9,8.21,9.09
2020-05-19,3609.34,2705.8,162.92,59.33,299.35,170.21,10120.01,27.65,8.21,9.12
2020-05-20,3537.51,2695.61,159.13,60.14,297.41,172.25,10156.77,27.45,8.14,9.12
2020-05-21,3533.37,2710.44,156.39,58.24,292.49,172.5,10270.29,27.18,8.11,9.09
2020-05-22,3475.35,2577.67,154.3,57.1,281.68,167.03,9985.36,26.68,8.02,9.0
2020-05-25,3516.79,2627.35,154.96,57.6,268.64,164.35,10246.24,27.0,8.19,9.07
2020-05-26,3567.9,2641.29,155.97,59.42,273.19,166.04,10209.4,27.0,8.2,9.05
2020-05-27,3577.57,2611.8,154.75,58.4,262.8,166.04,10059.04,27.59,8.21,9.12
2020-05-28,3610.72,2611.8,154.75,58.58,263.5,169.96,10104.15,27.57,8.17,9.21
2020-05-29,3549.94,2648.26,158.4,58.51,264.38,167.98,10274.05,27.47,8.31,9.12
2020-06-01,3646.63,2833.92,161.95,60.47,271.98,172.94,10671.75,27.77,8.55,9.2
2020-06-02,3762.66,2837.14,168.9,62.17,273.1,174.04,10605.67,27.74,8.9,9.25
2020-06-03,3707.41,2827.67,172.89,61.08,271.71,174.93,10519.89,27.96,9.79,9.25
2020-06-04,3692.22,2838.57,173.76,61.26,274.03,174.58,10585.22,27.49,10.77,9.23
2020-06-05,3648.01,2860.72,175.08,64.41,270.5,175.03,10713.1,27.47,11.84,9.28
2020-06-08,3674.26,2870.02,178.8,63.99,273.65,177.16,10571.01,27.92,10.66,9.34
2020-06-09,3652.16,2905.76,182.28,63.17,275.09,176.47,10649.58,28.44,9.6,9.37
2020-06-10,3616.24,2904.5,185.79,62.22,271.57,175.53,10703.03,28.06,9.27,9.39
2020-06-11,3577.57,2860.37,184.12,64.04,272.87,171.2,10528.61,27.5,9.51,9.39
2020-06-12,3551.32,2885.92,185.2,62.66,278.25,171.35,10648.22,27.3,9.28,9.3
2020-06-15,3536.13,2805.51,191.14,63.7,269.53,166.73,10397.35,26.56,8.9,9.34
2020-06-16,3566.52,2817.66,191.1,65.33,281.82,169.57,10554.32,26.63,8.99,9.44
2020-06-17,3547.18,2785.49,193.22,65.34,282.28,169.86,10562.74,26.83,8.89,9.37
2020-06-18,3576.19,2829.81,194.51,68.02,294.72,168.32,10622.89,27.19,8.79,9.25
2020-06-19,3584.47,2958.65,194.58,68.27,291.42,168.17,10824.67,27.19,9.03,9.27
2020-06-22,3548.56,2951.95,189.05,69.3,291.33,166.39,10818.35,26.87,8.8,9.2
2020-06-23,3529.22,3042.14,193.29,72.39,286.69,165.64,11085.24,26.63,8.55,9.16
2020-06-24,3646.63,3053.55,191.83,73.07,288.08,168.37,11104.52,26.68,8.62,9.3
2020-06-29,3580.33,3033.44,190.1,71.95,286.92,167.08,11128.56,26.16,8.59,9.36
2020-06-30,3610.72,3099.0,190.1,73.17,292.26,167.48,11126.35,26.1,8.6,9.34
2020-07-01,3880.07,3295.68,191.77,73.86,286.97,172.79,11365.1,26.79,8.52,9.36
2020-07-02,3921.51,3431.68,192.95,73.52,287.03,175.33,11743.33,27.47,8.64,9.49
2020-07-03,3957.43,3417.74,195.41,80.87,292.61,182.48,11726.52,28.87,8.84,9.68
2020-07-06,4284.79,3491.99,197.33,82.45,301.99,200.71,12169.26,30.72,9.12,10.51
2020-07-07,4185.34,3656.25,213.24,84.59,309.56,203.94,12838.57,30.79,9.25,10.43
2020-07-08,4199.15,3682.87,214.04,84.33,312.16,201.15,12787.91,30.63,9.36,10.26
2020-07-09,4230.92,3689.39,214.08,86.08,325.96,198.22,12975.47,30.97,9.73,10.09
2020-07-10,4029.25,3748.79,225.37,90.7,322.34,190.75,13035.17,29.92,9.44,9.79
2020-07-13,4033.4,3951.63,230.9,99.77,327.73,191.0,13553.43,30.19,9.67,9.77
2020-07-14,3997.48,4000.52,228.39,98.4,322.66,186.96,13401.39,29.96,9.95,9.64
2020-07-15,3906.32,4055.76,230.86,96.31,307.15,183.63,13329.37,29.37,9.54,9.53
2020-07-16,3804.1,3650.27,221.27,86.68,282.9,182.3,12275.74,28.56,9.15,9.49
2020-07-17,3761.28,3719.64,220.09,83.15,284.06,184.76,12534.71,28.32,9.1,9.49
2020-07-20,3909.08,3652.45,226.93,88.84,288.43,190.85,12450.37,29.56,9.32,9.62
2020-07-21,3869.02,3723.08,235.0,89.78,287.22,188.65,12686.45,29.41,9.33,9.57
2020-07-22,3851.07,3783.2,233.61,88.86,294.05,186.6,12763.12,29.05,9.57,9.55
2020-07-23,3801.34,3804.39,230.17,90.69,284.34,182.3,12747.3,28.65,9.6,9.44
2020-07-24,3733.66,3647.2,220.85,84.59,261.53,177.18,12133.51,28.14,9.34,9.34
2020-07-27,3685.31,3696.27,233.85,85.12,253.73,175.38,12340.77,28.25,9.06,9.32
2020-07-28,3711.55,3875.56,236.25,85.52,261.67,177.07,12701.66,28.34,8.99,9.34
2020-07-29,3744.71,3893.31,243.27,88.59,274.07,179.58,12716.87,28.47,9.18,9.42
2020-07-30,3712.94,3917.58,244.28,86.63,270.4,176.97,12777.72,28.08,9.34,9.34
2020-07-31,3707.41,3938.95,246.47,87.03,274.44,178.2,12763.88,27.87,9.3,9.3
2020-08-03,3768.19,3942.93,246.5,87.82,281.69,179.23,12686.45,28.34,9.44,9.34
2020-08-04,3831.73,3908.16,243.2,90.7,279.65,187.83,12701.59,28.43,9.4,9.47
2020-08-05,3777.86,3938.59,242.68,89.84,281.04,185.88,12686.45,28.21,9.27,9.38
2020-08-06,3782.0,3821.6,236.84,90.43,279.28,189.57,12457.97,28.1,9.22,9.42
2020-08-07,3733.66,3753.5,235.28,87.01,269.75,187.47,12405.04,27.92,9.44,9.34
2020-08-10,3841.4,3729.6,234.23,83.55,267.15,189.47,12427.78,28.1,9.51,9.36
2020-08-11,3851.07,3785.01,229.65,82.55,262.27,192.23,12492.58,27.94,9.84,9.34
2020-08-12,3965.71,3739.19,224.36,83.55,256.51,193.51,12374.23,28.27,9.53,9.36
2020-08-13,3950.52,3746.98,225.82,83.37,254.98,191.16,12435.46,28.23,9.43,9.34
2020-08-14,3964.36,3855.64,230.06,83.5,262.32,194.59,12633.21,28.41,9.56,9.42
2020-08-17,4040.26,3984.04,230.76,84.51,272.21,199.96,12853.78,29.1,9.56,9.55
2020-08-18,3967.22,3994.55,238.54,83.81,273.47,198.94,12967.86,29.19,9.5,9.47
2020-08-19,3929.98,4024.07,245.74,81.23,271.05,196.38,12830.96,29.08,9.44,9.44
2020-08-20,3935.71,3919.75,240.25,80.11,265.15,192.13,12656.03,28.83,9.26,9.38
2020-08-21,3918.53,3955.25,248.86,81.16,267.15,193.41,12747.3,28.76,9.33,9.4
2020-08-24,3885.58,4074.77,253.59,83.06,278.72,192.03,12902.07,28.96,9.29,9.36
2020-08-25,3894.18,4266.74,253.42,82.86,277.84,192.44,13135.19,28.72,9.17,9.38
2020-08-26,3878.42,4285.76,278.75,85.08,275.33,190.64,13135.19,28.28,9.05,9.34
2020-08-27,3859.81,4311.66,276.7,87.12,277.23,188.95,13165.61,28.25,9.24,9.32
2020-08-28,3948.6,4355.48,304.36,87.09,276.02,196.89,13363.36,28.81,9.29,9.38
2020-08-31,3905.64,4346.43,295.75,86.69,275.05,193.0,13587.74,29.37,9.14,9.3
2020-09-01,3898.47,4278.33,293.73,95.36,271.98,191.62,13705.47,29.36,9.2,9.3
2020-09-02,3941.44,4255.88,291.85,96.18,278.25,190.49,13652.38,29.01,9.28,9.23
2020-09-03,3982.98,4321.8,288.45,94.43,278.25,189.36,13637.17,29.27,9.17,9.21
2020-09-04,4020.21,4169.31,290.85,91.79,276.02,188.44,13462.24,29.39,9.05,9.19
2020-09-07,4071.77,4109.0,280.07,96.62,261.9,188.39,13108.57,29.21,8.91,9.19
2020-09-08,4053.15,4019.18,278.4,92.81,260.14,192.49,13016.54,29.97,9.04,9.29
2020-09-09,4007.32,3929.89,268.64,87.7,244.11,192.54,12838.57,29.56,8.96,9.27
2020-09-10,4076.07,4042.18,272.74,88.82,234.63,193.05,12973.95,29.59,8.61,9.21
2020-09-11,4010.19,4126.93,277.43,93.01,237.75,190.7,13180.83,29.07,8.68,9.25
2020-09-14,3967.22,4166.77,273.85,94.34,237.93,191.26,13431.82,29.19,8.89,9.25
2020-09-15,3991.57,4171.3,281.32,103.31,240.67,194.08,13386.18,29.19,8.94,9.23
2020-09-16,4037.4,4093.25,271.94,107.5,241.56,194.89,13120.74,29.54,8.98,9.27
2020-09-17,4018.78,4032.22,271.77,118.25,243.65,193.92,12705.62,29.36,9.18,9.27
2020-09-18,4196.37,4156.63,274.2,117.8,245.5,199.66,12891.81,30.28,9.34,9.34
2020-09-21,4173.46,4072.96,268.22,107.87,241.93,197.66,12677.32,30.3,9.37,9.3
2020-09-22,4147.68,4036.74,267.25,108.89,241.0,193.97,12668.88,29.9,9.28,9.25
2020-09-23,4110.44,3971.91,270.06,112.6,240.02,192.03,12549.39,29.61,9.12,9.23
2020-09-24,4024.51,3917.22,266.03,108.52,233.24,189.77,12392.26,29.28,8.76,9.19
2020-09-25,3955.76,3933.52,268.64,107.18,230.59,190.39,12436.3,29.68,8.8,9.17
2020-09-28,4067.48,3986.58,277.36,108.52,231.8,190.75,12633.21,30.14,8.58,9.27
2020-09-29,4051.72,3979.33,277.92,110.04,232.68,185.93,12567.04,30.01,8.7,9.21
2020-09-30,4013.05,4002.33,282.19,118.55,233.66,184.35,12690.25,29.94,8.68,9.23
2020-10-09,4014.48,4121.32,297.8,122.74,238.26,185.27,12899.41,30.14,8.93,9.21
2020-10-12,4054.59,4378.12,303.39,131.06,246.34,192.33,13314.76,30.43,9.41,9.3
2020-10-13,4008.76,4387.54,317.29,131.86,247.59,193.51,13226.46,30.52,10.19,9.23
2020-10-14,3978.68,4335.56,323.83,133.1,247.78,194.84,13150.4,30.28,9.61,9.23
2020-10-15,3967.22,4326.69,312.74,134.17,246.15,199.76,13119.98,30.45,9.88,9.25
2020-10-16,3990.14,4289.92,312.01,130.34,246.99,203.7,13021.1,30.94,9.79,9.36
2020-10-19,3972.95,4277.25,310.83,130.63,248.15,204.78,12922.23,30.61,9.55,9.42
2020-10-20,3935.71,4364.17,314.13,142.78,245.74,204.68,13188.43,30.56,9.87,9.34
2020-10-21,3957.2,4378.48,311.94,140.23,235.98,208.93,13183.34,30.45,9.87,9.47
2020-10-22,4008.76,4377.94,304.54,146.65,231.85,210.92,13253.08,30.61,9.8,9.49
2020-10-23,3993.0,4285.4,295.36,141.43,230.69,211.08,13046.43,30.32,9.66,9.49
2020-10-26,4010.19,4212.59,303.22,142.74,228.08,208.0,12496.31,30.17,9.49,9.42
2020-10-27,3934.28,4228.71,302.45,143.07,226.97,207.13,12359.4,30.41,9.3,9.44
2020-10-28,3855.51,4346.06,301.44,154.61,223.44,205.34,12662.19,30.17,9.22,9.38
2020-10-29,3921.39,4527.53,299.29,161.53,222.97,205.8,12747.3,30.01,9.33,9.3
2020-10-30,3945.74,4425.21,287.75,162.99,219.72,203.86,12701.81,30.26,9.1,9.23
2020-11-02,4003.03,4449.65,292.62,171.32,222.28,206.11,12732.16,30.36,9.15,9.27
2020-11-03,4014.48,4534.77,297.69,167.34,233.15,211.18,12891.81,30.59,9.27,9.29
2020-11-04,4033.1,4581.86,309.99,171.37,231.99,219.83,12926.64,31.12,9.51,9.29
2020-11-05,4189.21,4697.94,306.52,188.51,245.46,219.12,13096.4,31.32,10.46,9.29
2020-11-06,4219.29,4695.95,290.15,194.23,244.81,217.53,12934.55,32.41,10.58,9.3
2020-11-09,4235.04,4889.73,289.77,194.75,252.61,220.34,13253.61,32.57,10.49,9.34
2020-11-10,4200.67,4940.44,287.27,186.21,244.81,223.88,13272.1,32.45,10.32,9.42
2020-11-11,4263.69,4869.81,279.41,167.62,231.61,227.1,13168.28,32.72,9.94,9.51
2020-11-12,4262.26,4847.17,282.71,172.7,234.45,223.16,13194.44,32.21,9.83,9.4
2020-11-13,4160.57,4799.18,280.91,179.4,236.35,218.04,12967.86,31.77,10.2,9.3
2020-11-16,4182.05,4944.06,278.02,173.4,241.32,220.19,13158.39,32.36,11.22,9.34
2020-11-17,4289.47,4873.43,272.63,170.32,237.28,224.49,13050.01,32.45,12.34,9.38
2020-11-18,4405.48,4776.0,270.86,170.32,234.49,229.15,12881.54,32.34,13.58,9.44
2020-11-19,4426.96,4793.75,280.77,164.83,232.96,229.77,13083.4,32.03,13.93,9.45
2020-11-20,4421.23,4862.02,275.45,179.56,230.92,230.69,13081.65,32.23,15.33,9.44
2020-11-23,4445.58,4936.45,273.85,187.86,225.11,232.48,13615.95,33.41,16.86,9.51
2020-11-24,4418.37,4922.15,271.59,187.85,230.69,229.77,13412.8,33.45,18.55,9.47
2020-11-25,4411.21,4762.42,265.23,187.18,230.41,227.51,13134.28,33.48,20.41,9.45
2020-11-26,4431.26,4719.13,266.31,179.32,229.43,230.89,13191.4,34.46,20.57,9.55
2020-11-27,4527.21,4750.28,270.9,177.56,226.32,234.79,13218.09,35.08,18.7,10.11
2020-11-30,4396.88,4599.97,278.02,175.57,227.39,226.34,13035.63,35.66,19.74,9.98
2020-12-01,4404.04,4672.23,279.41,180.33,226.78,236.58,13211.25,35.88,21.72,10.26
2020-12-02,4458.47,4718.59,277.95,173.13,237.19,239.65,13218.93,36.34,23.89,10.22
2020-12-03,4425.53,4738.15,281.11,174.49,235.98,238.06,13302.52,34.66,21.5,10.09
2020-12-04,4296.63,4838.84,288.66,175.28,238.21,234.43,13638.01,34.34,19.35,9.96
2020-12-07,4212.13,4894.08,284.1,178.78,236.91,227.46,13784.73,33.59,18.14,9.74
2020-12-08,4179.19,4925.95,278.75,181.51,239.19,226.64,14070.7,33.45,18.17,9.6
2020-12-09,4104.71,4884.66,270.55,176.69,238.82,226.54,13994.64,33.81,18.04,9.57
2020-12-10,4093.26,4847.53,274.34,172.89,241.32,226.75,13940.64,33.7,16.57,9.49
2020-12-11,4076.07,4844.82,272.01,170.32,247.36,218.55,13842.53,33.86,16.82,9.53
2020-12-14,4141.95,4946.78,272.81,173.58,253.54,227.21,13910.98,31.72,18.5,9.47
2020-12-15,4088.96,4904.22,267.94,178.17,251.96,227.1,13812.18,32.1,20.35,9.4
2020-12-16,4096.12,4968.15,275.94,175.29,249.92,225.62,13994.64,32.25,18.32,9.38
2020-12-17,4130.49,5031.17,275.76,175.21,251.36,225.57,14188.67,32.96,17.56,9.44
2020-12-18,4081.8,5013.97,278.02,179.5,244.81,220.7,14032.67,34.66,17.66,9.38
2020-12-21,4034.53,5105.42,284.38,197.45,255.91,219.63,14013.66,34.17,18.26,9.38
2020-12-22,4017.35,5113.93,300.61,187.66,240.16,214.61,14306.48,32.36,16.81,9.27
2020-12-23,3985.84,5039.86,301.65,190.5,242.58,216.71,14007.19,32.63,16.98,9.3
2020-12-24,4001.59,4986.08,299.53,186.64,238.07,217.99,13921.17,32.76,16.04,9.3
2020-12-25,4024.51,4996.94,298.7,188.9,229.62,218.76,13918.59,33.57,17.64,9.32
2020-12-28,4070.34,5178.59,296.82,191.67,219.91,220.4,14245.64,33.72,17.28,9.32
2020-12-29,4084.66,5088.94,295.92,182.15,236.49,219.32,14200.0,32.81,15.76,9.34
2020-12-30,4064.61,5195.43,302.9,189.7,233.8,220.45,14701.98,32.77,16.14,9.3
2020-12-31,4110.44,5285.44,306.62,198.16,236.26,225.06,15196.36,32.74,17.75,9.36
2021-01-04,3978.68,5397.72,314.44,210.87,241.56,221.06,15188.75,32.7,17.86,9.4
2021-01-05,3997.3,5794.87,324.94,224.27,251.17,215.99,15663.73,32.08,17.2,9.32
2021-01-06,4117.6,5945.55,321.71,220.6,248.25,226.08,15972.15,32.63,16.29,9.32
2021-01-07,4123.33,5976.34,320.66,229.52,244.39,235.04,16276.38,33.19,16.57,9.38
2021-01-08,4202.1,5740.91,318.3,232.03,253.96,238.63,15896.09,33.86,16.25,9.38
2021-01-11,4265.12,5454.77,319.55,239.53,264.78,247.95,15970.1,32.83,15.88,9.36
2021-01-12,4253.66,5614.13,321.64,241.7,262.46,254.5,16435.34,33.12,15.36,9.42
2021-01-13,4282.31,5529.56,313.82,244.06,261.07,252.96,16458.92,34.19,14.96,9.49
2021-01-14,4295.2,5241.07,306.48,228.4,263.11,251.17,16230.75,33.85,13.91,9.53
2021-01-15,4289.47,5210.28,305.48,229.68,257.07,261.87,15835.24,34.05,13.92,9.66
2021-01-18,4477.09,5153.23,313.54,226.1,265.94,265.87,15690.73,34.39,13.78,9.64
2021-01-19,4479.95,5098.0,317.99,220.5,262.0,265.51,15283.14,34.06,14.01,9.75
2021-01-20,4368.24,5158.67,326.64,226.41,264.78,264.84,15520.59,34.19,14.3,9.66
2021-01-21,4310.95,5377.8,351.7,240.2,258.56,269.56,15743.98,34.35,14.47,9.62
2021-01-22,4190.65,5352.62,348.88,247.75,260.6,264.43,15819.65,33.92,15.92,9.45
2021-01-25,4204.97,5717.18,355.14,265.17,244.11,266.84,16542.58,33.17,15.97,9.47
2021-01-26,4253.66,5537.71,347.18,259.28,245.27,263.21,16290.76,32.79,17.57,9.44
2021-01-27,4210.7,5298.66,347.14,262.11,245.46,266.28,15888.49,32.9,19.33,9.51
2021-01-28,4071.77,5179.49,337.73,249.22,238.63,264.28,15880.88,32.28,21.26,9.44
2021-01-29,3980.11,5272.58,344.02,251.91,240.63,261.67,16095.21,31.63,19.13,9.55
2021-02-01,4020.21,5293.4,361.88,251.8,247.04,268.33,16043.03,30.86,17.22,9.64
2021-02-02,4058.88,5507.65,371.85,272.82,248.99,266.12,16314.41,30.65,15.9,9.55
2021-02-03,3998.73,5591.5,365.95,268.23,233.89,271.65,16655.99,30.48,15.61,9.45
2021-02-04,3994.43,5679.33,369.94,265.07,229.15,273.96,17651.89,30.32,14.67,9.51
2021-02-05,4136.22,5790.89,,253.95,220.7,280.31,17592.18,29.72,13.84,9.72
2021-02-08,4172.03,5795.24,,255.18,222.51,282.97,18016.58,29.85,13.87,9.68
2021-02-09,4117.6,5967.28,,262.11,226.37,282.97,18683.08,30.21,14.05,9.66
2021-02-10,4129.06,6205.43,406.95,272.26,234.4,279.34,19782.65,30.41,13.73,9.85
2021-02-18,4298.06,6039.72,404.76,264.14,239.05,285.17,18793.9,31.66,14.77,9.83
2021-02-19,4273.71,6237.12,402.78,262.47,238.77,282.66,18710.23,32.92,16.25,9.83
2021-02-22,4257.96,5669.55,374.63,244.28,230.41,277.54,17402.19,34.34,15.68,10.07
2021-02-23,4298.06,5704.68,380.16,229.47,227.85,284.46,17546.55,33.37,17.25,10.09
2021-02-24,4295.2,5307.71,360.77,213.15,227.48,274.47,16649.06,32.96,18.97,9.94
2021-02-25,4724.86,5232.01,367.51,213.41,222.09,278.82,16352.44,33.66,18.27,10.21
2021-02-26,4740.61,5070.83,364.76,201.19,213.22,261.67,16145.41,32.26,19.95,10.07
2021-03-01,4776.42,5234.18,364.21,215.09,216.24,258.03,16413.28,32.39,20.23,10.02
2021-03-02,4767.83,5083.51,354.1,215.6,206.99,253.73,15652.71,32.68,19.21,9.92
2021-03-03,4797.9,5166.81,354.34,213.92,206.44,270.22,16276.38,33.37,21.13,10.22
2021-03-04,4681.89,4822.9,341.06,202.45,200.26,268.33,15462.56,32.9,23.24,10.22
2021-03-05,4517.19,4826.34,337.45,200.28,198.82,263.21,15668.75,33.05,24.16,10.45
2021-03-08,4468.49,4427.92,316.46,180.24,189.48,255.68,14907.34,32.74,22.41,10.37
2021-03-09,4442.71,4391.7,312.77,174.07,181.96,248.36,14732.33,32.94,20.17,10.24
2021-03-10,4395.45,4574.61,319.41,180.71,182.05,252.2,14983.47,32.66,18.55,10.13
2021-03-11,4461.33,4799.9,321.36,186.61,183.21,266.12,15576.65,33.23,19.95,10.28
2021-03-12,4510.03,4789.22,319.1,185.29,178.75,273.04,15409.32,33.76,21.32,10.21
2021-03-15,4502.87,4545.82,310.9,177.73,175.04,271.96,15024.85,34.9,20.62,10.41
2021-03-16,4711.97,4752.27,319.72,179.98,173.73,278.16,15291.43,34.61,22.69,10.51
2021-03-17,4684.76,4786.68,326.43,180.4,175.5,273.45,15442.48,34.48,23.48,10.37
2021-03-18,4683.33,4896.79,318.68,182.1,176.94,277.75,15741.69,34.39,22.83,10.28
2021-03-19,4468.49,4722.94,297.9,174.55,170.99,265.05,15287.63,33.99,23.22,10.05
2021-03-22,4530.08,4699.57,295.4,177.26,172.34,275.39,15135.44,34.01,25.55,10.17
2021-03-23,4500.0,4749.38,293.66,172.33,175.04,273.86,15181.15,32.96,25.46,10.13
2021-03-24,4405.48,4723.12,285.49,165.98,159.84,267.3,15127.91,32.32,26.16,10.15
2021-03-25,4375.4,4635.83,287.89,164.41,162.4,261.21,14991.0,32.9,23.71,10.05
2021-03-26,4399.75,4816.38,286.19,174.39,171.13,264.23,15310.45,32.96,25.56,10.04
2021-03-29,4439.85,4927.58,285.25,171.44,167.74,260.85,15470.93,36.25,23.69,10.24
2021-03-30,4492.84,4952.39,289.32,172.36,165.23,264.02,15637.87,37.06,23.84,10.28
2021-03-31,4296.63,4853.15,281.57,167.78,163.7,261.67,15280.02,36.54,24.16,10.39
2021-04-01,4272.28,4945.51,283.76,172.43,167.7,261.41,15550.03,36.14,24.56,10.32
2021-04-02,4296.63,5153.41,288.76,179.37,175.69,260.9,16443.71,35.95,23.33,10.17
2021-04-06,4214.99,5157.04,285.98,179.59,173.32,261.11,16170.13,35.45,24.81,10.17
2021-04-07,4253.66,4905.12,281.32,174.39,170.99,258.24,15675.52,35.48,25.51,10.22
2021-04-08,4177.76,4945.51,280.8,173.87,168.39,258.6,15743.98,35.48,28.06,10.21
2021-04-09,4133.36,4804.61,252.72,170.04,166.49,257.32,15363.69,35.46,27.42,10.17
2021-04-12,4094.69,4726.56,229.02,166.71,159.94,258.39,15279.19,35.63,29.14,10.28
2021-04-13,4051.72,4761.15,225.2,167.27,157.8,257.68,15371.29,35.12,31.03,10.34
2021-04-14,4119.04,4777.09,223.88,174.35,159.8,254.5,15569.04,35.5,31.33,10.22
2021-04-15,4100.42,4632.57,224.47,168.79,157.24,253.17,15330.22,35.94,30.98,10.22
2021-04-16,4134.79,4741.23,221.41,168.59,157.94,254.71,15629.74,36.03,30.13,10.19
2021-04-19,4153.41,4811.31,224.95,179.55,159.43,265.1,15880.88,36.08,33.14,10.21
2021-04-20,4114.74,4848.98,223.94,174.65,155.34,266.23,15932.6,36.15,36.46,10.11
2021-04-21,4103.28,4905.12,222.4,171.94,152.6,270.84,15820.03,35.79,32.81,10.07
2021-04-22,4156.27,4911.28,220.69,172.07,156.22,269.4,15633.69,36.23,36.1,10.0
2021-04-23,4023.08,5070.83,228.9,172.62,151.53,272.93,16040.14,35.54,39.7,9.92
2021-04-26,3967.22,4980.28,230.86,170.83,153.9,266.64,15803.45,34.97,43.67,9.89
2021-04-27,4000.16,5103.79,226.6,168.22,150.97,266.64,15929.86,34.72,45.2,9.83
2021-04-28,3964.36,5172.25,228.73,168.79,150.79,265.05,15531.01,35.45,48.83,9.75
2021-04-29,3994.43,5242.88,223.84,166.19,159.75,272.83,15412.06,35.68,45.77,9.79
2021-04-30,4034.53,5161.38,224.78,161.72,158.92,269.86,15263.14,34.92,50.35,9.62
2021-05-06,3998.73,5006.36,220.66,152.98,160.08,274.83,14899.73,35.97,55.39,9.6
2021-05-07,4010.19,4927.76,214.47,146.81,156.73,277.44,14473.81,36.39,57.86,9.79
2021-05-10,3944.31,4781.07,217.48,149.92,147.53,276.01,14291.5,38.12,63.65,9.85
2021-05-11,3955.76,4988.43,218.67,149.47,153.57,275.7,14899.73,37.32,63.79,9.81
2021-05-12,3871.26,5025.74,217.13,156.79,152.64,274.93,15089.88,37.97,65.87,9.87
2021-05-13,3849.78,4998.39,220.52,151.95,160.08,272.42,14994.81,36.7,59.95,9.83
2021-05-14,3876.99,5197.6,219.61,156.58,162.49,281.54,15286.49,36.28,60.6,9.9
2021-05-17,3884.15,5382.14,227.75,162.96,165.93,284.97,15652.4,36.72,62.85,9.89
2021-05-18,3908.5,5423.98,240.67,161.86,165.37,286.5,15662.67,37.21,69.14,9.87
2021-05-19,3834.03,5483.56,242.77,176.22,164.54,280.62,15584.25,36.9,66.53,9.77
2021-05-20,3862.67,5496.6,239.87,176.38,169.93,284.05,15659.4,35.65,59.88,9.81
2021-05-21,3805.38,5371.46,235.15,176.64,171.74,277.08,15531.77,35.72,59.92,9.7
2021-05-24,3750.96,5523.76,240.08,176.92,172.53,276.93,15753.79,35.59,56.31,9.74
2021-05-25,3832.59,5850.11,241.06,180.03,176.8,294.7,16690.9,35.92,56.39,9.87
2021-05-26,3892.75,5777.13,244.52,179.67,177.08,299.56,16884.84,36.05,60.06,9.87
2021-05-27,3889.88,5762.28,243.12,180.98,187.21,296.75,17074.99,36.32,59.56,9.87
2021-05-28,3859.81,5739.09,243.99,185.29,186.28,299.56,16960.9,36.23,60.36,9.89
2021-05-31,3824.0,5706.86,242.73,182.25,191.34,297.98,16869.63,36.32,62.35,9.77
2021-06-01,3809.68,5717.36,244.72,193.23,189.34,293.72,17044.18,36.48,64.3,9.72
2021-06-02,3832.59,5647.46,253.56,190.21,189.06,294.85,16900.05,36.65,62.8,9.74
2021-06-03,3819.7,5679.51,260.58,187.56,189.39,288.19,16901.73,37.17,59.22,9.66
2021-06-04,3771.01,5710.12,264.53,193.17,192.13,294.6,17124.43,36.86,58.19,9.7
2021-06-07,3715.15,5666.83,256.15,194.14,188.92,291.88,17272.74,36.9,60.4,9.7
2021-06-08,3732.34,5395.91,251.08,206.84,184.88,290.35,16664.28,36.74,60.96,9.75
2021-06-09,3710.86,5369.65,251.08,206.02,184.19,289.17,16728.92,37.34,63.49,9.74
2021-06-10,3673.62,5488.27,248.36,218.37,185.45,288.55,17025.4,37.14,63.59,9.75
2021-06-11,3622.06,5461.47,248.11,231.53,181.07,288.45,16571.56,37.41,69.95,9.74
2021-06-15,3546.15,5419.63,242.8,236.94,182.7,280.62,16679.49,36.9,70.03,9.68
2021-06-16,3574.8,5293.95,237.6,215.2,186.43,284.71,16413.28,37.21,65.96,9.7
2021-06-17,3580.52,5328.36,234.04,236.72,189.59,282.25,16404.99,36.94,68.37,9.72
2021-06-18,3518.94,5270.04,236.73,249.87,185.45,280.05,15903.24,36.06,75.2,9.72
2021-06-21,3465.95,5376.35,248.92,247.4,179.39,274.93,15832.51,35.37,80.21,9.66
2021-06-22,3470.24,5431.04,245.04,242.61,175.06,284.0,15781.78,35.3,81.28,9.68
2021-06-23,3508.91,5268.96,240.92,248.14,179.25,280.72,15500.59,36.12,80.8,9.64
2021-06-24,3484.57,5300.83,244.59,249.76,175.48,281.64,15729.14,36.3,82.31,9.75
2021-06-25,3510.35,5431.58,244.66,249.86,172.35,288.81,16061.14,36.94,78.24,9.81
2021-06-28,3448.76,5547.31,241.2,258.67,178.69,280.1,16145.67,35.72,77.92,9.72
2021-06-29,3408.66,5406.77,235.57,258.34,178.74,275.5,15830.82,35.35,72.82,9.7
2021-06-30,3410.09,5394.82,236.48,255.99,179.48,277.49,15790.13,35.48,69.27,9.7
2021-07-01,3577.66,5400.44,237.49,241.31,172.17,286.76,16160.94,35.3,69.69,9.87
2021-07-02,3444.46,5180.04,232.64,243.79,168.21,271.65,15454.62,35.05,64.55,9.85
2021-07-05,3411.52,5090.75,228.73,254.51,168.77,271.09,15308.75,36.28,65.36,9.75
2021-07-06,3506.05,5021.03,227.22,255.48,168.58,274.16,15453.86,36.21,63.94,9.79
2021-07-07,3443.03,5153.96,233.37,260.16,170.96,273.6,15385.53,36.17,68.89,9.77
2021-07-08,3444.46,4886.83,229.46,256.97,167.55,257.83,15239.66,35.86,66.05,9.67
2021-07-09,3445.9,4887.2,228.8,253.77,169.33,255.52,15140.69,36.32,69.56,9.59
2021-07-12,3411.52,4954.3,224.19,271.78,181.21,258.08,15055.4,35.22,76.52,9.43
2021-07-13,3414.39,5046.64,225.83,270.37,177.81,262.41,15223.53,35.54,77.78,9.39
2021-07-14,3324.16,5033.84,235.08,250.17,175.34,257.05,15063.08,35.8,70.52,9.31
2021-07-15,3368.56,5134.96,228.1,241.1,157.86,268.08,15339.39,35.8,70.08,9.39
2021-07-16,3430.14,5074.44,228.1,227.35,152.41,267.82,15016.24,36.14,67.78,9.37
2021-07-19,3362.83,5136.06,220.94,228.42,155.25,266.92,15162.88,36.38,65.68,9.35
2021-07-20,3306.97,5161.84,217.97,232.02,157.91,262.09,15201.27,35.78,69.22,9.31
2021-07-21,3255.41,5142.09,216.15,246.03,158.42,260.99,15116.82,35.24,69.0,9.27
2021-07-22,3324.16,5121.61,216.68,253.91,161.73,263.88,14894.25,35.46,66.2,9.31
2021-07-23,3309.84,4959.06,215.35,263.82,160.43,262.83,14587.08,35.52,65.45,9.29
2021-07-26,3059.2,4562.82,208.54,253.49,156.65,250.49,13850.89,34.52,60.32,9.23
2021-07-27,2887.33,4226.56,198.62,243.46,177.85,242.45,13150.56,34.04,58.91,9.13
2021-07-28,2934.6,4327.68,195.12,241.2,182.0,249.28,13580.57,33.74,57.98,9.23
2021-07-29,2950.35,4297.87,206.02,262.31,190.39,251.8,13433.85,33.74,59.62,9.13
2021-07-30,2958.95,4036.4,206.48,269.97,198.82,244.18,12890.29,33.98,60.38,9.07
2021-08-02,2993.32,4286.9,212.31,296.97,205.02,250.54,13473.85,34.46,63.44,9.09
2021-08-03,2990.45,4389.3,212.87,285.65,197.47,249.91,13430.09,34.5,59.48,9.05
2021-08-04,2943.19,4287.82,213.43,314.22,198.82,246.81,13235.85,34.68,63.3,9.0
2021-08-05,3006.21,4153.79,209.58,305.42,195.79,245.5,13043.92,34.84,63.38,8.98
2021-08-06,3021.96,4132.4,209.55,309.67,194.49,249.91,12828.95,35.02,61.5,8.96
2021-08-09,3190.96,4205.72,214.65,299.54,195.74,257.63,13003.99,35.14,64.2,9.0
2021-08-10,3130.81,4551.12,212.8,297.95,196.02,263.67,13811.66,35.36,64.43,9.02
2021-08-11,3309.84,4501.75,207.31,301.01,193.65,267.29,13439.3,35.8,62.86,9.19
2021-08-12,3242.52,4350.35,207.8,315.28,194.3,266.13,12974.82,35.76,63.72,9.15
2021-08-13,3264.01,4403.01,209.97,306.14,188.43,268.76,13051.9,35.9,61.31,9.11
2021-08-16,3288.35,4401.18,208.43,291.22,190.11,267.13,13045.45,35.84,57.86,9.13
2021-08-17,3311.27,4204.62,204.31,286.03,183.96,260.57,12552.56,35.54,54.64,9.13
2021-08-18,3397.2,4187.25,201.73,289.44,177.34,279.05,12437.4,35.1,55.28,9.23
2021-08-19,3315.57,4071.14,201.69,299.71,179.62,270.86,12437.17,34.76,58.07,9.17
2021-08-20,3258.28,3773.65,202.81,290.9,175.43,267.97,11884.63,34.5,58.77,9.21
2021-08-23,3268.3,3767.43,198.09,295.71,176.03,272.49,12054.99,35.34,64.65,9.15
2021-08-24,3296.95,3839.84,209.97,304.33,177.62,274.12,12477.17,35.58,67.9,9.15
2021-08-25,3216.68,3976.97,209.55,302.24,174.22,270.07,12783.04,36.02,69.51,9.15
2021-08-26,3160.65,3788.09,206.62,288.26,171.84,260.46,12245.47,36.46,68.84,9.13
2021-08-27,3165.19,3760.85,199.87,294.03,168.72,264.4,12253.37,36.3,75.72,9.17
2021-08-30,2942.57,3784.98,200.36,287.72,168.95,254.42,12176.37,37.84,74.55,9.05
2021-08-31,2998.6,3687.89,201.27,282.65,165.04,257.1,11961.4,39.98,77.51,9.13
2021-09-01,3153.07,3797.96,204.69,271.73,166.25,266.71,12452.83,39.04,77.21,9.25
2021-09-02,3210.62,3679.48,198.62,272.44,166.34,270.97,12428.19,40.2,78.94,9.27
2021-09-03,3169.73,3764.69,196.28,259.29,172.54,273.07,12730.83,39.92,80.45,9.35
2021-09-06,3112.18,3866.53,210.77,283.26,172.03,268.87,12826.42,41.51,77.01,9.35
2021-09-07,3118.24,3875.86,205.67,281.58,167.79,277.32,12813.59,42.53,82.39,9.39
2021-09-08,3078.87,3798.15,213.71,275.09,170.91,275.22,12537.98,43.59,82.4,9.43
2021-09-09,3059.18,3791.02,222.23,277.25,165.32,273.59,12545.5,47.95,80.52,9.39
2021-09-10,3089.47,3907.49,219.05,271.03,165.92,284.2,12764.31,44.77,77.9,9.47
2021-09-13,3219.71,3799.43,216.05,266.69,159.45,283.15,12698.43,47.87,78.66,9.43
2021-09-14,3048.58,3761.76,222.89,274.72,159.91,273.59,12721.47,46.29,82.66,9.31
2021-09-15,2965.28,3629.56,225.13,266.48,162.24,269.92,12404.7,45.71,83.1,9.25
2021-09-16,2880.47,3602.13,223.56,256.12,159.91,266.24,12576.13,46.29,82.2,9.25
2021-09-17,2888.05,3692.64,222.16,260.32,161.68,269.13,12944.11,43.21,78.65,9.29
2021-09-22,3041.01,3546.0,234.46,252.24,161.68,259.47,12573.21,47.53,75.23,9.15
2021-09-23,3112.18,3554.96,230.05,255.02,159.45,256.47,12552.56,46.83,73.04,9.21
2021-09-24,3077.35,3666.5,237.39,256.9,161.45,256.1,13005.53,43.77,72.11,9.17
2021-09-27,3000.12,4033.11,241.13,257.65,164.67,257.79,14241.59,43.83,64.9,9.15
2021-09-28,3192.45,3966.73,232.88,251.89,159.17,264.77,13988.7,45.59,62.34,9.21
2021-09-29,3206.08,3998.55,231.52,240.81,162.66,270.76,13972.88,44.31,60.5,9.25
2021-09-30,3227.28,4011.53,228.27,254.6,162.52,264.93,14049.66,45.29,61.7,9.21
2021-10-08,3216.68,4172.99,242.87,258.16,163.36,267.45,14123.36,42.77,61.76,9.31
2021-10-11,3346.92,4165.31,239.56,260.96,165.88,278.32,14334.64,44.81,62.87,9.37
2021-10-12,3377.21,4193.47,241.06,262.25,162.06,278.79,14364.35,44.45,61.5,9.39
2021-10-13,3377.21,4379.06,238.23,276.73,163.59,278.48,14816.63,43.01,63.89,9.33
2021-10-14,3225.77,4388.38,231.31,278.51,162.48,274.96,14671.53,42.35,62.5,9.31
2021-10-15,3193.96,4284.53,228.45,289.11,159.49,279.95,14717.36,43.89,63.48,9.39
2021-10-18,3074.32,3937.11,225.41,291.75,153.9,272.33,13819.33,47.15,69.83,9.35
2021-10-19,3074.32,4003.85,227.4,290.6,155.72,277.69,13912.85,46.89,70.37,9.33
2021-10-20,3028.89,4021.59,221.46,296.53,156.23,275.17,14134.11,43.91,74.24,9.29
2021-10-21,3139.44,4040.79,221.88,292.86,154.79,282.26,14157.14,46.09,72.52,9.37
2021-10-22,3230.31,4114.66,218.32,306.12,152.92,285.09,14594.75,43.23,71.7,9.35
2021-10-25,3118.24,4029.27,219.68,323.82,154.74,286.67,14380.02,44.67,74.07,9.33
2021-10-26,2986.49,4034.75,219.12,325.51,159.87,290.4,14288.04,43.69,72.32,9.29
2021-10-27,2977.4,3949.55,219.71,328.3,155.3,286.3,13965.21,41.93,71.42,9.29
2021-10-28,2897.13,3936.56,220.45,314.26,152.88,284.72,14015.03,40.28,68.25,9.23
2021-10-29,2757.8,3958.87,225.76,317.66,154.09,283.41,14019.56,39.76,70.31,9.23
2021-11-01,2754.78,3747.32,226.35,308.16,157.58,284.2,13842.37,40.16,70.99,9.35
2021-11-02,2671.48,3681.12,228.27,320.28,162.24,274.38,13854.96,39.18,71.01,9.19
2021-11-03,2733.57,3641.08,227.61,309.19,162.38,271.49,13550.63,40.18,69.09,9.17
2021-11-04,2735.09,3781.69,226.28,331.63,163.5,271.75,13851.58,40.26,71.02,9.19
2021-11-05,2698.74,3845.51,219.64,320.4,162.76,270.76,13972.42,38.98,70.03,9.21
2021-11-08,2772.95,3857.94,211.99,321.42,162.71,269.39,13973.65,39.56,73.8,9.15
2021-11-09,2759.32,3817.35,210.56,327.23,162.57,268.13,13742.64,38.88,73.65,9.17
2021-11-10,2874.42,3761.21,211.02,316.59,162.15,265.87,13466.1,38.14,67.93,9.13
2021-11-11,3148.53,3776.02,214.75,318.35,164.76,277.37,13585.94,38.44,64.23,9.21
2021-11-12,2992.54,3727.38,217.62,313.04,165.04,275.17,13618.03,38.22,64.82,9.19
2021-11-15,2938.02,3742.93,220.06,300.95,161.92,277.95,13520.99,38.24,63.69,9.23
2021-11-16,2913.79,3876.41,221.5,299.49,157.35,275.69,13880.75,37.88,62.29,9.19
2021-11-17,2947.11,3867.45,221.01,302.9,159.12,272.23,13780.95,38.04,63.96,9.19
2021-11-18,2891.08,3814.6,228.24,301.42,155.39,269.97,13757.92,38.18,64.72,9.17
2021-11-19,3013.75,3887.38,235.5,302.87,157.49,274.8,14037.45,38.66,64.52,9.21
2021-11-22,2910.76,3949.0,232.78,317.34,176.64,271.44,14235.99,38.72,68.1,9.15
2021-11-23,2913.79,3927.6,229.15,314.77,181.21,271.75,14559.67,39.14,68.88,9.15
2021-11-24,2922.88,4103.51,230.3,309.38,186.38,271.7,14901.85,40.3,69.82,9.17
2021-11-25,2910.76,4076.63,223.35,304.08,182.46,270.02,15017.24,40.6,67.85,9.15
2021-11-26,2875.93,4074.98,221.85,303.73,177.99,263.09,14901.93,39.42,68.98,9.11
2021-11-29,2795.67,4109.17,216.15,310.67,176.73,261.62,15239.66,39.12,69.29,9.05
2021-11-30,2765.38,3986.12,213.88,310.91,177.71,259.89,14823.31,39.06,72.36,9.05
2021-12-01,2797.18,4032.93,214.4,311.55,182.93,262.51,14840.35,40.18,69.99,9.09
2021-12-02,2881.99,4072.97,210.53,315.1,180.41,267.24,14848.11,41.33,72.97,9.11
2021-12-03,2918.34,4195.48,211.33,313.16,182.37,269.13,15138.93,45.17,75.53,9.11
2021-12-06,2951.65,4247.59,217.23,307.9,176.13,272.12,15103.77,44.35,76.4,9.15
2021-12-07,3019.8,4278.68,219.71,300.81,173.29,272.23,15016.01,44.13,74.3,9.21
2021-12-08,3000.12,4461.52,220.27,306.92,183.02,273.28,15684.95,43.47,74.49,9.17
2021-12-09,3089.47,4589.52,229.63,305.61,177.71,279.0,16019.3,43.57,74.29,9.21
2021-12-10,3053.12,4516.38,228.83,307.57,180.32,280.89,16045.78,43.37,71.78,9.21
2021-12-13,3013.75,4570.87,230.47,304.48,184.52,275.27,16262.29,43.57,78.96,9.15
2021-12-14,2953.17,4571.23,223.31,299.38,190.34,268.6,16506.43,42.45,76.68,9.13
2021-12-15,2969.83,4457.87,217.55,299.33,192.53,267.82,16391.27,42.71,78.32,9.11
2021-12-16,2997.09,4452.38,221.36,292.04,189.87,268.87,16268.35,45.67,77.45,9.13
2021-12-17,2957.71,4299.89,220.03,284.67,188.15,266.61,15744.06,44.03,74.95,9.11
2021-12-20,2962.25,4315.25,222.65,276.02,188.24,266.19,15807.48,43.49,75.74,9.11
2021-12-21,3075.84,4235.71,226.88,281.84,197.05,265.87,15648.09,44.37,78.24,9.19
2021-12-22,3007.69,4244.3,233.16,284.91,198.03,262.62,15723.33,44.19,79.14,9.17
2021-12-23,2975.88,4333.71,233.16,285.7,196.4,263.72,16276.11,45.31,72.95,9.19
2021-12-24,2974.37,4423.86,240.5,275.51,192.86,261.83,16844.92,44.89,65.66,9.19
2021-12-27,2971.34,4319.09,240.15,272.47,196.72,259.05,16366.85,45.57,59.69,9.21
2021-12-28,2980.43,4344.14,238.09,276.37,198.03,260.62,16415.68,44.53,60.11,9.25
2021-12-29,2934.99,4126.91,239.9,274.49,200.36,250.07,15669.59,44.53,58.89,9.21
2021-12-30,2895.62,4123.25,241.09,272.58,202.17,254.69,15930.62,43.85,57.83,9.17
2021-12-31,2992.54,4071.32,240.74,273.59,198.03,255.79,15738.69,45.01,61.87,9.15
2022-01-04,3103.1,4087.78,249.48,276.53,195.46,253.9,15748.13,45.43,59.82,9.23
2022-01-05,3206.08,4091.25,249.06,258.42,195.23,257.58,15539.07,44.77,59.64,9.31
2022-01-06,3187.91,4013.18,238.89,255.12,193.14,252.85,15218.31,44.41,57.25,9.29
2022-01-07,3315.12,3979.9,239.62,251.53,197.24,257.58,14909.53,44.99,54.61,9.37
2022-01-10,3356.01,3930.53,240.11,251.32,201.94,258.52,15093.78,45.53,54.68,9.39
2022-01-11,3377.21,3901.27,236.41,243.97,199.89,261.78,14898.39,45.37,50.74,9.39
2022-01-12,3339.35,3984.65,236.62,261.22,188.24,261.3,15101.46,45.63,51.08,9.33
2022-01-13,3260.6,3819.72,229.98,260.52,180.41,259.1,14413.49,46.35,48.44,9.35
2022-01-14,3134.9,3788.64,230.51,258.3,182.05,252.17,14333.72,45.01,46.85,9.25
2022-01-17,3160.65,3818.63,233.41,271.92,187.08,255.11,14292.34,44.75,49.05,9.19
2022-01-18,3269.69,3867.08,232.43,271.51,184.38,257.37,14527.73,46.65,53.96,9.27
2022-01-19,3316.63,3854.46,229.5,258.13,183.26,260.99,14679.2,46.99,56.11,9.29
2022-01-20,3348.44,3898.71,235.71,256.19,179.44,269.76,15120.81,47.73,53.74,9.39
2022-01-21,3277.26,3972.59,235.43,255.51,179.34,272.12,15239.58,47.99,51.89,9.29
2022-01-24,3286.35,3932.54,228.2,256.53,181.35,272.28,14972.48,48.21,53.27,9.29
2022-01-25,3153.07,3809.85,220.45,245.21,175.85,267.29,14917.2,46.77,50.88,9.23
2022-01-26,3139.44,3767.61,226.84,254.58,171.52,267.82,15009.33,46.31,50.48,9.27
2022-01-27,3095.53,3719.16,220.52,246.19,165.78,266.61,15086.11,46.93,48.05,9.25
2022-01-28,3078.87,3627.37,221.29,231.42,166.81,258.42,14487.27,45.05,47.6,9.21
2022-02-07,3166.7,3576.9,225.51,249.38,167.04,269.65,14341.09,46.99,47.86,9.37
2022-02-08,3162.16,3474.14,228.97,241.8,167.97,271.54,14118.75,49.89,46.83,9.59
2022-02-09,3104.61,3583.48,224.19,250.18,172.12,271.07,14556.21,48.85,47.3,9.57
2022-02-10,3157.62,3529.72,218.77,245.02,170.72,271.54,14379.79,51.17,45.71,9.61
2022-02-11,3207.59,3552.21,218.63,234.88,161.87,277.06,14202.98,52.19,43.79,9.63
2022-02-14,3065.24,3620.6,212.66,236.71,162.34,268.87,14346.54,51.51,42.76,9.49
2022-02-15,3000.12,3653.33,215.14,243.17,165.83,263.72,14515.06,50.17,44.99,9.41
2022-02-16,3028.89,3646.2,215.52,245.51,165.41,268.18,14529.88,50.35,45.96,9.45
2022-02-17,2998.6,3610.18,215.35,250.41,165.88,270.23,14487.19,50.59,46.21,9.45
2022-02-18,3101.58,3638.7,214.47,247.91,174.08,273.38,14640.82,51.55,47.69,9.51
2022-02-21,3134.9,3642.36,217.09,246.82,180.27,271.81,14410.42,52.79,47.27,9.53
2022-02-22,3125.81,3536.31,210.32,242.29,174.12,268.97,13879.76,53.17,47.03,9.45
2022-02-23,3068.27,3587.5,211.02,257.14,176.31,266.92,14026.7,50.99,48.72,9.43
2022-02-24,3004.66,3450.18,203.96,249.85,172.45,262.67,13543.79,50.97,45.8,9.29
2022-02-25,2957.71,3482.91,209.24,252.89,172.73,261.57,13812.12,49.11,47.33,9.23
2022-02-28,2907.73,3474.14,210.98,254.69,179.16,261.51,13745.63,50.45,46.97,9.21
2022-03-01,2934.99,3532.47,200.99,256.91,178.5,263.82,14268.31,52.07,46.75,9.25
2022-03-02,2925.91,3459.51,202.88,253.67,178.92,259.78,14163.9,52.57,45.85,9.29
2022-03-03,2951.65,3329.14,204.41,250.21,175.66,261.15,13819.33,53.91,44.37,9.37
2022-03-04,2833.53,3224.91,205.18,238.57,175.43,255.74,13669.63,54.41,44.91,9.33
2022-03-07,2807.78,3035.3,195.96,228.17,163.59,245.55,13105.34,54.07,43.15,9.19
2022-03-08,2676.02,3039.87,190.69,220.6,162.43,238.83,13460.03,51.69,39.99,9.13
2022-03-09,2571.53,2978.25,185.97,228.15,165.41,233.1,13659.49,53.81,42.96,9.02
2022-03-10,2539.72,3147.75,187.54,233.77,164.76,234.73,13776.57,53.11,42.39,9.02
2022-03-11,2521.55,3140.8,187.61,234.54,164.9,233.42,13581.41,53.77,43.18,9.11
2022-03-14,2436.74,3040.24,178.85,223.47,160.75,221.34,13051.59,52.37,42.29,9.07
2022-03-15,2241.38,2873.48,166.9,217.14,149.71,207.16,12306.89,48.23,41.0,8.98
2022-03-16,2348.9,3013.36,173.29,234.11,152.36,223.6,12859.28,49.57,45.1,9.0
2022-03-17,2526.09,3076.26,175.04,239.69,155.35,233.73,13206.29,48.71,45.35,8.94
2022-03-18,2642.71,3070.04,172.91,239.28,154.83,242.45,13111.4,50.03,46.35,9.0
2022-03-21,2544.27,3030.0,167.07,250.38,157.4,235.31,13084.61,52.17,46.29,8.98
2022-03-22,2662.39,3004.22,164.45,249.79,153.95,239.09,13013.21,53.73,46.58,9.07
2022-03-23,2712.37,3034.2,164.87,252.21,160.19,240.3,13452.28,53.07,44.95,9.04
2022-03-24,2647.25,2950.46,160.75,252.12,157.02,240.35,13212.28,54.37,42.5,9.05
2022-03-25,2636.65,2874.21,156.98,240.11,150.03,237.25,12974.82,54.33,41.21,9.13
2022-03-28,2691.17,2764.68,153.38,235.1,149.1,236.57,12750.64,58.4,44.93,9.27
2022-03-29,2647.25,2727.75,149.57,235.71,144.91,236.36,12798.24,60.12,43.44,9.33
2022-03-30,2874.42,2869.82,154.99,241.85,149.62,242.77,13282.68,58.02,44.85,9.31
2022-03-31,2900.16,2835.26,159.63,234.49,147.29,245.76,13197.46,59.5,44.73,9.43
2022-04-01,3128.84,2923.76,171.16,240.77,147.61,247.34,13665.86,59.02,46.97,9.47
2022-04-06,3213.65,2925.77,171.37,246.83,140.25,248.86,13550.63,58.36,46.45,9.55
2022-04-07,3166.7,2933.82,166.38,244.89,140.34,246.08,13550.63,59.52,43.61,9.53
2022-04-08,3254.54,2936.38,168.58,248.95,143.98,247.76,13696.5,61.1,43.69,9.51
2022-04-11,3140.96,2809.66,172.91,237.75,138.39,241.03,13205.14,62.56,41.59,9.45
2022-04-12,3054.64,2996.54,182.69,243.02,139.78,239.98,13681.14,61.86,44.56,9.45
2022-04-13,3104.61,2968.01,183.39,241.83,136.94,240.25,13581.34,63.94,42.96,9.47
2022-04-14,3180.33,3137.15,181.12,246.21,138.01,240.3,13888.43,64.52,43.02,9.43
2022-04-15,3225.77,3106.61,175.04,241.02,136.06,245.92,13865.32,62.02,41.7,9.41
2022-04-18,3109.16,3056.88,182.51,243.98,139.97,227.85,13748.86,59.9,45.86,9.33
2022-04-19,3128.84,3017.01,180.14,249.85,140.44,221.08,13744.86,61.56,44.95,9.35
2022-04-20,2930.45,3033.47,177.87,246.71,139.46,215.83,13796.3,59.08,44.88,9.37
2022-04-21,2922.88,2972.77,171.51,238.81,137.5,216.77,13665.63,58.4,42.58,9.45
2022-04-22,3000.12,3024.88,169.69,240.2,134.05,223.18,13612.04,59.34,43.01,9.57
2022-04-25,2851.7,2834.17,157.75,232.14,135.31,203.91,13113.01,57.37,41.95,9.39
2022-04-26,2871.39,2898.16,158.66,236.54,139.46,201.7,13300.96,56.91,37.75,9.51
2022-04-27,2760.83,2951.01,161.73,239.8,143.74,199.76,13780.33,57.9,38.11,9.31
2022-04-28,2832.01,3032.56,165.92,236.71,138.85,208.06,14088.04,62.38,37.51,9.43
2022-04-29,2934.99,2964.54,179.19,247.95,142.67,209.68,14037.22,61.52,40.39,9.45
2022-05-05,2942.57,2953.75,176.57,253.87,148.68,206.17,14103.4,61.22,41.17,9.39
2022-05-06,2800.21,2871.83,171.75,247.02,148.87,199.08,13765.59,60.44,39.42,9.37
2022-05-09,2798.69,2830.14,174.16,237.48,151.15,191.51,13450.82,59.18,37.86,9.41
2022-05-10,2810.81,2840.2,173.47,238.09,148.68,194.19,13559.76,57.33,38.77,9.35
2022-05-11,2795.67,2880.06,175.91,257.85,146.87,195.4,13573.66,58.44,41.57,9.21
2022-05-12,2722.97,2890.48,172.91,259.27,146.68,192.25,13532.74,57.25,40.84,9.19
2022-05-13,2827.47,2869.64,173.96,275.59,147.8,195.09,13652.27,61.56,44.93,9.29
2022-05-16,2859.27,2837.46,170.04,272.57,147.94,193.72,13496.88,61.96,47.36,9.25
2022-05-17,2888.05,2855.19,172.21,288.26,148.45,202.7,13573.66,62.82,50.04,9.21
2022-05-18,2850.19,2826.49,169.76,287.16,146.4,202.17,13519.92,62.28,49.24,9.13
2022-05-19,2915.31,2807.1,164.87,290.31,145.28,199.71,13481.53,61.9,48.97,9.11
2022-05-20,2862.3,2970.75,176.54,293.57,146.03,209.84,13819.41,64.66,49.23,9.15
2022-05-23,2779.01,2915.17,175.25,301.22,146.68,207.37,13673.46,64.92,49.79,9.13
2022-05-24,2744.17,2862.87,168.75,286.73,139.32,204.27,13512.24,64.98,46.82,9.23
2022-05-25,2759.32,2878.96,169.41,293.06,140.95,203.64,13477.77,66.22,47.97,9.21
2022-05-26,2785.06,2874.76,176.37,292.48,144.84,201.81,13380.19,66.62,48.81,9.19
2022-05-27,2747.2,2888.11,174.93,294.77,141.88,205.43,13475.08,68.94,49.07,9.23
2022-05-30,2698.74,3038.59,180.14,304.2,149.15,205.17,13653.58,67.88,53.98,9.19
2022-05-31,2697.23,3134.04,181.29,301.94,150.84,208.42,13850.27,67.88,54.59,9.21
2022-06-01,2707.83,3115.94,182.69,306.1,151.13,208.42,13729.13,67.54,60.04,9.19
2022-06-02,2682.08,3103.87,181.19,307.16,155.68,204.38,13711.85,66.34,66.05,9.15
2022-06-06,2618.48,3162.2,179.37,324.72,157.18,204.64,13727.21,68.02,71.95,9.09
2022-06-07,2639.68,3183.77,184.89,321.31,159.57,206.64,13956.76,67.36,69.2,9.11
2022-06-08,2656.34,3257.1,186.53,334.09,158.49,207.58,14322.97,70.34,69.28,9.17
2022-06-09,2700.26,3218.33,180.98,328.98,153.38,211.57,14226.24,69.62,67.56,9.21
2022-06-10,2704.8,3244.11,183.74,355.91,157.13,210.68,14591.68,69.58,74.31,9.27
2022-06-13,2645.74,3154.33,180.24,355.91,153.94,202.54,14249.27,67.42,71.69,9.23
2022-06-14,2688.14,3177.92,177.73,350.6,151.69,206.06,14364.43,68.98,69.65,9.33
2022-06-15,2777.49,3241.55,180.7,341.83,151.22,212.57,14395.91,67.36,69.34,9.35
2022-06-16,2753.26,3247.4,182.42,342.85,152.67,209.84,14410.5,64.76,73.13,9.29
2022-06-17,2748.72,3312.86,181.93,344.89,152.91,209.26,14978.62,65.08,77.3,9.39
2022-06-20,2813.84,3355.1,183.33,349.16,151.92,208.48,14909.68,62.04,74.82,9.29
2022-06-21,2813.84,3321.64,182.81,347.95,150.05,211.78,14938.24,62.32,73.62,9.41
2022-06-22,2771.43,3256.0,175.65,346.81,142.63,206.43,14863.46,61.42,73.04,9.39
2022-06-23,2812.32,3298.6,174.22,360.71,145.12,210.79,15025.46,62.68,80.35,9.43
2022-06-24,2777.49,3382.71,184.45,358.21,143.15,211.1,15423.99,62.36,88.38,9.37
2022-06-27,2803.24,3528.99,189.85,356.82,145.49,216.62,15435.81,64.8,85.49,9.31
2022-06-28,2794.15,3650.59,194.2,360.1,150.42,216.77,15631.2,65.64,91.17,9.35
2022-06-29,2972.86,3564.68,191.6,338.37,146.29,215.36,15585.14,65.9,82.06,9.43
2022-06-30,3104.61,3749.04,195.64,340.29,145.73,221.6,15869.75,66.56,84.25,9.43
2022-07-01,3089.47,3768.91,196.23,335.91,145.49,217.3,15745.97,66.2,87.82,9.43
2022-07-04,3060.69,3732.52,196.23,343.01,143.71,215.57,15660.22,66.76,86.25,9.43
2022-07-05,3034.95,3687.4,197.84,340.7,144.27,215.2,15776.7,68.76,82.02,9.49
2022-07-06,2948.62,3615.55,191.15,342.95,142.21,209.0,15536.06,64.66,80.63,9.45
2022-07-07,2906.22,3557.07,186.84,356.5,141.5,208.74,15442.93,66.36,84.5,9.41
2022-07-08,2919.85,3577.68,190.62,344.89,140.85,209.05,15512.77,66.86,81.55,9.43
2022-07-11,2874.42,3516.04,184.03,330.91,141.18,207.11,15238.06,62.73,77.41,9.47
2022-07-12,2881.99,3527.55,181.33,315.3,136.95,206.38,15120.18,64.31,77.61,9.5
2022-07-13,2871.39,3585.11,181.44,316.2,135.03,199.02,15201.51,63.53,76.79,9.31
2022-07-14,2785.06,3529.96,181.58,329.59,138.45,191.57,15155.8,63.96,78.55,9.2
2022-07-15,2668.45,3525.69,178.35,345.09,137.19,191.08,15128.64,64.35,76.83,9.12
2022-07-18,2710.86,3477.98,181.96,343.97,150.66,195.25,15145.4,66.04,78.13,9.2
2022-07-19,2695.71,3507.13,191.04,337.85,156.24,195.69,15078.98,65.09,76.8,9.25
2022-07-20,2689.65,3511.03,188.94,338.46,159.9,196.45,15133.3,64.35,76.09,9.35
2022-07-21,2618.48,3466.28,185.79,331.12,154.51,194.32,15047.16,60.76,73.78,9.25
2022-07-22,2632.11,3451.62,185.79,336.34,156.57,195.03,15109.24,61.3,74.87,9.29
2022-07-25,2650.28,3491.9,184.49,329.54,160.89,196.45,15091.0,61.86,75.72,9.35
2022-07-26,2733.57,3545.93,182.67,331.63,157.79,199.09,15134.15,62.84,76.52,9.31
2022-07-27,2689.65,3492.27,178.56,332.44,159.2,197.55,14896.61,62.36,75.85,9.25
2022-07-28,2673.0,3474.08,177.79,332.07,156.99,196.07,14728.99,62.17,76.28,9.25
2022-07-29,2606.36,3312.18,174.71,327.0,153.89,192.18,14732.4,60.78,79.38,9.22
2022-08-01,2554.87,3315.53,171.38,337.39,154.79,189.17,14669.23,61.52,84.19,9.2
2022-08-02,2501.86,3261.31,169.06,333.37,152.06,185.82,14589.15,60.5,77.47,9.16
2022-08-03,2432.2,3241.45,168.89,328.66,152.77,181.17,14628.1,59.74,73.68,9.1
2022-08-04,2457.94,3282.11,169.13,333.57,152.16,184.45,14868.75,59.72,70.76,9.2
2022-08-05,2492.78,3326.67,171.13,331.21,158.64,187.96,14930.44,59.03,70.01,9.25
2022-08-08,2464.0,3303.09,170.5,328.01,155.82,185.82,14833.98,60.33,69.35,9.16
2022-08-09,2457.94,3285.82,171.66,326.34,153.47,184.13,14822.11,61.62,68.91,9.14
2022-08-10,2438.26,3230.49,168.36,314.74,149.2,181.66,14558.26,61.32,67.33,9.12
2022-08-11,2465.52,3303.09,173.48,321.55,164.64,188.29,14798.05,61.54,67.76,9.18
2022-08-12,2480.66,3317.75,174.53,318.39,159.67,188.34,14961.8,62.6,66.65,9.18
2022-08-15,2467.03,3267.63,174.95,321.74,158.17,184.84,14898.86,63.2,68.94,9.14
2022-08-16,2503.38,3253.33,174.04,325.53,156.29,185.82,14882.95,63.14,68.91,9.12
2022-08-17,2556.38,3271.34,177.34,334.72,157.79,187.63,14884.19,62.86,70.23,9.14
2022-08-18,2542.75,3219.91,174.29,332.8,161.92,184.78,14709.59,62.68,67.86,9.1
2022-08-19,2576.07,3224.18,174.85,326.01,156.99,185.49,14705.78,64.24,66.06,9.12
2022-08-22,2582.13,3184.08,177.65,329.78,155.26,184.23,14697.79,65.22,69.43,9.12
2022-08-23,2553.35,3119.1,174.32,328.27,154.27,181.39,14511.78,66.1,68.17,9.1
2022-08-24,2517.01,3104.99,172.11,315.91,144.56,179.96,14389.09,66.71,64.41,9.1
2022-08-25,2545.76,3145.28,173.8,315.99,142.3,184.62,14628.1,70.04,66.49,9.14
2022-08-26,2545.76,3158.09,173.06,322.27,141.41,184.67,14728.99,67.62,68.09,9.16
2022-08-29,2503.95,3069.9,168.89,320.05,140.24,182.37,14580.15,68.96,68.92,9.12
2022-08-30,2555.41,3045.39,172.18,317.29,140.57,185.17,14511.7,66.02,68.93,9.18
2022-08-31,2674.42,3104.06,173.27,293.95,137.61,192.07,14930.75,65.63,64.21,9.22
2022-09-01,2708.19,3036.66,171.27,292.64,134.51,189.06,14596.21,67.29,67.04,9.18
2022-09-02,2701.76,3004.73,169.84,287.84,137.19,188.07,14550.5,66.32,67.61,9.16
2022-09-05,2761.26,2952.37,167.35,274.33,137.28,187.58,14240.09,70.43,66.77,9.18
2022-09-06,2870.62,2980.41,166.12,278.6,138.78,184.23,14317.69,71.12,68.46,9.18
2022-09-07,2817.55,2950.89,164.75,288.56,139.77,182.92,14108.24,70.54,69.57,9.16
2022-09-08,2827.2,2953.3,168.4,284.03,137.56,182.48,14084.89,69.87,67.64,9.16
2022-09-09,2918.86,2997.68,176.6,285.5,137.66,189.06,14316.06,70.8,68.19,9.18
2022-09-13,2923.69,3037.96,180.14,290.7,136.2,193.71,14581.54,70.19,72.39,9.22
2022-09-14,2880.27,3015.13,178.77,284.1,134.32,191.03,14503.94,69.97,71.58,9.18
2022-09-15,2975.15,3052.26,176.99,275.08,126.72,197.33,14589.3,70.06,65.81,9.25
2022-09-16,2894.74,2990.62,170.71,271.49,123.58,191.52,14426.34,66.97,65.54,9.18
2022-09-19,2923.69,3026.64,170.57,275.95,125.92,192.29,14524.43,68.14,69.98,9.22
2022-09-20,2823.98,3078.07,171.87,279.89,126.49,189.28,14573.78,67.81,70.82,9.2
2022-09-21,2823.98,3034.62,167.84,275.59,126.34,188.56,14340.97,67.44,70.45,9.2
2022-09-22,2812.72,2950.15,158.86,274.11,126.02,187.25,14129.97,69.2,68.47,9.25
2022-09-23,2815.94,2954.42,163.7,271.92,127.19,188.29,14235.67,67.44,65.72,9.27
2022-09-26,2804.68,3009.74,160.48,278.61,125.41,186.04,14457.38,65.67,66.27,9.16
2022-09-27,2830.41,3171.64,168.68,279.64,129.35,185.77,14651.38,65.76,66.49,9.14
2022-09-28,2807.9,3148.8,167.56,271.12,126.53,184.51,14612.58,66.28,63.0,9.16
2022-09-29,2758.04,3128.57,165.73,270.05,125.78,181.66,14592.02,67.94,60.35,9.12
2022-09-30,2867.4,3141.93,165.52,257.23,122.4,184.4,14531.1,68.44,57.42,9.16
2022-10-10,2856.14,2950.15,159.46,256.4,119.16,174.26,13859.84,69.17,51.67,9.18
2022-10-11,2730.7,2944.39,157.81,260.29,124.61,172.07,13813.2,68.37,52.02,9.2
2022-10-12,2762.87,2907.44,160.2,267.78,127.75,169.6,13658.07,69.07,54.54,9.27
2022-10-13,2701.76,2851.19,160.2,263.53,128.36,163.79,13192.38,67.21,53.89,9.16
2022-10-14,2737.14,2954.23,173.34,270.02,130.1,170.32,13484.32,68.22,56.56,9.14
2022-10-17,2669.59,2926.94,179.69,266.06,130.85,169.99,13336.02,67.44,55.81,9.16
2022-10-18,2634.21,2946.43,178.35,279.34,132.4,168.78,13237.7,67.03,55.47,9.16
2022-10-19,2600.44,2868.46,179.55,273.04,132.63,165.82,12788.92,67.14,55.05,9.14
2022-10-20,2592.4,2861.96,177.62,268.97,132.63,164.78,12754.0,65.86,54.3,9.16
2022-10-21,2603.66,2824.83,179.51,271.82,132.26,162.1,12602.67,66.66,52.95,9.16
2022-10-24,2502.34,2659.22,172.96,260.87,130.99,153.55,11650.33,64.57,51.38,9.18
2022-10-25,2500.73,2638.61,172.04,263.25,130.19,154.48,11483.26,64.52,52.28,9.14
2022-10-26,2423.54,2662.37,175.87,263.21,134.75,153.05,11361.65,62.75,52.2,9.01
2022-10-27,2394.59,2545.41,178.32,260.28,137.84,153.11,10872.13,63.44,50.61,8.95
2022-10-28,2306.14,2552.83,174.85,244.86,136.67,148.94,10553.96,63.51,48.14,8.95
2022-10-31,2174.27,2478.57,169.17,251.78,137.42,146.97,10476.36,60.63,47.97,8.74
2022-11-01,2228.95,2647.15,173.38,267.24,138.92,154.48,11345.59,61.47,49.21,8.59
2022-11-02,2236.99,2666.46,177.02,273.1,138.41,155.74,11422.8,63.05,54.13,8.57
2022-11-03,2193.57,2616.33,169.35,273.53,139.2,153.71,11170.9,62.36,54.24,8.55
2022-11-04,2257.9,2784.91,175.34,286.01,142.11,159.36,11768.99,64.33,59.66,8.61
2022-11-07,2288.45,2806.07,175.9,284.66,141.22,159.79,11695.58,65.26,58.9,8.59
2022-11-08,2293.28,2738.31,175.87,282.14,140.33,159.74,11523.07,64.7,57.67,8.61
2022-11-09,2339.91,2699.5,175.27,275.22,138.27,159.9,11329.21,63.61,56.94,8.63
2022-11-10,2304.53,2706.19,172.85,265.65,136.81,159.96,11446.39,63.7,55.59,8.66
2022-11-11,2534.51,2785.28,184.14,274.37,137.37,171.19,11858.85,64.57,56.37,8.74
2022-11-14,2635.82,2790.48,181.65,269.26,135.97,181.6,11896.49,61.86,54.34,8.74
2022-11-15,2629.39,2861.96,187.26,272.53,140.24,182.37,12323.3,61.84,56.03,8.78
2022-11-16,2550.59,2863.07,189.26,266.49,140.38,182.92,12301.96,62.38,55.08,8.76
2022-11-17,2542.55,2833.18,188.45,262.33,141.32,177.06,12160.34,61.08,52.97,8.78
2022-11-18,2516.81,2851.93,184.0,259.96,140.38,175.74,12161.35,61.17,50.98,8.78
2022-11-21,2503.95,2765.04,181.23,259.47,139.39,174.64,11795.45,60.54,52.3,8.8
2022-11-22,2508.77,2789.18,181.23,255.68,138.22,177.82,11950.42,61.8,50.29,8.91
2022-11-23,2491.08,2780.64,178.32,256.71,136.76,176.56,12020.65,63.46,49.04,8.97
2022-11-24,2576.32,2744.25,177.23,254.56,136.39,176.56,11795.53,63.61,49.35,8.95
2022-11-25,2785.38,2736.27,178.6,250.13,134.14,180.95,11811.2,65.45,47.59,9.1
2022-11-28,2753.22,2741.28,177.72,250.19,131.98,175.14,11717.07,65.69,46.88,8.93
2022-11-29,3028.22,2878.67,185.79,253.44,136.11,191.03,12408.67,65.43,48.83,9.1
2022-11-30,2999.27,2912.27,185.79,264.9,134.37,191.58,12408.67,66.08,52.21,9.06
2022-12-01,3055.56,3055.79,190.94,272.19,133.53,191.8,12655.44,64.59,50.77,8.95
2022-12-02,2957.46,3027.38,187.82,267.51,134.28,188.45,12679.35,63.57,48.23,8.93
2022-12-05,3042.69,3128.57,193.22,268.82,134.61,197.82,12920.07,64.52,48.25,9.06
2022-12-06,3084.51,3256.49,199.98,273.14,134.14,196.45,13099.33,64.78,48.66,9.08
2022-12-07,2975.15,3224.55,202.09,279.41,131.98,193.55,13068.29,63.25,49.85,9.03
2022-12-08,3116.67,3244.6,200.86,279.97,132.16,194.26,13091.73,62.94,49.73,9.06
2022-12-09,3290.35,3402.6,203.42,280.39,132.26,201.39,13425.26,62.97,49.55,9.06
2022-12-12,3127.93,3311.26,199.56,275.47,134.18,196.13,13495.26,61.5,48.38,8.99
2022-12-13,3132.75,3332.05,201.56,275.39,134.75,198.04,13580.47,61.97,47.48,9.06
2022-12-14,3095.76,3417.64,208.4,271.92,135.59,202.26,13742.42,62.34,47.3,9.03
2022-12-15,3074.86,3378.28,205.21,277.08,134.23,199.09,13867.52,61.39,49.16,8.97
2022-12-16,3116.67,3388.68,204.4,276.12,131.65,203.25,13866.59,61.82,46.55,9.03
2022-12-19,3111.84,3340.96,204.36,272.02,129.54,200.02,13758.95,60.87,47.59,8.97
2022-12-20,3008.92,3202.83,199.98,267.02,128.64,195.74,13308.86,60.37,46.49,8.91
2022-12-21,3007.31,3239.59,201.21,266.2,127.1,197.0,13495.1,59.98,45.44,8.95
2022-12-22,3012.14,3332.61,203.98,264.56,124.75,200.02,13720.15,59.53,45.41,8.99
2022-12-23,3020.18,3347.27,203.94,257.41,123.58,199.3,13743.43,59.85,43.34,8.95
2022-12-26,2954.24,3315.9,201.21,267.86,124.66,197.0,13518.85,59.85,45.57,8.97
2022-12-27,2976.76,3361.38,210.11,267.55,126.49,200.95,13619.84,60.72,45.72,9.06
2022-12-28,2988.01,3345.23,203.45,259.9,125.22,204.57,13619.84,60.91,43.22,9.1
2022-12-29,2920.47,3318.68,199.49,260.04,127.38,204.02,13509.81,59.63,41.32,9.06
2022-12-30,2926.9,3354.7,202.47,262.29,126.86,204.18,13572.69,59.74,41.55,9.14
2023-01-03,2931.73,3308.47,202.54,265.88,132.82,205.94,13596.34,60.59,43.44,9.08
2023-01-04,3066.82,3316.27,202.02,264.47,134.61,211.8,13557.05,59.98,42.33,9.18
2023-01-05,3108.63,3508.98,211.09,270.57,134.56,210.98,14154.26,59.7,42.7,9.12
2023-01-06,3090.94,3536.09,208.96,271.72,133.39,210.32,14176.03,59.74,42.82,9.14
2023-01-09,3020.18,3636.72,207.87,268.84,132.35,212.62,14470.2,59.92,43.07,9.12
2023-01-10,3023.39,3624.84,207.17,272.11,132.59,209.61,14574.33,59.35,45.72,9.06
2023-01-11,3053.95,3603.67,205.63,274.56,131.23,213.28,14499.67,62.34,44.5,9.08
2023-01-12,2991.23,3590.49,203.7,283.05,131.93,213.99,14413.61,62.3,44.51,9.06
2023-01-13,3020.18,3686.85,211.66,284.35,130.57,217.33,14830.14,62.68,43.76,9.14
2023-01-16,3007.31,3834.26,214.14,279.47,132.4,221.77,15033.7,61.91,41.3,9.14
2023-01-17,3013.75,3766.31,212.39,275.58,132.92,222.92,14995.19,61.99,41.34,9.12
2023-01-18,2971.93,3820.89,213.51,274.57,134.7,221.28,14877.3,61.67,41.04,9.14
2023-01-19,2983.19,3811.61,213.93,276.1,135.45,222.76,14776.78,61.78,40.52,9.12
2023-01-20,2988.01,3875.11,211.62,275.67,136.06,224.95,14618.03,62.1,41.09,9.12
2023-01-30,2909.21,4039.97,206.36,287.83,135.68,230.32,14838.0,60.69,42.51,9.1
2023-01-31,2941.38,3880.31,205.56,291.72,136.58,225.83,14506.03,61.41,42.53,9.1
2023-02-01,2925.29,3899.99,202.79,310.64,140.0,222.16,14499.83,61.17,43.45,9.08
2023-02-02,2923.69,3945.47,204.89,308.89,142.44,219.36,14430.19,61.62,44.11,9.06
2023-02-03,2889.91,3898.87,202.3,301.11,148.12,215.36,14287.87,61.11,42.23,9.06
2023-02-06,2778.95,3744.77,199.81,295.99,150.37,210.15,14107.11,60.82,41.54,9.03
2023-02-07,2823.98,3772.07,201.38,294.99,158.78,210.48,14122.82,60.89,41.79,9.03
2023-02-08,2814.33,3704.86,202.51,291.58,155.35,210.92,14020.66,60.37,41.23,9.06
2023-02-09,2841.67,3850.41,203.14,294.3,165.11,210.92,14287.87,60.63,42.14,9.06
2023-02-10,2841.67,3800.47,201.21,287.7,164.03,209.11,14224.99,59.92,40.95,9.08
2023-02-13,2840.06,3943.43,203.52,288.17,168.87,206.7,14589.26,59.33,41.37,9.03
2023-02-14,2848.1,3884.76,200.86,287.81,164.97,208.24,14490.55,59.53,40.96,9.06
2023-02-15,2788.6,3917.44,195.95,284.78,167.93,203.69,14468.62,58.86,40.55,9.03
2023-02-16,2786.99,3913.54,193.85,282.76,164.45,204.24,14632.25,58.19,39.02,9.01
2023-02-17,2748.39,3864.52,188.94,277.29,156.52,201.17,14309.71,58.47,37.22,9.01
2023-02-20,2823.98,3953.64,192.8,278.45,160.51,210.92,14735.83,59.66,37.97,9.08
2023-02-21,2835.24,3900.36,190.83,280.44,158.26,212.02,14672.96,60.33,38.87,9.1
2023-02-22,2803.07,3852.46,188.87,276.02,158.17,209.11,14429.33,60.26,39.17,9.06
2023-02-23,2809.51,3807.9,189.43,276.04,157.23,209.72,14287.87,60.61,38.86,9.06
2023-02-24,2769.3,3733.63,188.27,273.12,163.66,205.28,14052.09,60.24,38.47,9.03
2023-02-27,2762.87,3802.51,187.29,265.19,162.3,203.63,14228.21,60.48,38.78,9.03
2023-02-28,2756.44,3795.27,189.05,266.2,166.61,204.46,14254.39,60.57,39.12,9.06
2023-03-01,2769.3,3850.23,189.68,271.0,168.54,209.61,14449.21,60.69,40.52,9.06
2023-03-02,2690.5,3829.06,190.69,269.17,171.87,209.61,14366.46,60.95,40.01,9.1
2023-03-03,2703.36,3820.15,190.45,269.26,166.29,209.61,14288.18,61.56,40.01,9.18
2023-03-06,2645.47,3798.24,188.24,269.75,166.94,202.76,14202.52,60.87,40.0,9.16
2023-03-07,2594.01,3721.57,184.0,266.08,161.5,200.35,14054.45,62.45,39.24,9.25
2023-03-08,2587.58,3700.21,186.35,262.31,162.53,197.28,13913.93,61.6,39.3,9.27
2023-03-09,2592.4,3676.08,184.03,261.38,161.59,194.98,13910.79,61.75,39.98,9.22
2023-03-10,2545.76,3624.84,182.56,248.18,161.08,191.96,13753.45,60.82,38.42,9.14
2023-03-13,2547.37,3687.22,189.12,245.47,163.14,192.07,13847.76,62.77,37.76,9.27
2023-03-14,2532.9,3625.58,186.84,244.95,157.46,189.5,13879.19,62.14,40.31,9.29
2023-03-15,2550.59,3570.62,185.89,243.56,154.22,191.14,13760.68,62.38,40.51,9.39
2023-03-16,2532.9,3549.83,183.68,239.65,153.14,189.88,13769.09,60.65,40.29,9.52
2023-03-17,2557.02,3499.7,184.03,242.84,162.44,188.29,13690.57,61.8,41.26,9.52
2023-03-20,2528.07,3451.43,181.33,240.45,168.12,186.97,13593.12,62.36,42.44,9.5
2023-03-21,2531.29,3569.14,186.1,244.47,172.86,187.58,13949.92,61.71,42.92,9.37
2023-03-22,2557.02,3560.41,186.59,248.24,207.45,189.28,13936.96,62.45,42.09,9.52
2023-03-23,2550.59,3612.58,189.29,250.58,234.67,192.89,13948.82,63.55,41.77,9.52
2023-03-24,2542.55,3583.62,188.34,251.12,245.13,188.67,13978.37,62.68,41.81,9.43
2023-03-27,2487.87,3535.16,189.78,248.7,263.02,187.47,13893.26,59.87,40.94,9.39
2023-03-28,2468.57,3573.97,187.54,250.09,252.55,188.51,14003.37,59.22,40.4,9.46
2023-03-29,2475.0,3625.58,191.22,252.83,260.72,186.97,14067.81,58.99,39.47,9.5
2023-03-30,2508.77,3683.32,193.5,262.53,258.13,188.23,14146.4,60.85,39.97,9.52
2023-03-31,2450.88,3657.51,194.13,261.32,276.44,187.8,14303.58,60.93,39.33,9.39
2023-04-03,2478.22,3623.91,189.75,261.22,315.58,188.34,14162.67,60.33,37.54,9.37
2023-04-04,2436.41,3641.73,187.68,256.12,314.92,187.85,14261.07,61.02,36.97,9.52
2023-04-06,2418.72,3537.58,191.67,255.18,314.45,185.22,14122.51,60.39,35.37,9.54
2023-04-07,2544.15,3510.1,203.31,254.45,330.88,187.08,14075.59,60.0,35.52,9.54
2023-04-10,2524.86,3428.22,201.38,256.2,329.38,187.63,13923.99,59.72,34.34,9.58
2023-04-11,2579.53,3351.73,198.12,255.01,320.56,184.84,13718.08,59.66,34.64,9.58
2023-04-12,2581.14,3264.28,199.46,248.44,321.82,184.89,13314.12,60.24,33.88,9.71
2023-04-13,2548.98,3302.53,198.23,247.85,303.8,186.37,13541.25,60.93,33.16,9.75
2023-04-14,2542.55,3260.01,199.39,251.16,312.15,188.45,13465.96,61.43,33.97,9.75
2023-04-17,2561.84,3308.1,199.39,254.61,303.57,192.89,13777.02,62.81,34.98,9.96
2023-04-18,2557.02,3310.7,199.35,254.16,349.56,195.52,13816.32,63.53,34.92,10.05
2023-04-19,2489.48,3273.01,196.3,256.05,354.91,194.54,13824.18,63.36,34.08,10.02
2023-04-20,2481.43,3221.21,194.55,250.1,380.16,191.74,13689.63,63.27,33.07,9.98
2023-04-21,2460.53,3193.36,191.6,248.03,366.97,189.06,13560.66,62.79,32.13,9.9
2023-04-24,2396.2,3119.1,191.36,258.74,400.86,184.13,13399.79,62.53,30.96,9.94
2023-04-25,2392.98,3152.52,192.1,249.36,379.65,186.48,13599.25,62.27,30.19,10.0
2023-04-26,2380.12,3130.42,193.01,256.2,372.89,185.33,13705.58,62.06,30.68,10.0
2023-04-27,2399.42,3140.82,200.86,264.28,368.38,178.81,13815.69,62.12,30.11,10.0
2023-04-28,2434.8,3137.66,197.88,261.16,422.4,184.13,13836.12,62.9,30.67,9.94
2023-05-04,2404.24,3136.74,194.27,257.75,399.87,187.03,13752.66,63.96,30.24,10.42
2023-05-05,2499.12,3225.11,190.94,255.25,367.91,190.1,13753.45,64.65,29.25,10.51
2023-05-08,2505.56,3182.22,179.06,259.29,363.45,195.08,13521.76,68.63,29.17,11.16
2023-05-09,2487.87,3244.79,179.58,255.29,384.57,191.74,13533.39,68.53,28.78,11.1
2023-05-10,2460.53,3217.87,178.07,265.17,355.76,188.51,13556.97,67.83,29.81,10.59
2023-05-11,2460.53,3203.94,176.92,269.21,340.46,188.78,13494.65,67.12,29.99,10.53
2023-05-12,2421.93,3144.53,176.91,265.49,355.9,186.54,13410.79,66.71,29.02,10.49
2023-05-15,2421.93,3201.53,177.23,270.39,373.59,190.15,13488.59,66.73,29.45,10.61
2023-05-16,2397.81,3165.33,172.93,270.62,360.54,190.81,13386.35,67.4,29.01,10.55
2023-05-17,2376.9,3143.98,173.28,266.41,370.82,189.06,13368.35,66.56,29.12,10.51
2023-05-18,2351.17,3131.35,172.33,264.45,444.98,188.78,13289.76,66.88,28.74,10.78
2023-05-19,2338.31,3171.08,176.45,264.55,439.06,186.04,13356.56,66.9,28.5,10.61
2023-05-22,2359.21,3297.52,177.61,270.59,421.89,187.41,13722.01,66.69,28.02,10.68
2023-05-23,2335.09,3230.49,174.76,268.38,409.26,184.13,13553.43,66.54,27.35,10.38
2023-05-24,2269.15,3162.73,171.91,267.34,411.47,180.45,13446.15,65.3,27.02,10.02
2023-05-25,2282.02,3122.81,172.33,260.9,437.33,177.66,13368.35,65.0,26.93,9.98
2023-05-26,2285.24,3158.09,172.19,252.11,429.21,179.41,13286.3,63.38,27.49,10.11
2023-05-29,2256.29,3123.92,169.16,250.0,450.56,179.14,13274.04,63.7,27.09,10.21
2023-05-30,2309.36,3066.56,167.33,257.43,511.58,178.86,13111.28,63.1,26.61,10.15
2023-05-31,2290.06,2992.48,166.73,258.92,504.54,177.0,12801.71,61.06,26.79,10.17
2023-06-01,2251.46,3032.21,166.45,260.74,507.07,175.69,12856.88,60.5,26.37,10.24
2023-06-02,2335.09,3117.24,171.34,264.43,500.78,181.22,13129.43,61.13,27.8,10.28
2023-06-05,2309.36,3067.11,170.39,263.67,521.9,181.06,13085.42,61.78,27.61,10.45
2023-06-06,2325.44,3074.91,169.65,266.29,504.53,181.22,13101.06,63.4,26.78,10.45
2023-06-07,2351.17,3044.83,167.15,261.87,508.29,182.48,12974.61,63.42,26.3,10.55
2023-06-08,2394.59,3060.06,169.27,260.28,501.76,186.76,13109.0,64.03,25.79,10.72
2023-06-09,2359.21,3055.79,169.37,263.35,541.63,184.89,13093.28,63.7,26.39,10.68
2023-06-12,2343.13,3163.84,171.84,265.91,571.25,184.84,13329.05,64.52,29.03,10.47
2023-06-13,2351.17,3213.41,171.77,266.63,571.48,184.84,13352.63,64.07,30.55,10.53
2023-06-14,2315.79,3298.82,173.1,268.45,609.1,182.97,13571.74,64.96,31.85,10.26
2023-06-15,2367.25,3379.02,174.9,277.51,633.73,184.78,13792.74,64.89,35.04,10.34
2023-06-16,2338.31,3417.64,175.32,276.7,728.75,185.93,14128.25,64.8,36.04,10.28
2023-06-19,2282.02,3296.22,172.26,274.79,752.31,184.02,13706.29,64.5,39.65,10.17
2023-06-20,2253.07,3230.68,170.92,273.81,799.28,181.88,13702.05,64.46,42.01,10.17
2023-06-21,2241.81,3182.22,168.28,273.33,751.79,181.77,13642.08,64.48,39.85,10.21
2023-06-26,2211.26,3094.22,165.85,268.34,695.84,178.7,13431.22,64.22,42.52,10.05
2023-06-27,2304.53,3155.81,167.36,265.44,692.08,179.85,13447.33,64.85,41.92,10.13
2023-06-28,2286.84,3166.26,166.87,265.64,667.54,181.11,13583.53,65.69,40.55,10.15
2023-06-29,2253.07,3111.92,157.68,261.0,695.89,179.08,13468.24,65.22,40.52,10.07
2023-06-30,2254.68,3107.36,158.84,263.62,693.26,179.52,13493.78,66.51,38.2,10.15
2023-07-03,2275.59,3179.36,163.28,273.02,686.44,184.78,13757.91,67.4,42.03,10.28
2023-07-04,2254.68,3195.7,162.47,277.13,688.88,183.63,13809.78,67.29,44.63,10.17
2023-07-05,2246.64,3141.75,160.21,272.53,653.34,181.0,13688.33,67.98,45.52,10.15
2023-07-06,2246.64,3121.23,158.1,273.66,657.29,178.54,13589.38,67.46,48.44,10.05
2023-07-07,2230.56,3109.07,158.84,269.88,691.09,177.06,13486.04,67.62,47.11,10.02
2023-07-10,2236.99,3126.93,163.56,269.01,675.15,177.82,13572.78,67.46,45.95,10.05
2023-07-11,2228.95,3137.19,166.73,274.91,698.19,179.25,13645.4,67.17,50.54,10.17
2023-07-12,2200.0,3143.27,165.39,271.11,652.54,181.93,13675.72,66.96,48.29,10.13
2023-07-13,2219.3,3279.86,166.52,273.38,724.99,184.18,13872.02,67.57,47.64,10.26
2023-07-14,2216.08,3267.32,166.98,269.89,730.59,184.64,13988.53,68.0,46.14,10.26
2023-07-17,2204.83,3223.06,165.6,269.97,741.49,183.02,13804.75,65.41,47.29,10.26
2023-07-18,2203.22,3199.12,165.14,270.98,711.31,181.92,13747.54,65.57,45.71,10.2
2023-07-19,2235.38,3197.6,165.92,270.32,700.54,182.62,13749.13,65.88,44.58,10.24
2023-07-20,2232.17,3202.16,166.69,270.44,611.21,183.25,13757.11,65.41,42.79,10.29
2023-07-21,2248.25,3253.64,164.93,269.8,612.34,183.89,14134.56,65.2,42.6,10.29
2023-07-24,2219.3,3217.36,163.31,262.84,615.91,181.86,14133.36,64.98,42.43,10.26
2023-07-25,2399.42,3409.99,169.62,270.07,631.19,192.39,14591.4,66.51,42.98,10.38
2023-07-26,2391.38,3377.69,170.15,267.52,606.7,192.85,14591.4,67.03,40.39,10.4
2023-07-27,2368.86,3390.23,171.87,267.05,601.34,194.64,14667.05,66.87,39.9,10.56
2023-07-28,2449.27,3441.9,175.25,273.73,596.64,202.97,15137.61,66.94,43.89,10.76
2023-07-31,2452.49,3438.49,175.25,278.85,601.81,205.63,15006.59,66.87,46.95,10.71
2023-08-01,2426.76,3417.21,175.39,275.26,633.78,202.33,15073.78,67.01,46.48,10.74
2023-08-02,2421.93,3381.11,171.66,274.75,629.08,196.78,15001.96,65.76,44.68,10.49
2023-08-03,2468.57,3392.89,174.09,274.99,613.61,200.54,14989.75,65.71,44.82,10.6
2023-08-04,2450.88,3405.81,172.93,275.06,657.99,201.7,15109.44,65.5,44.47,10.65
2023-08-07,2368.86,3368.39,171.66,273.72,666.46,199.5,15065.24,65.64,44.06,10.58
2023-08-08,2344.74,3360.22,171.06,269.93,632.42,197.48,15081.76,65.78,42.24,10.51
2023-08-09,2364.04,3365.92,171.48,269.52,596.36,196.73,15083.99,65.57,41.68,10.58
2023-08-10,2372.08,3349.39,172.22,269.32,583.05,197.42,14962.06,66.26,41.23,10.53
2023-08-11,2347.96,3274.35,167.89,265.78,573.51,191.69,14634.89,64.82,40.89,10.35
2023-08-14,2315.79,3203.3,165.95,252.01,580.75,187.7,14387.52,64.46,39.39,10.24
2023-08-15,2298.1,3163.03,165.43,250.7,573.13,187.13,14467.15,64.84,38.97,10.42
2023-08-16,2338.31,3166.83,163.31,250.35,568.94,184.87,14523.17,64.56,37.32,10.42
2023-08-17,2336.7,3199.88,163.95,252.21,574.77,183.83,14587.41,64.58,36.87,10.33
2023-08-18,2301.32,3106.6,162.29,246.34,543.09,184.35,14384.24,64.44,36.41,10.35
2023-08-21,2248.25,3076.97,157.29,240.32,554.18,180.01,14291.76,63.64,35.3,10.24
2023-08-22,2254.68,3080.39,156.06,240.45,592.41,181.11,14267.82,64.84,35.85,10.38
2023-08-23,2222.52,3039.73,155.0,235.89,559.49,178.39,14156.1,66.07,34.41,10.42
2023-08-24,2204.83,3082.48,154.89,240.82,568.9,179.61,14493.65,65.52,34.17,10.31
2023-08-25,2273.31,3068.99,153.17,238.46,502.84,182.5,14562.91,65.71,33.29,10.47
2023-08-28,2376.49,2991.86,155.0,241.46,524.23,186.55,14642.63,67.15,34.96,10.62
2023-08-29,2401.86,3028.15,156.94,252.93,541.58,185.28,14773.18,67.01,37.77,10.4
2023-08-30,2401.86,2998.13,154.47,256.09,545.39,183.08,14810.44,66.63,38.12,10.31
2023-08-31,2307.14,2961.85,153.17,255.68,538.9,182.44,14738.63,66.37,37.45,10.38
2023-09-01,2376.49,3034.61,153.87,255.4,527.29,186.61,14770.94,67.74,38.33,10.26
2023-09-04,2374.8,3190.19,158.06,258.81,528.23,193.89,14890.24,69.7,42.16,10.33
2023-09-05,2347.74,3148.21,157.82,255.3,512.52,191.46,14831.99,70.12,42.65,10.31
2023-09-06,2396.79,3147.64,156.09,256.76,515.77,192.91,14850.34,69.93,45.62,10.35
2023-09-07,2368.03,3098.44,152.74,254.66,499.83,191.64,14666.81,70.19,43.9,10.38
2023-09-08,2352.81,3076.02,150.74,250.2,494.85,191.81,14511.2,69.37,45.41,10.31
2023-09-11,2317.29,3122.18,153.24,253.23,513.42,190.31,14540.49,70.19,46.21,10.31
2023-09-12,2308.83,3096.16,152.25,258.34,516.8,190.13,14522.85,70.24,45.08,10.33
2023-09-13,2303.76,3108.88,149.75,257.89,501.52,189.38,14522.45,71.3,43.08,10.38
2023-09-14,2285.15,3077.54,148.23,249.77,482.62,191.23,14512.72,73.39,47.39,10.51
2023-09-15,2269.93,3034.04,147.18,250.44,463.96,190.6,14219.86,73.44,48.17,10.4
2023-09-18,2251.32,3092.74,148.13,253.61,449.01,190.94,14596.59,73.58,52.99,10.42
2023-09-19,2249.63,3056.83,146.05,253.4,453.71,190.6,14578.55,73.94,54.65,10.51
2023-09-20,2247.94,3036.51,144.61,250.15,456.76,189.27,14555.09,74.15,52.57,10.53
2023-09-21,2242.87,2995.09,141.44,245.72,457.8,187.18,14350.73,73.42,53.3,10.53
2023-09-22,2264.86,3038.03,144.64,251.22,522.26,192.79,14754.58,73.63,51.94,10.65
2023-09-25,2222.57,3018.65,142.32,251.99,505.43,190.83,14621.96,73.87,53.25,10.62
2023-09-26,2210.73,2975.9,142.32,244.51,525.64,189.67,14491.25,73.42,52.58,10.56
2023-09-27,2207.35,2974.76,143.37,243.82,536.32,189.79,14475.29,72.71,52.63,10.44
2023-09-28,2212.42,2965.46,143.73,242.66,544.45,190.65,14352.01,73.51,57.89,10.51
2023-10-09,2180.28,2930.69,144.15,243.97,522.16,188.4,14180.04,74.34,63.68,10.49
2023-10-10,2168.44,2914.35,143.73,243.9,514.59,188.46,14124.18,73.18,70.05,10.51
2023-10-11,2159.99,2919.86,144.11,244.6,515.91,187.65,14192.01,72.71,68.27,10.6
2023-10-12,2171.83,2958.43,145.8,250.61,501.52,191.23,14251.86,72.33,69.14,10.87
2023-10-13,2129.54,2918.53,145.49,246.42,481.31,188.57,13972.57,72.5,76.05,10.98
2023-10-16,2065.26,2852.23,143.73,243.49,470.21,186.84,13804.19,74.05,79.04,11.05
2023-10-17,2026.36,2857.36,143.2,244.0,472.8,188.05,13773.07,74.43,81.15,11.05
2023-10-18,1980.69,2835.14,140.2,255.35,458.17,187.88,13789.03,74.45,89.26,11.07
2023-10-19,1938.41,2740.34,137.38,246.66,444.96,182.56,13007.02,72.92,82.69,10.85
2023-10-20,1972.23,2729.89,136.61,245.23,442.28,183.02,13126.71,72.52,84.23,10.76
2023-10-23,1965.47,2730.84,137.81,244.66,451.83,180.59,13118.57,72.88,88.59,10.83
2023-10-24,1972.23,2736.54,138.23,241.48,450.42,181.0,13110.35,72.08,83.9,10.69
2023-10-25,1979.0,2837.04,139.15,243.38,413.79,181.69,13386.06,71.53,85.13,10.58
2023-10-26,1957.01,2869.52,138.02,244.62,422.68,182.15,13344.0,71.98,85.77,10.76
2023-10-27,1967.16,2906.37,141.58,248.05,420.37,182.33,13379.75,71.51,82.92,10.71
2023-10-30,1962.09,2974.95,144.43,250.76,422.3,178.68,13413.98,70.0,86.04,10.53
2023-10-31,1916.42,2963.56,138.44,244.55,412.57,177.87,13442.55,71.44,84.67,10.62
2023-11-01,1918.11,3039.54,137.42,242.15,400.67,176.08,14211.88,71.37,85.97,10.71
2023-11-02,1897.81,2999.65,135.38,240.72,404.01,177.41,14199.99,71.84,88.45,10.74
2023-11-03,1906.27,3033.28,137.46,244.66,416.8,179.2,14453.27,71.56,92.47,10.65
2023-11-06,2024.67,3036.51,141.37,249.02,429.82,180.07,14459.33,69.46,101.72,10.58
2023-11-07,2017.9,3026.44,140.56,247.04,466.4,178.1,14293.11,69.86,97.83,10.6
2023-11-08,2051.73,3013.52,140.7,246.05,454.41,176.95,14350.33,70.12,99.02,10.58
2023-11-09,2022.98,3012.0,140.98,245.33,474.82,177.3,14316.58,72.38,92.68,10.74
2023-11-10,2011.14,2980.65,141.44,242.93,477.4,174.4,14170.79,73.28,84.87,10.74
2023-11-13,1982.38,2942.28,142.14,243.09,493.2,172.44,14076.3,72.88,83.85,10.69
2023-11-14,1992.53,2961.66,143.62,243.62,493.72,174.64,14086.44,72.22,84.13,10.76
2023-11-15,2011.14,2987.3,144.39,244.65,488.97,177.18,14147.56,72.43,86.85,10.76
2023-11-16,1995.91,2970.59,144.61,244.3,470.35,176.6,14044.78,72.5,85.62,10.78
2023-11-17,1965.47,2944.56,144.25,242.73,496.45,175.39,13991.88,72.57,86.47,10.74
2023-11-20,1957.01,2933.16,146.16,240.92,481.21,176.83,14064.34,72.38,84.35,10.8
2023-11-21,2016.21,2950.26,147.07,240.1,486.95,175.97,14283.78,72.36,84.1,10.8
2023-11-22,2002.68,2916.25,144.36,235.79,457.75,174.4,14216.03,72.22,81.03,10.78
2023-11-23,2058.5,2907.89,144.43,234.6,461.42,174.29,14251.86,72.92,81.78,10.78
2023-11-24,2050.04,2910.93,144.82,222.31,443.83,173.48,14180.04,73.16,78.98,10.78
2023-11-27,1995.91,2835.33,143.9,214.16,460.2,170.01,14068.32,73.63,79.06,10.74
2023-11-28,1987.46,2825.83,147.25,215.2,445.48,168.62,14116.52,73.02,82.01,10.76
2023-11-29,1938.41,2817.28,146.68,207.07,445.43,166.54,14161.77,73.44,77.93,10.71
2023-11-30,1935.02,2833.43,148.87,204.17,446.28,166.48,14295.75,74.2,78.64,10.8
2023-12-01,1928.26,2796.57,146.83,202.01,470.16,163.42,14046.62,74.24,80.4,10.8
2023-12-04,1891.04,2770.74,145.66,201.34,483.23,162.38,13970.25,74.83,79.69,10.78
2023-12-05,1825.08,2710.32,142.6,201.29,473.92,159.08,13637.42,73.7,77.36,10.69
2023-12-06,1835.23,2737.49,142.14,206.26,473.36,160.53,13589.54,73.14,77.3,10.56
2023-12-07,1843.68,2707.47,142.39,204.48,490.71,160.81,13565.6,72.03,83.57,10.62
2023-12-08,1823.39,2715.26,145.1,203.55,552.44,159.02,13604.86,72.05,82.07,10.62
2023-12-11,1798.01,2644.4,146.54,204.21,564.9,160.53,13549.64,73.23,82.76,10.62
2023-12-12,1862.29,2646.3,145.94,201.28,540.5,162.2,13645.32,73.63,84.99,10.76
2023-12-13,1799.71,2541.44,142.14,196.63,533.17,157.4,13246.41,72.52,83.9,10.76
2023-12-14,1776.03,2519.97,141.75,196.0,530.39,156.3,13054.1,72.31,85.67,10.71
2023-12-15,1799.71,2539.92,141.3,198.15,517.41,157.46,13126.71,71.65,89.35,10.62
2023-12-18,1782.79,2545.62,141.86,193.82,533.12,157.75,13262.37,72.45,93.4,10.71
2023-12-19,1755.73,2532.89,140.24,192.74,532.18,157.81,13366.11,72.57,93.44,10.76
2023-12-20,1735.43,2510.09,139.08,189.54,513.89,156.48,13316.84,73.11,86.03,10.76
2023-12-21,1762.49,2547.52,140.7,194.46,536.88,160.24,13479.97,72.5,86.24,10.76
2023-12-22,1755.73,2534.6,139.75,197.09,519.01,159.66,13485.21,73.94,87.34,10.74
2023-12-25,1742.2,2556.07,139.78,197.02,523.06,159.2,13496.11,74.83,87.95,10.78
2023-12-26,1720.21,2551.7,138.55,196.58,502.89,157.69,13479.97,73.77,86.2,10.83
2023-12-27,1720.21,2542.39,137.53,196.27,503.69,157.87,13456.24,74.57,81.46,10.85
2023-12-28,1779.41,2661.5,140.84,203.04,512.52,161.86,13923.84,73.56,74.79,10.71
2023-12-29,1769.26,2665.49,142.32,202.99,530.86,160.87,13931.99,73.87,79.17,10.74
2024-01-02,1716.82,2583.61,138.09,197.45,520.05,159.48,13601.13,76.29,76.21,10.76
2024-01-03,1713.44,2562.34,136.65,198.04,493.62,160.58,13673.69,77.71,75.73,10.87
2024-01-04,1679.61,2513.7,134.74,197.88,488.97,160.81,13471.9,78.77,72.23,10.98
2024-01-05,1689.76,2493.19,134.71,197.53,470.3,163.59,13426.37,78.81,72.88,10.94
2024-01-08,1661.01,2433.54,134.92,194.17,464.52,162.67,13270.02,79.28,70.02,10.96
2024-01-09,1671.16,2428.03,137.24,197.72,476.37,162.9,13245.88,80.23,68.64,10.96
2024-01-10,1647.48,2446.83,137.53,195.08,470.16,162.2,13249.92,79.76,71.17,10.89
2024-01-11,1650.86,2462.41,138.97,201.74,486.1,164.11,13290.84,78.34,71.22,10.74
2024-01-12,1640.71,2445.88,136.86,200.8,472.8,165.04,13262.51,79.21,69.2,10.8
2024-01-15,1642.4,2444.55,136.82,199.51,479.0,166.37,13237.81,80.2,69.58,10.92
2024-01-16,1625.49,2439.42,138.44,200.22,471.53,168.45,13233.21,80.77,68.89,10.98
2024-01-17,1579.82,2377.3,136.33,191.51,465.56,168.79,12729.29,80.44,67.08,10.87
2024-01-18,1589.97,2429.74,136.89,195.28,516.38,171.05,13002.68,80.27,66.94,10.89
2024-01-19,1591.66,2448.54,135.1,194.11,521.88,171.92,13197.45,78.34,64.78,10.98
2024-01-22,1530.77,2412.64,132.66,190.01,524.7,174.92,13253.96,77.66,62.55,10.98
2024-01-23,1552.75,2419.86,131.33,192.58,535.99,173.42,13068.3,79.21,64.37,10.98
2024-01-24,1591.66,2432.59,132.91,193.45,534.58,174.0,13124.81,81.55,64.44,11.16
2024-01-25,1684.69,2490.72,135.34,194.68,556.44,178.68,13221.67,82.75,67.54,11.25
2024-01-26,1725.28,2488.63,133.37,190.54,545.2,179.96,13216.18,84.35,65.76,11.43
2024-01-29,1701.6,2503.45,129.81,182.94,488.12,181.29,13318.53,84.0,62.97,11.59
2024-01-30,1655.93,2426.13,121.22,176.3,475.81,179.26,13019.87,84.26,61.09,11.52
2024-01-31,1623.79,2399.34,124.07,175.03,483.33,177.58,12954.57,87.46,59.03,11.61
2024-02-01,1596.73,2403.14,122.27,175.2,522.12,175.91,12995.9,85.53,60.7,11.54
2024-02-02,1605.19,2352.23,120.05,171.21,516.47,174.81,12882.65,87.23,60.79,11.61
2024-02-05,1552.75,2404.47,121.11,172.23,526.58,177.58,13157.17,89.84,58.29,11.88
2024-02-06,1608.57,2526.43,127.7,180.3,587.14,181.17,13528.4,88.92,64.12,11.95
2024-02-07,1610.26,2543.15,129.78,184.08,585.87,181.05,13810.83,90.92,70.53,11.75
2024-02-08,1701.6,2537.83,132.28,185.73,597.11,181.57,13770.55,89.7,74.5,11.59
2024-02-19,1664.39,2586.46,133.3,188.12,716.53,182.85,13685.23,93.8,77.04,11.84
2024-02-20,1674.54,2552.84,134.81,183.53,749.91,181.57,13479.97,93.68,73.45,12.02
2024-02-21,1726.97,2678.98,138.62,187.61,705.06,190.83,13864.67,93.26,73.2,12.15
2024-02-22,1716.82,2680.5,138.51,187.6,726.45,189.67,13870.48,96.2,74.26,12.17
2024-02-23,1725.28,2692.09,138.62,187.28,694.57,190.54,13835.85,93.89,81.69,12.31
2024-02-26,1688.07,2655.04,138.02,190.69,700.68,186.49,13681.6,90.95,83.17,11.95
2024-02-27,1701.6,2655.04,136.72,198.58,761.38,186.08,13637.37,90.9,91.36,11.9
2024-02-28,1679.61,2650.67,133.86,192.74,704.35,185.16,13573.2,91.89,86.83,11.97
2024-02-29,1698.22,2702.35,135.1,196.02,729.51,185.28,13681.76,90.95,95.52,11.97
2024-03-01,1672.85,2708.8,134.04,197.02,757.43,184.7,13601.53,90.43,95.9,11.99
2024-03-04,1595.04,2665.87,133.47,194.04,778.87,182.27,13530.82,91.87,96.27,11.95
2024-03-05,1603.5,2689.81,133.86,195.63,795.33,186.08,13682.57,93.19,94.55,12.26
2024-03-06,1578.13,2641.74,132.45,196.48,786.49,184.29,13565.12,92.88,101.03,12.02
2024-03-07,1557.83,2626.36,131.08,193.65,771.73,185.04,13589.99,94.46,99.74,12.08
2024-03-08,1552.75,2629.59,131.54,192.83,822.74,183.14,13491.51,93.66,98.81,12.11
2024-03-11,1600.11,2681.64,134.11,203.75,802.1,182.04,13677.65,91.18,106.19,12.06
2024-03-12,1691.45,2817.47,138.12,210.27,775.06,184.75,14085.35,87.6,105.53,11.68
2024-03-13,1639.02,2807.02,137.21,211.56,775.77,182.27,13943.69,87.34,105.88,11.61
2024-03-14,1642.4,2841.21,136.29,217.42,797.07,180.71,13856.36,88.17,103.17,11.66
2024-03-15,1601.81,2896.88,137.28,214.75,833.88,180.3,13863.3,87.91,102.29,11.7
2024-03-18,1596.73,2916.06,137.17,223.52,846.25,180.01,13788.8,86.61,108.85,11.63
2024-03-19,1578.13,2989.58,135.66,222.26,817.19,178.1,13786.86,87.96,107.19,11.57
2024-03-20,1583.2,2981.6,138.2,223.98,794.39,180.3,13799.61,88.33,107.28,11.68
2024-03-21,1589.97,2975.14,136.57,224.47,788.37,182.44,13794.77,88.76,103.88,11.72
2024-03-22,1566.29,2914.73,134.0,222.42,788.37,180.42,13733.02,89.39,104.63,11.79
2024-03-25,1579.82,2882.25,133.05,219.6,782.87,181.29,13633.41,90.74,99.89,11.88
2024-03-26,1600.11,2948.74,133.65,225.13,745.21,187.36,13797.11,89.6,94.45,11.97
2024-03-27,1557.83,2900.11,128.16,217.32,724.99,186.78,13730.19,91.51,92.98,12.04
2024-03-28,1562.9,2908.46,128.01,213.63,727.3,186.08,13735.36,91.04,94.24,11.79
2024-03-29,1522.31,2916.25,128.23,208.18,736.09,186.2,13745.53,92.1,90.39,11.86
2024-04-01,1518.92,2987.87,128.65,217.35,766.37,188.74,13894.29,90.43,93.96,11.88
2024-04-02,1437.74,2954.06,125.97,217.69,764.25,188.22,13835.05,92.01,92.21,11.99
2024-04-03,1385.3,2936.96,124.49,213.4,733.92,186.37,13844.09,93.28,89.78,11.97
2024-04-08,1353.16,2798.09,122.73,217.34,773.7,187.36,13453.01,93.26,92.01,12.13
2024-04-09,1351.47,2782.7,122.8,217.42,775.3,186.84,13417.17,93.52,88.88,11.97
2024-04-10,1282.12,2718.87,121.29,217.18,749.91,187.88,13302.23,94.55,86.39,11.99
2024-04-11,1258.44,2704.06,120.23,218.35,752.97,186.78,13302.39,94.25,88.56,11.95
2024-04-12,1200.93,2668.91,120.79,215.91,796.13,185.74,13189.62,93.61,93.3,11.95
2024-04-15,1207.7,2798.66,122.73,219.0,796.93,189.84,13504.02,96.72,89.94,12.17
2024-04-16,1195.86,2754.02,120.37,216.96,782.16,189.38,13479.97,98.25,90.77,12.29
2024-04-17,1200.93,2760.29,122.77,218.37,820.95,192.56,13455.75,98.72,98.35,12.35
2024-04-18,1163.72,2754.21,122.94,218.98,815.17,194.59,13486.26,97.45,95.36,12.4
2024-04-19,1133.27,2714.69,121.18,215.42,802.57,194.41,13291.41,98.7,99.21,12.47
2024-04-22,1131.58,2746.23,125.44,213.81,744.55,192.79,13520.81,94.95,98.63,12.31
2024-04-23,1111.28,2793.15,124.67,210.21,740.55,193.02,13659.81,94.01,96.68,12.35
2024-04-24,1106.21,2830.2,123.61,212.65,791.14,193.49,13670.46,93.78,93.68,12.29
2024-04-25,1107.9,2830.2,127.13,214.2,771.77,198.92,13665.94,94.15,93.96,12.33
2024-04-26,1162.03,2892.32,128.01,224.9,869.14,199.39,13798.24,93.19,98.49,12.13
2024-04-29,1278.74,2882.82,128.3,226.96,882.5,201.7,13754.41,91.89,99.12,12.08
2024-04-30,1253.37,2857.74,127.7,224.01,875.96,198.4,13762.48,93.85,94.71,12.2
2024-05-06,1261.82,2944.75,130.83,232.0,861.43,201.7,14208.05,93.19,95.02,12.06
2024-05-07,1271.97,2962.42,131.43,235.67,831.2,201.64,14287.15,94.08,90.37,12.13
2024-05-08,1217.85,2944.56,129.88,231.93,821.85,199.91,14238.48,96.96,88.14,12.15
2024-05-09,1234.76,2941.52,132.63,233.9,814.23,201.47,14174.14,96.25,88.5,12.08
2024-05-10,1278.74,2933.73,132.95,233.54,804.92,205.98,14036.76,96.53,87.92,12.13
2024-05-13,1255.06,2870.47,131.4,231.39,806.57,207.65,13770.55,96.08,88.71,12.15
2024-05-14,1261.82,2875.03,133.33,230.58,777.79,204.36,13738.1,94.88,90.68,12.06
2024-05-15,1307.49,2875.6,131.22,224.66,784.09,202.68,13722.12,94.65,88.28,12.08
2024-05-16,1383.61,2926.51,130.22,223.81,801.63,209.62,13758.45,93.3,88.32,12.15
2024-05-17,1522.31,2971.35,135.87,225.12,802.0,213.09,13843.2,93.99,91.62,12.29
2024-05-20,1552.75,2988.25,137.05,228.49,831.53,210.37,13794.77,96.44,91.97,12.26
2024-05-21,1554.45,2973.81,139.81,224.29,834.21,209.56,13762.48,98.89,91.38,12.35
2024-05-22,1589.97,2946.84,137.88,222.39,814.18,208.52,13703.64,98.35,90.44,12.38
2024-05-23,1617.03,2917.96,137.88,220.37,817.1,205.28,13657.63,98.96,88.85,12.33
2024-05-24,1520.62,2871.42,135.94,214.57,777.6,200.89,13537.12,97.33,87.39,12.22
2024-05-27,1500.32,2879.59,136.01,213.6,791.71,203.2,13480.94,98.96,89.98,12.31
2024-05-28,1441.12,2850.14,134.73,212.6,757.01,201.41,13436.7,101.08,89.1,12.33
2024-05-29,1451.27,2834.57,134.4,230.36,756.96,199.91,13512.25,102.38,90.32,12.29
2024-05-30,1398.83,2778.52,132.26,233.6,752.12,198.58,13310.46,101.53,89.37,12.22
2024-05-31,1395.45,2786.88,131.9,234.79,739.43,198.23,13306.02,99.74,92.4,12.2
2024-06-03,1368.39,2773.2,133.33,243.07,791.52,197.48,13232.89,102.12,94.02,12.22
2024-06-04,1414.05,2807.4,134.65,244.15,813.38,199.73,13344.36,99.76,91.0,12.29
2024-06-05,1371.77,2769.03,134.98,246.86,784.98,196.55,13270.1,100.73,90.44,12.26
2024-06-06,1356.55,2752.69,133.62,244.51,822.9,196.61,13236.28,104.05,91.12,12.26
2024-06-07,1381.92,2704.06,135.51,241.43,784.12,196.55,13069.76,104.02,90.05,12.4
2024-06-11,1354.85,2630.73,132.76,250.79,780.84,192.91,12664.71,102.35,89.37,12.22
2024-06-12,1334.56,2619.71,133.51,249.02,782.16,191.35,12686.34,105.2,89.35,12.13
2024-06-13,1304.11,2556.26,130.65,259.36,811.62,189.79,12551.79,105.04,89.77,12.2
2024-06-14,1343.01,2577.53,131.33,259.43,907.41,195.51,12551.71,104.5,91.22,12.35
2024-06-17,1293.96,2578.48,130.79,263.69,935.03,195.05,12442.74,102.59,96.52,12.2
2024-06-18,1273.66,2543.53,129.32,262.08,963.9,194.93,12281.3,102.66,104.27,12.24
2024-06-19,1263.52,2549.8,130.22,260.4,957.93,197.48,12366.79,102.35,104.01,12.35
2024-06-20,1219.54,2511.42,129.18,257.84,949.4,196.67,12359.37,105.16,105.14,12.4
2024-06-21,1216.15,2473.43,128.5,256.99,938.25,194.87,12119.62,103.93,103.54,12.38
2024-06-24,1182.33,2489.2,126.35,256.24,919.94,197.01,12165.34,104.26,98.95,12.51
2024-06-25,1202.62,2498.32,127.14,260.41,885.1,198.34,12248.56,103.51,89.05,12.58
2024-06-26,1216.15,2494.33,127.96,259.09,918.56,196.96,12269.73,103.08,89.45,12.64
2024-06-27,1184.02,2462.98,126.06,255.79,893.24,198.11,12280.2,102.49,87.79,12.8
2024-06-28,1172.18,2432.4,127.75,256.56,904.65,197.71,12089.87,104.54,94.68,12.8
2024-07-01,1233.07,2437.34,126.35,253.02,950.71,198.69,11867.34,106.69,95.93,13.07
2024-07-02,1206.01,2499.27,124.92,250.12,955.37,202.85,12281.93,107.91,93.49,13.41
2024-07-03,1211.08,2488.63,123.2,249.22,941.53,199.27,12358.55,106.62,91.9,13.23
2024-07-04,1173.87,2480.84,123.2,250.79,938.31,200.72,12241.06,106.97,90.05,13.39
2024-07-05,1163.72,2449.68,123.2,248.13,928.4,195.92,11971.31,106.26,90.29,13.09
2024-07-08,1128.2,2391.93,123.2,251.16,947.37,196.55,11699.43,107.6,89.92,13.23
2024-07-09,1134.97,2413.97,124.02,258.96,1012.58,199.33,11847.98,107.65,92.91,13.34
2024-07-10,1124.82,2403.9,124.74,258.86,1033.58,200.54,11844.35,103.46,88.52,13.48
2024-07-11,1151.88,2478.75,125.63,259.44,1005.56,201.72,12046.21,103.39,89.22,13.32
2024-07-12,1175.56,2510.08,125.42,269.24,984.96,208.46,12184.05,102.22,85.22,13.66
2024-07-15,1155.26,2512.05,124.2,268.3,981.42,207.11,12151.75,105.15,80.39,13.93
2024-07-16,1170.49,2511.65,124.27,265.52,971.84,207.18,12160.81,105.2,80.73,13.92
2024-07-17,1204.31,2576.28,127.46,266.05,929.78,208.89,12370.08,103.48,78.88,13.96
2024-07-18,1207.7,2582.97,128.75,268.02,918.56,209.01,12338.03,104.3,80.29,13.96
2024-07-19,1194.17,2628.68,129.86,270.71,885.63,210.0,12569.63,104.11,78.24,13.96
2024-07-22,1180.63,2585.34,129.97,272.3,883.13,204.42,12350.31,103.51,81.53,13.8
2024-07-23,1158.65,2498.25,127.6,259.61,858.99,204.42,11987.79,101.85,79.12,14.2
2024-07-24,1124.82,2483.67,126.24,256.29,855.18,203.44,11864.37,103.58,76.93,14.32
2024-07-25,1133.27,2478.16,126.24,256.7,802.23,201.29,11785.85,102.32,75.71,14.32
2024-07-26,1156.95,2486.43,125.13,261.37,815.22,198.47,11717.47,101.2,76.91,14.01
2024-07-29,1131.58,2445.06,122.59,258.52,850.26,198.96,11518.33,101.3,81.0,14.13
2024-07-30,1141.73,2429.1,120.87,253.13,837.6,198.78,11369.78,98.72,78.57,14.15
2024-07-31,1199.24,2499.44,125.46,256.39,849.67,200.68,11709.97,98.6,82.74,13.82
2024-08-01,1167.1,2443.09,124.06,253.43,852.3,200.55,11420.62,97.76,81.09,13.89
2024-08-02,1151.88,2437.18,123.16,243.66,780.65,197.92,11414.77,97.01,79.23,13.89
2024-08-05,1146.81,2482.49,123.2,239.92,722.52,196.81,11617.12,95.42,78.0,13.87
2024-08-06,1163.72,2480.52,123.49,237.6,751.12,194.36,11573.37,94.63,79.24,13.7
2024-08-07,1148.5,2502.19,124.02,237.61,743.51,193.63,11662.35,96.44,80.45,13.75
2024-08-08,1170.49,2528.79,126.14,235.01,725.01,195.77,11787.5,96.47,78.75,13.87
2024-08-09,1214.46,2523.47,124.95,240.38,738.33,198.22,11837.84,96.86,78.97,13.99
2024-08-12,1163.72,2516.18,123.56,239.11,743.71,196.94,11832.07,97.48,80.32,14.15
2024-08-13,1155.26,2474.61,122.05,237.38,767.26,195.83,11724.23,96.94,80.38,14.18
2024-08-14,1146.81,2449.59,120.8,235.17,759.65,195.34,11644.22,97.06,78.64,14.22
2024-08-15,1168.79,2461.8,123.02,240.24,755.19,200.86,11756.19,99.69,80.53,14.29
2024-08-16,1150.19,2462.99,123.95,244.0,787.08,203.25,11791.7,100.53,85.03,14.51
2024-08-19,1150.19,2442.1,122.91,244.32,798.1,204.91,11744.25,100.09,86.97,14.81
2024-08-20,1128.2,2426.34,122.41,245.42,798.43,205.27,11721.84,98.45,85.51,15.1
2024-08-21,1107.9,2407.62,122.7,250.11,801.91,203.8,11679.49,98.65,86.23,14.89
2024-08-22,1094.37,2383.78,121.95,249.61,796.46,204.17,11617.45,99.04,79.95,15.17
2024-08-23,1084.22,2386.15,123.74,248.39,786.82,206.62,11658.15,99.91,83.45,15.26
2024-08-26,1104.52,2327.24,123.49,248.46,750.2,207.05,11633.51,100.09,81.63,15.19
2024-08-27,1067.31,2318.96,121.66,249.9,743.05,206.62,11568.18,103.44,78.51,15.43
2024-08-28,1052.08,2246.06,118.94,245.8,738.52,206.5,11444.02,102.72,74.14,15.33
2024-08-29,1055.47,2340.24,127.57,243.73,699.68,201.9,11644.22,101.08,74.74,14.7
2024-08-30,1143.42,2423.98,130.11,258.85,714.51,197.12,11890.49,100.58,79.51,14.13
2024-09-02,1085.91,2344.58,129.75,250.21,683.21,195.77,11493.45,101.9,76.89,14.03
2024-09-03,1102.83,2370.58,133.19,256.42,690.96,193.87,11617.04,99.67,77.77,13.61
2024-09-04,1092.68,2346.74,132.44,259.78,668.58,192.28,11534.65,98.38,77.46,13.49
2024-09-05,1114.67,2355.41,131.29,262.41,667.07,191.3,11574.85,96.04,79.82,13.3
2024-09-06,1094.37,2315.61,130.04,261.11,652.31,191.6,11518.17,94.36,78.63,13.33
2024-09-09,1077.46,2289.8,129.39,259.43,669.24,185.41,11328.67,92.32,79.15,13.26
2024-09-10,1065.62,2293.94,129.68,259.09,698.3,185.1,11353.39,92.99,78.87,13.4
2024-09-11,1067.31,2285.67,130.54,267.86,696.66,184.43,11369.86,91.13,77.92,13.09
2024-09-12,1067.31,2233.45,129.89,266.73,708.61,185.35,10999.6,93.29,77.65,13.09
2024-09-13,1069.0,2151.49,129.29,264.63,760.7,187.62,10744.77,93.89,76.62,13.14
2024-09-18,1097.75,2121.74,130.97,268.2,745.61,190.74,10438.03,94.85,78.26,13.42
2024-09-19,1145.11,2184.99,132.15,265.01,721.93,188.97,10389.42,94.26,79.16,13.35
2024-09-20,1165.41,2172.77,134.44,265.78,715.17,189.7,10413.48,95.5,78.5,13.4
2024-09-23,1172.18,2212.37,134.44,259.45,714.51,192.46,10393.87,96.99,80.86,13.51
2024-09-24,1204.31,2371.37,136.91,263.9,801.51,203.13,11308.9,102.15,81.38,14.18
2024-09-25,1236.45,2405.65,137.98,272.74,800.4,209.38,11526.41,103.63,81.07,14.27
2024-09-26,1359.93,2646.22,145.18,279.8,850.85,216.92,12597.48,105.99,83.01,14.65
2024-09-27,1495.24,2910.82,152.77,294.73,876.57,218.46,13423.03,103.71,85.41,14.2
2024-09-30,1644.09,3201.82,161.0,318.93,1016.06,230.6,14401.83,108.15,93.95,14.6
2024-10-08,1755.73,3232.17,159.82,339.76,1219.26,245.25,14195.85,105.27,101.93,14.46
2024-10-09,1579.82,2909.64,146.93,317.25,1091.78,226.92,13142.49,100.09,92.49,14.27
2024-10-10,1542.61,2994.36,149.08,327.83,1067.57,237.46,13512.01,106.54,92.26,14.81
2024-10-11,1539.22,2948.45,149.37,311.39,1047.42,235.62,13223.56,105.67,95.8,14.81
2024-10-14,1579.82,2950.62,155.63,318.61,1062.91,241.14,13198.85,105.84,96.63,15.29
2024-10-15,1556.14,2837.13,152.05,309.27,1035.35,236.05,12805.52,103.71,93.4,14.79
2024-10-16,1691.45,2790.83,151.62,300.75,975.65,242.19,12543.93,103.01,94.97,15.03
2024-10-17,1557.83,2717.94,150.19,300.36,987.46,235.99,12314.06,101.67,93.51,14.86
2024-10-18,1584.89,2817.43,152.19,311.65,1102.28,239.43,12696.35,104.13,94.36,14.93
2024-10-21,1554.45,2817.63,151.41,318.04,1082.4,238.2,12595.83,102.49,93.91,14.55
2024-10-22,1562.9,2865.51,155.31,316.27,1115.4,240.16,12712.83,102.79,94.99,14.51
2024-10-23,1578.13,2926.39,154.98,320.56,1024.59,243.17,12914.68,101.82,104.48,14.51
2024-10-24,1542.61,2885.6,154.45,315.16,1030.76,241.02,12788.63,102.42,101.29,14.55
2024-10-25,1545.99,2918.11,155.34,319.79,1025.9,239.73,12843.42,101.53,100.14,14.46
2024-10-28,1588.27,3033.57,154.56,316.63,987.72,236.18,12894.09,101.95,106.47,14.34
2024-10-29,1544.3,2971.11,154.09,316.95,941.33,236.67,12619.07,101.65,113.46,14.32
2024-10-30,1559.52,2931.71,158.24,317.1,926.76,232.25,12622.2,100.31,113.73,14.2
2024-10-31,1569.67,2892.89,159.85,304.27,938.38,229.06,12587.51,99.32,121.25,14.27
2024-11-01,1540.91,2914.37,162.25,301.29,923.35,233.05,12636.62,101.87,118.38,14.53
2024-11-04,1534.15,2927.76,164.54,318.59,939.23,237.59,12755.67,101.08,130.21,14.48
2024-11-05,1579.82,3010.51,164.97,319.13,972.96,239.61,12992.87,101.77,143.23,14.53
2024-11-06,1606.88,2979.98,163.4,311.72,937.59,236.42,12943.52,100.04,139.44,14.39
2024-11-07,1672.85,3196.5,165.18,313.19,951.89,242.61,13587.32,101.23,141.17,14.53
2024-11-08,1608.57,3082.82,165.85,309.16,933.06,237.89,13264.59,99.69,139.46,14.44
2024-11-11,1573.05,3050.31,163.89,310.6,950.71,235.01,13166.06,97.68,145.77,14.27
2024-11-12,1554.45,3040.07,164.85,312.18,967.77,230.47,12994.6,96.51,139.82,14.18
2024-11-13,1534.15,3032.98,166.29,311.93,1025.51,231.88,13005.31,97.66,150.07,14.27
2024-11-14,1513.85,3024.11,162.45,305.89,976.37,233.36,12966.59,98.25,145.78,14.34
2024-11-15,1473.26,2980.76,158.46,300.96,921.84,231.88,12844.65,99.57,136.63,14.29
2024-11-18,1495.24,2942.15,156.25,299.59,866.14,232.38,12844.65,102.77,129.62,14.63
2024-11-19,1480.02,2924.81,156.25,298.88,884.45,231.27,12703.93,101.97,134.44,14.53
2024-11-20,1481.71,2947.47,155.18,299.37,906.36,229.8,12727.74,101.8,134.78,14.51
2024-11-21,1468.18,2945.5,155.47,296.81,877.88,229.49,12730.38,102.17,134.19,14.48
2024-11-22,1424.2,2854.67,151.97,289.02,867.91,223.48,12422.98,98.72,128.83,14.29
2024-11-25,1417.44,2833.19,155.07,293.7,820.15,222.07,12346.77,99.49,126.09,14.34
2024-11-26,1414.05,2852.9,155.33,291.63,833.53,223.12,12432.7,98.72,125.32,14.55
2024-11-27,1429.28,2897.23,154.55,291.62,844.36,224.4,12515.5,100.71,128.72,14.65
2024-11-28,1434.35,2837.13,151.56,284.96,818.77,223.61,12506.85,99.89,123.86,14.63
2024-11-29,1454.65,2891.71,152.19,285.22,831.5,222.81,12570.62,99.12,126.33,14.53
2024-12-02,1468.18,2904.12,152.08,293.08,866.27,223.85,12564.52,98.25,138.97,14.48
2024-12-03,1478.33,2896.04,151.71,293.34,852.95,227.59,12578.86,99.79,140.99,14.67
2024-12-04,1446.19,2871.22,149.57,290.56,839.96,225.69,12523.33,104.43,142.14,14.79
2024-12-05,1441.12,2857.43,148.49,285.67,865.02,226.31,12449.18,103.98,145.44,14.79
2024-12-06,1468.18,2885.21,149.82,290.88,862.86,231.15,12531.65,105.02,143.79,14.93
2024-12-09,1424.2,2871.81,150.75,291.09,820.8,231.15,12513.44,105.42,150.4,14.93
2024-12-10,1451.27,2937.62,152.63,293.23,808.01,236.67,12742.4,105.52,139.75,15.17
2024-12-11,1463.11,2943.53,151.52,291.38,821.0,234.83,12651.86,107.6,138.94,14.91
2024-12-12,1469.87,2991.21,155.73,294.4,854.07,237.89,12900.68,106.93,142.25,15.17
2024-12-13,1422.51,2916.73,153.37,286.96,833.92,228.7,12515.09,105.67,135.57,15.1
2024-12-16,1392.07,2848.76,148.42,285.34,805.71,231.39,12582.65,107.78,136.13,15.43
2024-12-17,1376.84,2854.67,149.12,293.49,826.64,232.07,12836.41,106.16,135.62,15.38
2024-12-18,1376.84,2860.78,148.05,295.41,809.84,236.18,12947.64,106.81,135.15,15.57
2024-12-19,1337.94,2828.27,152.19,296.19,833.53,233.11,12778.82,105.69,136.23,15.33
2024-12-20,1322.72,2821.57,148.61,290.79,833.92,232.44,12735.91,102.54,136.55,15.43
2024-12-23,1295.65,2806.6,150.08,291.31,869.94,235.13,12773.15,103.63,136.11,15.83
2024-12-24,1307.49,2826.89,152.11,299.32,863.52,240.47,12876.66,103.53,136.8,16.02
2024-12-25,1275.36,2819.01,150.27,296.73,885.69,241.57,12802.85,106.41,134.65,16.4
2024-12-26,1270.28,2807.38,148.97,295.63,923.81,242.06,12784.36,104.5,141.65,16.37
2024-12-27,1277.05,2807.97,150.08,297.1,897.9,241.2,12794.24,104.65,140.69,16.35
2024-12-30,1244.91,2782.16,150.89,295.76,860.69,242.92,12761.01,106.11,140.4,16.42
2024-12-31,1227.99,2759.11,148.79,293.35,810.37,240.96,12752.65,107.85,138.93,16.35
2025-01-02,1202.62,2699.02,144.29,281.35,801.18,236.12,12451.4,105.64,133.88,16.07
2025-01-03,1184.02,2667.69,145.65,280.96,807.09,237.03,12342.62,104.35,130.17,15.85
2025-01-06,1180.63,2577.65,146.61,281.54,823.36,239.43,12049.74,103.71,129.15,15.95
2025-01-07,1192.47,2578.05,148.57,284.39,842.13,238.51,12051.42,101.95,134.63,16.15
2025-01-08,1177.25,2555.39,147.24,279.36,815.03,240.84,12070.66,101.4,133.09,16.32
2025-01-09,1175.56,2572.73,146.94,279.57,797.25,239.12,12083.22,98.15,134.32,16.2
2025-01-10,1131.58,2533.72,144.69,276.08,742.26,239.0,12016.27,97.18,133.49,16.1
2025-01-13,1143.42,2545.54,145.43,276.06,726.98,239.55,12083.05,96.47,137.48,15.93
2025-01-14,1168.79,2620.8,149.53,286.75,750.27,244.33,12321.7,97.53,144.47,15.96
2025-01-15,1160.34,2615.88,149.9,285.07,725.27,249.17,12311.41,97.26,143.52,16.01
2025-01-16,1163.72,2590.46,145.5,283.07,783.99,251.32,12103.13,98.47,141.01,16.13
2025-01-17,1121.43,2606.62,146.61,287.06,767.0,249.6,12173.17,98.25,140.68,15.96
2025-01-20,1158.65,2646.02,145.91,295.18,781.83,245.99,12340.95,96.09,142.34,15.86
2025-01-21,1244.91,2628.09,144.21,296.86,784.45,246.11,12285.3,94.78,144.68,15.81
2025-01-22,1187.4,2568.2,143.84,293.18,866.07,241.88,12058.11,94.48,137.38,15.55
2025-01-23,1244.91,2585.8,142.7,287.59,838.19,244.21,12074.85,95.27,137.17,16.08
2025-01-24,1249.98,2567.11,142.26,289.63,841.47,246.84,12016.27,96.94,138.32,16.1
2025-01-27,1229.69,2556.66,145.14,284.88,753.35,249.24,12007.82,99.22,138.31,16.46
2025-02-05,1178.94,2512.64,145.14,293.49,644.63,245.25,11746.83,96.29,132.8,16.15
2025-02-06,1187.4,2530.53,148.24,322.84,662.68,246.48,11822.47,96.61,136.43,16.15
2025-02-07,1255.06,2565.3,149.53,339.26,707.16,246.48,12016.27,96.47,138.15,16.15
2025-02-10,1255.06,2563.29,149.42,342.61,725.8,248.93,11978.7,95.72,138.28,16.1
2025-02-11,1224.61,2537.77,149.23,342.37,731.57,251.26,11865.65,95.62,130.4,16.46
2025-02-12,1346.4,2566.71,148.13,358.09,734.19,255.18,12074.85,94.8,128.8,16.66
2025-02-13,1348.09,2643.29,148.83,354.2,709.39,255.74,12259.44,94.53,125.02,16.8
2025-02-14,1321.02,2637.66,149.82,369.51,704.87,257.7,12342.62,94.58,127.24,16.87
2025-02-17,1299.04,2644.09,148.9,361.68,758.21,255.8,12314.34,92.47,126.11,16.8
2025-02-18,1271.97,2616.96,149.16,369.69,745.28,257.82,12342.62,90.81,123.96,17.12
2025-02-19,1293.96,2635.25,152.3,372.05,749.55,257.39,12476.51,89.54,124.45,17.02
2025-02-20,1271.97,2622.99,155.33,376.49,750.86,256.59,12334.25,89.82,128.07,17.09
2025-02-21,1288.89,2635.45,155.81,397.48,779.01,253.83,12453.16,87.76,127.71,16.73
2025-02-24,1322.72,2651.13,153.37,390.51,751.25,253.04,12376.68,88.7,128.85,16.63
2025-02-25,1299.04,2587.81,150.97,386.57,730.59,251.57,12166.9,88.38,133.3,16.56
2025-02-26,1326.1,2608.92,150.41,386.17,736.29,254.33,12217.19,88.16,131.3,16.61
2025-02-27,1321.02,2668.21,153.77,389.7,709.79,259.84,12430.99,88.65,132.15,16.73
2025-02-28,1310.88,2644.7,154.03,375.5,661.82,257.82,12558.43,87.93,126.56,16.58
2025-03-03,1317.64,2629.82,155.51,373.83,674.29,257.82,12443.2,88.16,127.59,16.54
2025-03-04,1292.27,2607.91,154.4,357.88,672.26,256.29,12301.7,87.68,128.01,16.37
2025-03-05,1273.66,2585.0,155.81,367.34,678.82,262.97,12270.41,88.63,131.86,16.58
2025-03-06,1314.26,2646.71,156.43,372.5,690.04,263.4,12601.86,88.03,140.47,16.49
2025-03-07,1273.66,2709.42,155.58,369.87,670.81,267.14,12727.54,89.02,140.13,16.42
2025-03-10,1265.21,2667.01,155.62,364.27,671.73,264.07,12743.44,89.54,138.37,16.27
2025-03-11,1256.75,2717.46,156.29,363.63,667.8,266.77,12959.17,90.36,136.3,16.37
2025-03-12,1258.44,2672.63,158.91,364.27,671.6,266.96,12908.12,89.12,134.15,16.22
2025-03-13,1243.22,2660.98,161.16,367.9,672.45,268.79,12867.87,92.32,131.59,16.25
2025-03-14,1275.36,2830.01,162.82,390.15,682.3,276.89,13622.99,92.2,134.8,16.29
2025-03-17,1278.74,2810.72,161.2,394.63,684.07,276.15,13705.41,91.85,133.18,16.44
2025-03-18,1273.66,2804.89,160.6,399.11,714.25,276.77,13589.43,90.98,133.48,16.42
2025-03-19,1263.52,2792.23,160.6,412.08,688.79,282.16,13687.42,90.98,132.61,16.58
2025-03-20,1256.75,2733.34,158.91,415.11,688.92,277.38,13422.08,91.16,133.24,16.51
2025-03-21,1244.91,2705.4,157.76,386.06,672.19,274.07,13168.95,90.83,129.55,16.32
2025-03-24,1214.46,2699.57,156.99,389.55,675.01,276.21,13246.35,92.07,129.63,16.46
2025-03-25,1216.15,2684.49,156.17,383.56,669.24,276.46,13183.59,93.64,127.48,16.54
2025-03-26,1217.85,2680.27,155.73,390.23,663.2,261.56,13187.78,94.33,128.84,16.49
2025-03-27,1212.77,2691.33,156.29,401.11,650.34,265.24,13296.56,94.21,132.17,16.58
2025-03-28,1204.31,2677.86,155.21,396.96,639.12,264.99,13264.84,93.84,132.36,16.61
2025-03-31,1192.47,2640.07,159.2,389.07,647.19,265.42,13062.26,95.13,131.12,16.63
2025-04-01,1202.62,2648.92,161.56,379.32,647.0,262.85,13020.59,95.87,131.05,16.42
2025-04-02,1190.78,2636.05,159.94,374.13,654.54,261.99,12962.01,95.87,130.52,16.54
2025-04-03,1207.7,2653.14,160.31,371.03,615.96,261.5,13128.2,96.64,129.78,16.63
2025-04-07,1116.36,2548.22,147.94,333.92,492.74,250.34,12551.82,92.62,118.53,16.32
2025-04-08,1150.19,2628.21,152.11,339.89,474.24,252.3,12928.37,97.18,126.86,16.46
2025-04-09,1194.17,2658.16,150.86,336.87,472.34,248.07,12895.24,97.88,130.19,16.42
2025-04-10,1217.85,2676.25,156.17,349.12,508.42,252.0,12961.84,96.71,131.75,16.29
2025-04-11,1197.55,2645.1,154.62,368.4,514.2,254.51,13129.03,94.31,132.51,16.42
2025-04-14,1192.47,2633.84,157.43,372.57,535.0,254.33,12986.86,95.75,140.57,16.58
2025-04-15,1182.33,2640.07,155.92,373.58,526.01,258.13,13037.15,95.75,139.98,16.8
2025-04-16,1190.78,2659.17,156.06,365.46,511.71,259.05,13046.94,97.88,141.65,17.04
2025-04-17,1217.85,2663.79,156.4,362.9,509.21,258.25,13137.57,97.43,136.19,17.02
2025-04-18,1236.45,2648.11,159.02,359.08,519.25,262.11,13103.6,97.23,136.04,17.24
2025-04-21,1214.46,2619.77,158.17,361.94,532.7,259.23,12978.58,96.54,136.02,17.02
2025-04-22,1214.46,2614.95,160.24,368.25,525.35,257.57,12960.17,95.85,135.19,17.26
2025-04-23,1195.86,2612.34,159.53,386.05,547.99,257.45,12986.95,95.6,134.76,17.16
2025-04-24,1197.55,2594.05,160.24,379.84,533.62,258.8,12989.04,96.59,134.21,17.48
2025-04-25,1192.47,2593.84,160.09,384.85,559.47,258.0,12970.21,95.94,134.35,17.41
2025-04-28,1155.26,2630.02,159.57,373.61,547.14,259.66,12970.21,94.26,132.54,17.6
2025-04-29,1151.88,2603.89,160.09,368.42,545.17,257.51,12920.0,94.93,132.06,17.55
2025-04-30,1151.88,2586.81,160.68,366.44,547.79,249.79,12945.11,95.0,135.69,16.92
2025-05-06,1155.26,2602.69,161.71,373.57,568.53,253.65,12971.89,95.13,135.43,16.85
2025-05-07,1167.1,2612.74,162.19,372.78,568.53,257.64,13012.05,96.19,135.4,17.16
2025-05-08,1163.72,2649.12,160.72,372.86,633.09,262.42,13206.1,95.62,134.03,17.16
2025-05-09,1146.81,2644.7,161.23,376.95,622.0,266.59,13314.8,96.34,133.69,17.31
2025-05-12,1158.65,2672.63,159.31,384.28,638.2,268.55,13426.26,95.65,134.45,17.28
2025-05-13,1160.34,2673.04,160.12,380.36,632.69,273.21,13307.44,96.86,133.75,17.45
2025-05-14,1165.41,2718.66,162.41,387.21,645.55,274.74,13681.4,97.43,136.6,17.45
2025-05-15,1148.5,2686.7,161.64,391.04,617.54,275.42,13656.46,99.37,134.85,17.55
2025-05-16,1145.11,2634.65,159.31,403.88,641.88,271.43,13506.84,97.88,136.22,17.28
2025-05-19,1150.19,2598.87,158.76,397.28,625.15,268.79,13212.71,97.18,135.8,17.19
2025-05-20,1146.81,2595.45,169.28,409.73,629.61,269.16,13271.46,97.11,136.95,17.21
2025-05-21,1143.42,2598.07,171.68,415.12,628.1,269.16,13229.36,99.47,140.1,17.24
2025-05-22,1128.2,2594.65,170.76,413.88,619.77,272.9,13221.25,100.21,139.16,17.19
2025-05-23,1121.43,2575.75,168.47,420.31,602.77,270.08,13159.33,98.47,153.08,17.09
2025-05-26,1121.43,2540.78,168.43,395.4,605.99,268.55,12974.4,98.3,146.6,17.02
2025-05-27,1128.2,2535.76,167.51,386.49,591.55,268.18,12919.17,98.03,145.04,17.04
2025-05-28,1129.89,2551.03,172.35,376.6,607.7,267.81,12861.43,98.75,140.68,17.02
2025-05-29,1133.27,2559.07,171.75,374.78,622.92,266.53,12886.53,98.7,141.76,16.99
2025-05-30,1123.12,2541.38,170.39,365.62,613.8,266.28,12735.91,98.13,142.74,17.07
2025-06-03,1112.98,2506.01,176.92,369.46,602.05,269.59,12627.13,97.16,141.25,17.16
2025-06-04,1119.74,2503.4,174.45,374.15,638.4,270.14,12635.16,97.46,140.59,17.09
2025-06-05,1123.12,2513.04,174.93,374.39,675.01,272.04,12668.97,97.48,140.71,17.12
2025-06-06,1116.36,2514.25,173.16,373.57,678.75,272.66,12605.29,98.08,139.74,17.14
2025-06-09,1119.74,2511.64,172.71,361.3,712.21,273.45,12435.59,97.98,140.73,17.09
2025-06-10,1116.36,2500.18,171.46,366.48,707.1,273.88,12342.7,98.35,139.69,17.14
2025-06-11,1111.28,2506.41,173.16,375.68,708.47,277.81,12384.46,98.47,140.18,17.19
2025-06-12,1101.14,2462.19,180.1,366.59,761.1,277.32,12208.73,96.79,141.29,17.16
2025-06-13,1089.3,2394.26,180.87,359.08,765.36,277.01,11940.54,97.38,137.23,17.12
2025-06-16,1111.28,2377.17,183.86,357.45,791.08,280.69,11901.55,96.84,137.59,17.24
2025-06-17,1104.52,2365.92,183.42,356.74,783.14,281.92,11940.96,97.98,136.28,17.31
2025-06-18,1089.3,2378.38,185.16,360.07,820.54,281.12,11924.23,97.28,137.21,17.5
2025-06-19,1069.0,2357.27,181.5,353.37,845.18,279.77,11932.59,97.71,137.64,17.62
2025-06-20,1063.92,2403.1,187.0,353.11,853.08,281.98,11954.85,97.83,137.76,17.79
2025-06-23,1063.92,2377.37,184.23,350.99,837.21,283.57,11882.39,98.85,138.88,18.15
2025-06-24,1074.07,2406.92,187.19,356.36,825.08,286.64,12026.31,98.85,139.46,18.42
2025-06-25,1087.6,2415.56,185.67,362.47,828.25,291.24,12015.1,99.59,141.9,18.52
2025-06-26,1080.84,2406.52,181.47,350.2,854.4,293.57,12115.27,99.32,141.99,18.64
2025-06-27,1080.84,2395.46,179.77,346.88,911.71,283.39,11970.99,99.04,139.29,18.11
2025-06-30,1085.91,2389.83,180.03,344.46,960.85,281.73,12025.85,100.56,140.96,18.32
2025-07-01,1074.07,2384.41,181.65,343.87,957.16,284.8,11988.14,101.55,143.26,18.49
2025-07-02,1099.44,2395.46,178.22,343.16,915.2,287.56,12026.53,103.04,141.04,18.54
2025-07-03,1092.68,2404.31,175.19,347.21,937.14,285.78,12077.73,100.21,142.29,18.44
2025-07-04,1089.3,2419.78,176.89,343.51,918.63,288.6,12134.21,101.82,141.76,18.71
2025-07-07,1102.83,2410.13,176.33,341.01,890.3,289.4,12035.92,98.96,143.26,18.66
2025-07-08,1109.59,2427.62,176.22,339.24,954.4,291.97,12082.08,99.01,146.58,18.73
2025-07-09,1106.21,2444.1,176.0,338.12,957.16,288.97,12105.71,98.44,146.53,18.95
2025-07-10,1143.42,2463.8,177.77,333.37,965.66,295.77,12170.72,98.33,145.28,19.51
2025-07-11,1143.42,2498.37,174.82,336.16,957.03,291.93,12174.99,96.6,138.51,19.34
2025-07-14,1126.51,2520.68,175.3,330.53,986.94,291.49,12145.98,98.23,136.46,19.32
2025-07-15,1116.36,2512.44,173.38,335.26,1151.56,289.25,12038.48,98.36,136.55,19.22
2025-07-16,1109.59,2518.07,173.67,335.96,1124.88,288.54,12038.74,97.86,135.46,19.22
2025-07-17,1109.59,2528.92,172.77,340.42,1165.0,287.84,12084.12,97.47,136.84,19.1
2025-07-18,1111.28,2552.2,177.8,341.55,1189.83,288.16,12260.31,98.17,136.63,19.15
2025-07-21,1116.36,2527.05,177.39,346.75,1238.12,286.88,12311.5,99.15,135.95,18.98
2025-07-22,1133.27,2588.28,177.99,354.61,1215.0,287.46,12499.03,103.63,135.66,18.73
2025-07-23,1136.66,2581.48,177.51,350.85,1226.46,288.61,12588.79,101.9,136.3,18.85
2025-07-24,1151.88,2588.7,178.21,355.68,1220.01,287.07,12725.3,101.9,135.82,18.61
2025-07-25,1146.81,2547.25,178.7,350.71,1220.14,286.75,12413.88,100.88,135.54,18.46
2025-07-28,1148.5,2557.97,177.32,349.74,1263.94,284.26,12274.47,99.22,136.86,18.46
2025-07-29,1151.88,2546.84,176.98,351.04,1382.91,282.34,12277.37,99.28,135.71,18.31
2025-07-30,1133.27,2567.46,177.69,342.47,1387.33,284.13,12366.44,101.06,135.12,18.46
2025-07-31,1089.3,2497.97,171.43,331.57,1433.51,284.51,12129.51,100.17,133.18,18.63
2025-08-01,1080.84,2494.88,172.06,333.33,1387.53,284.13,12089.67,98.59,134.8,18.78
2025-08-04,1084.22,2493.23,173.07,330.43,1372.97,287.2,12106.73,,133.97,18.93
2025-08-05,1090.99,2514.47,173.67,330.37,1389.44,289.44,12181.3,,134.07,19.13
2025-08-06,1089.3,2518.8,173.0,328.76,1386.8,288.61,12148.37,,135.06,19.13
2025-08-07,1094.37,2526.84,175.6,331.85,1373.23,288.8,12135.32,,134.19,19.32
2025-08-08,1090.99,2520.04,177.32,327.44,1378.76,284.83,12123.54,,132.96,19.2
2025-08-11,1096.06,2555.5,175.53,332.45,1414.67,282.08,12328.56,,134.48,18.98
2025-08-12,1094.37,2540.04,174.71,332.92,1486.67,281.44,12260.65,,136.31,19.18
2025-08-13,1092.68,2540.04,174.41,336.58,1660.05,278.5,12115.69,,135.29,18.98
2025-08-14,1087.6,2532.82,174.04,335.13,1577.51,280.04,12174.9,,134.33,18.95
2025-08-15,1104.52,2538.18,173.33,334.18,1568.16,276.97,12133.01,,134.96,18.61
2025-08-18,1099.44,2551.58,174.34,341.43,1712.75,278.31,12187.79,102.98,135.25,18.56
2025-08-19,1104.52,2565.19,173.78,339.1,1814.86,277.61,12268.84,100.46,137.97,18.66
2025-08-20,1107.9,2593.44,178.88,341.05,1764.07,277.93,12371.22,101.4,138.31,18.66
2025-08-21,1109.59,2586.64,179.59,337.43,1747.14,278.05,12356.29,100.9,138.52,18.73
2025-08-22,1109.59,2593.65,178.59,348.64,1837.25,276.71,12490.24,101.06,140.58,18.81
2025-08-25,1211.08,2679.01,180.15,351.63,2108.0,280.61,12715.31,102.64,142.59,18.71
2025-08-26,1182.33,2675.09,182.46,358.38,2068.48,278.37,12640.92,101.93,141.22,18.61
2025-08-27,1140.04,2610.76,178.55,348.7,2141.6,275.05,12354.16,100.35,138.33,18.26
2025-08-28,1145.11,2587.05,180.38,344.42,2365.11,274.92,12337.95,99.49,137.87,18.19
2025-08-29,1148.5,2670.76,166.1,359.35,2338.04,274.34,12627.18,98.36,143.68,18.31
2025-09-01,1151.88,2657.15,159.51,345.62,2675.19,268.52,12593.9,99.49,151.0,18.19
2025-09-02,1136.66,2650.76,155.85,346.63,2529.6,277.86,12723.59,100.17,154.2,18.66
2025-09-03,1112.98,2610.76,156.64,337.77,2807.53,274.41,12631.87,99.17,154.96,18.34
2025-09-04,1104.52,2587.87,155.48,327.66,2431.71,275.37,12564.55,100.2,155.63,18.58
2025-09-05,1114.67,2614.68,156.6,337.93,2681.11,273.51,12652.77,100.17,153.74,18.34
2025-09-08,1143.42,2661.69,158.69,334.75,2437.31,271.4,12808.31,99.88,150.22,18.24
2025-09-09,1160.34,2655.71,156.82,332.35,2366.82,273.96,12840.48,100.12,146.9,18.31
2025-09-10,1160.34,2640.45,156.82,331.44,2536.19,275.05,12985.6,100.2,145.42,18.41
2025-09-11,1155.26,2649.93,156.3,335.82,2898.3,276.97,12998.32,100.48,146.28,18.51
2025-09-12,1173.87,2622.51,155.48,333.68,2780.52,272.11,12934.33,99.12,145.14,18.44
2025-09-15,1178.94,2611.38,155.26,342.47,2687.83,270.06,12926.65,100.25,149.54,18.31
2025-09-16,1190.78,2593.85,155.22,339.63,2710.23,267.05,12797.65,100.83,147.75,18.36
2025-09-17,1192.47,2597.15,154.77,349.68,2675.84,267.12,12738.09,102.32,148.05,18.39
2025-09-18,1145.11,2555.5,152.73,345.65,2696.92,261.17,12524.45,100.48,150.17,17.97
2025-09-19,1180.63,2558.39,154.8,343.7,2776.63,262.25,12524.54,101.32,150.7,17.75
2025-09-22,1184.02,2525.81,151.94,340.23,2753.58,261.74,12399.8,101.09,151.85,17.7
2025-09-23,1143.42,2519.42,150.96,332.7,2860.89,265.77,12349.21,102.01,149.02,18.24
2025-09-24,1156.95,2523.13,152.2,333.05,2789.81,264.3,12302.97,102.24,150.43,18.41
2025-09-25,1150.19,2505.6,151.04,338.69,2862.93,261.1,12277.37,101.64,156.0,18.19
2025-09-26,1150.19,2477.77,151.0,338.02,2725.25,260.98,12243.24,101.74,164.99,18.26
2025-09-29,1151.88,2513.85,150.7,342.18,2745.34,260.21,12463.88,100.67,167.06,18.07
2025-09-30,1165.41,2504.78,151.98,344.07,2659.24,258.48,12319.95,101.06,180.05,17.99
2025-10-09,1148.5,2498.18,152.43,348.45,2627.16,257.97,12258.43,103.53,167.91,18.02
2025-10-10,1141.73,2489.31,155.14,339.6,2569.13,257.01,12200.58,104.4,175.96,18.02
2025-10-13,1111.28,2471.17,154.5,332.98,2485.97,256.56,12108.44,104.87,169.48,17.92
2025-10-14,1104.52,2516.94,153.49,333.93,2282.28,263.92,12379.92,106.71,167.41,18.49
2025-10-15,1097.75,2516.94,154.54,337.43,2335.16,265.45,12473.61,107.26,168.48,18.39
2025-10-16,1082.53,2530.76,153.94,336.98,2419.9,268.2,12669.07,110.28,168.48,18.81
2025-10-17,1069.0,2496.32,151.07,329.01,2463.62,266.03,12413.88,109.99,162.74,18.78
2025-10-20,1072.38,2483.75,151.98,329.3,2657.49,264.94,12438.88,110.85,163.4,18.76
2025-10-21,1082.53,2484.98,151.98,330.05,2911.37,268.52,12475.82,109.72,165.85,18.83
2025-10-22,1079.15,2476.32,151.41,326.97,2929.83,268.33,12445.45,110.62,164.91,19.13
2025-10-23,1079.15,2501.69,150.58,326.68,2907.28,270.19,12524.63,110.83,166.3,19.32
2025-10-24,1075.76,2480.24,150.28,326.9,3257.57,268.33,12371.22,111.56,167.92,19.32
2025-10-27,1069.0,2480.24,152.92,327.69,3356.09,266.03,12289.4,112.06,166.89,19.5
2025-10-28,1060.54,2476.32,152.47,326.78,3382.86,266.09,12328.56,111.8,166.86,19.69
2025-10-29,1067.31,2450.14,153.56,329.3,3433.77,260.78,12216.8,110.62,172.09,19.3
2025-10-30,1060.54,2442.72,154.24,326.43,3394.33,263.53,12172.77,112.98,171.32,19.32
2025-10-31,1060.54,2453.44,151.98,317.55,3119.15,261.55,12200.67,111.59,163.17,19.18
2025-11-03,1065.62,2453.23,150.77,313.8,3165.25,267.31,12243.24,113.98,160.67,19.47
2025-11-04,1053.78,2415.7,150.17,308.13,3150.74,275.11,12192.05,114.24,162.58,20.04
2025-11-05,1052.08,2395.5,149.34,301.82,3145.53,273.77,12115.95,114.4,153.54,20.06
2025-11-06,1045.32,2395.29,150.85,307.24,3276.56,270.83,12244.35,115.47,149.44,19.94
2025-11-07,1045.32,2407.25,150.66,306.24,3231.52,271.91,12229.0,114.79,145.69,19.84
2025-11-10,1058.85,2490.76,153.75,313.13,3231.19,273.26,12476.16,115.86,145.78,20.01
2025-11-11,1062.23,2490.35,152.66,310.99,3086.45,274.79,12447.92,114.92,140.72,20.11
2025-11-12,1058.85,2482.1,152.24,308.03,3242.73,274.6,12500.48,114.39,142.67,20.19
2025-11-13,1062.23,2499.0,152.92,314.52,3171.84,276.39,12545.1,114.44,143.36,20.24
2025-11-14,1060.54,2478.59,151.83,309.92,3051.96,276.65,12427.53,113.02,142.15,20.33
2025-11-17,1058.85,2477.36,149.83,309.01,3186.35,272.81,12550.39,113.85,140.49,20.14
2025-11-18,1036.86,2481.69,149.38,304.0,3118.49,274.28,12593.05,112.53,138.12,20.21
2025-11-19,1025.02,2471.99,149.53,299.84,3221.96,276.46,12550.48,114.17,136.61,20.28
2025-11-20,1048.7,2479.42,149.34,294.92,3244.38,276.52,12517.2,112.78,133.18,20.38
2025-11-21,1025.02,2467.66,147.38,292.06,3059.81,275.05,12512.85,112.96,129.74,20.33
2025-11-24,1021.64,2443.75,148.51,295.93,3012.26,272.68,12388.29,110.63,130.9,20.21
2025-11-25,1021.64,2443.54,147.91,295.87,3163.01,276.65,12325.58,110.63,131.27,20.48
2025-11-26,996.27,2438.39,147.91,299.59,3582.14,276.65,12363.97,110.09,131.53,20.11
2025-11-27,925.22,2431.79,146.17,297.07,3455.4,276.26,12348.19,111.3,132.03,20.11
2025-11-28,910.0,2429.93,144.59,299.84,3392.75,274.73,12375.49,110.47,132.68,19.99
2025-12-01,879.56,2425.81,144.74,301.73,3547.72,277.86,12354.16,111.0,137.97,19.94
2025-12-02,879.56,2403.54,142.86,304.41,3574.09,277.48,12252.03,111.7,135.53,19.94
2025-12-03,847.42,2383.54,143.2,299.46,3453.62,275.11,12192.91,111.81,133.39,19.84
2025-12-04,840.65,2359.83,142.67,300.06,3531.23,276.46,12149.22,112.11,132.47,19.84
2025-12-05,837.27,2370.34,144.03,302.39,3541.45,277.93,12200.67,111.51,132.59,19.69
2025-12-08,830.5,2335.5,143.5,304.12,3758.73,276.2,12100.08,109.82,132.04,19.69
2025-12-09,806.82,2286.22,141.35,302.55,3996.13,275.3,11953.25,108.7,130.37,19.96
2025-12-10,888.01,2301.48,142.48,303.94,4062.07,266.73,11968.52,107.89,130.84,19.57
2025-12-11,857.57,2307.25,139.73,303.18,3869.58,266.6,12046.93,108.24,128.59,19.72
2025-12-12,849.11,2301.06,141.05,305.61,3837.86,266.99,12120.81,107.41,128.66,19.64
2025-12-15,823.74,2318.59,140.97,300.97,3764.4,267.37,12166.46,107.16,125.64,19.6
2025-12-16,840.65,2329.93,141.8,296.94,3638.65,266.73,12132.33,107.86,129.65,19.55
2025-12-17,838.96,2338.18,142.93,299.97,3890.49,265.58,12227.03,107.41,127.8,19.6
2025-12-18,823.74,2329.91,143.91,294.67,3766.65,271.02,12209.12,109.63,125.64,20.05
2025-12-19,828.81,2332.02,142.63,296.88,3769.94,268.59,12234.78,108.99,126.8,19.77
2025-12-22,833.89,2327.8,144.37,297.32,4071.96,267.18,12219.68,109.77,127.66,19.8
2025-12-23,810.21,2314.93,144.21,298.71,4095.04,268.08,12216.21,110.49,125.79,19.87
2025-12-24,805.13,2305.64,143.91,297.48,4183.4,267.56,12155.81,108.08,125.85,19.85
2025-12-25,810.21,2333.49,144.25,298.8,4219.01,267.24,12270.96,107.76,125.23,19.72
2025-12-26,806.82,2316.19,145.04,315.09,4134.61,266.73,12270.61,107.59,126.87,19.6
2025-12-29,801.75,2279.9,145.57,315.72,4075.26,267.82,12165.36,107.94,126.55,19.75
2025-12-30,781.45,2265.13,144.63,314.27,4167.58,270.44,12058.8,108.61,127.58,19.7
2025-12-31,786.53,2235.18,144.4,307.87,4022.5,269.29,11949.99,108.75,127.18,19.9
2026-01-05,803.44,2276.53,144.14,309.1,4111.59,270.89,12373.61,108.1,127.55,19.62
2026-01-06,816.97,2282.22,147.31,315.03,3991.18,273.32,12391.05,109.5,131.76,19.57
2026-01-07,800.06,2268.51,146.59,307.5,4085.81,269.61,12350.7,110.79,134.95,19.45
2026-01-08,828.81,2255.43,146.59,305.23,3926.56,265.96,12254.73,111.3,131.74,19.3
2026-01-09,838.96,2260.49,146.85,305.64,3845.78,264.17,12313.74,113.98,131.13,19.35
2026-01-12,825.43,2290.24,147.0,307.09,3903.61,263.02,12349.57,112.4,130.41,19.42
2026-01-13,816.97,2278.64,146.7,306.2,3862.66,263.09,12243.45,112.51,129.01,19.6
2026-01-14,793.29,2258.38,145.27,302.77,3910.4,256.31,12130.74,112.08,127.96,19.3
2026-01-15,820.35,2238.34,147.68,301.41,4121.55,256.56,12051.6,111.6,127.56,19.27
2026-01-16,800.06,2218.72,146.25,302.01,4068.66,254.09,11991.82,110.09,127.14,19.1
2026-01-19,800.06,2205.85,146.51,303.05,3992.83,252.97,11939.75,109.29,127.38,18.89
2026-01-20,810.21,2213.44,149.98,298.48,3857.65,254.15,11918.49,109.69,125.31,18.92
2026-01-21,847.42,2174.2,148.85,296.47,3837.2,250.94,11723.34,107.62,124.35,18.44
2026-01-22,837.27,2168.08,149.49,296.53,4095.04,248.38,11627.9,109.15,121.04,18.24
2026-01-23,837.27,2172.93,147.53,295.05,3857.65,246.08,11601.34,107.41,124.07,18.09
2026-01-26,815.28,2159.22,146.02,291.84,3889.3,249.49,11644.73,111.84,120.49,18.17
2026-01-27,803.44,2131.37,142.67,289.25,4059.43,250.02,11653.49,109.15,118.37,18.14
2026-01-28,822.05,2124.62,141.99,294.07,4141.2,248.05,11485.85,110.57,113.93,18.07
2026-01-29,867.72,2337.08,143.65,290.83,4047.89,252.84,12475.31,111.11,114.55,18.22
2026-01-30,825.43,2215.34,141.31,286.36,4279.68,253.76,12156.68,112.59,109.44,18.19
2026-02-02,791.6,2263.66,140.79,274.26,3897.21,252.32,12382.29,107.97,109.82,18.37
2026-02-03,794.98,2263.45,141.95,275.27,3888.64,251.33,12798.1,106.33,112.92,18.02
2026-02-04,828.81,2289.61,144.97,280.84,3692.79,255.99,13232.65,113.9,115.96,18.17
2026-02-05,825.43,2297.42,147.79,283.9,3705.91,260.58,13492.96,112.4,114.92,18.32
2026-02-06,813.59,2257.54,146.44,282.98,3560.97,259.86,13145.96,111.89,114.69,18.22
2026-02-09,838.96,2265.13,146.85,283.74,3732.29,259.08,13232.3,113.34,116.69,18.27
2026-02-10,825.43,2246.99,146.29,286.1,3664.5,258.16,13057.37,114.07,116.03,18.32
2026-02-11,827.12,2237.28,145.31,290.73,3507.56,258.55,13053.29,115.09,116.13,18.29
2026-02-12,832.19,2207.33,143.88,287.21,3478.21,255.86,12899.44,114.28,114.48,18.02
2026-02-13,840.65,2237.71,142.59,284.4,3501.56,254.02,12888.16,111.3,114.84,17.84
2026-02-24,832.19,2218.72,141.88,286.29,3653.22,255.53,12727.64,114.17,113.59,17.71
2026-02-25,845.73,2218.93,141.69,288.12,3732.82,254.48,12943.35,113.26,114.75,17.69
2026-02-26,815.28,2191.71,141.31,283.08,3773.37,253.96,12722.52,112.32,111.53,17.46
2026-02-27,818.66,2195.3,142.71,281.41,3521.34,254.29,12625.42,113.47,112.84,17.36
2026-03-02,803.44,2177.79,139.54,304.94,3762.56,253.76,12496.04,120.11,111.65,17.46
2026-03-03,789.91,2163.65,139.54,299.97,3717.85,257.11,12375.26,123.01,107.66,17.87
2026-03-04,781.45,2131.37,136.75,302.42,3554.31,253.3,12158.24,123.81,106.73,17.77
2026-03-05,793.29,2140.44,138.37,297.63,3673.01,256.91,12139.67,123.19,106.19,17.84
2026-03-06,798.37,2160.49,140.37,294.96,3597.04,257.24,12165.36,123.06,105.4,17.84
2026-03-09,786.53,2141.92,139.09,307.24,3468.52,254.55,12121.97,128.75,102.83,17.82
2026-03-10,789.91,2153.1,140.64,304.34,3607.06,257.37,12164.32,124.0,104.63,17.66
2026-03-11,789.91,2155.84,140.64,312.6,3657.71,259.21,12148.0,128.43,106.74,17.87
2026-03-12,786.53,2157.74,140.71,312.22,3526.61,259.21,12078.59,132.27,105.01,17.97
2026-03-13,788.22,2172.09,143.42,314.02,3574.22,260.91,12266.36,131.36,105.38,18.07
2026-03-16,788.22,2205.64,142.07,329.61,3704.0,261.9,12670.19,130.2,108.55,18.19
2026-03-17,794.98,2210.91,141.28,324.1,3580.69,263.28,12885.56,128.19,108.19,18.54
2026-03-18,783.14,2188.34,139.88,320.38,3824.67,261.96,12744.99,127.49,106.69,18.54
2026-03-19,761.15,2163.23,137.81,322.33,3793.02,260.98,12606.76,132.83,106.09,18.89
2026-03-20,734.09,2160.49,138.64,324.6,4035.69,260.85,12538.48,133.05,104.89,18.82
2026-03-23,679.96,2114.7,132.95,339.1,3954.05,253.83,12218.03,132.92,104.37,18.19
2026-03-24,691.8,2138.12,134.57,335.98,3977.6,257.57,12211.61,130.18,102.06,18.37
2026-03-25,696.88,2161.54,137.28,335.85,4143.84,257.63,12237.12,126.87,101.51,18.42
2026-03-26,683.35,2136.86,138.22,324.95,4050.2,259.6,12158.24,128.06,98.83,18.62
2026-03-27,686.73,2165.76,139.69,331.75,3943.37,258.81,12287.01,127.54,100.33,18.57
2026-03-30,678.27,2182.85,138.52,334.12,3884.55,259.08,12321.55,128.4,99.08,18.99
2026-03-31,674.89,2178.84,143.35,331.6,3754.84,258.03,12581.86,125.53,95.5,19.17
2026-04-01,683.35,2202.47,143.54,323.41,3968.89,261.31,12663.77,125.18,96.48,19.02
2026-04-02,663.05,2215.34,143.73,320.26,3837.86,260.91,12667.59,128.06,93.66,19.15
2026-04-03,646.14,2183.48,141.73,311.94,3999.55,258.55,12668.63,127.76,90.84,18.82
2026-04-07,644.44,2175.47,142.41,308.69,4085.35,255.86,12495.26,130.02,91.08,18.57
2026-04-08,668.12,2198.25,143.01,318.9,4537.78,259.99,12712.19,125.56,94.63,18.37
2026-04-09,654.59,2164.71,141.43,312.0,4569.96,257.63,12672.88,125.64,93.13,18.39
2026-04-10,657.98,2153.52,140.75,320.32,4844.48,257.3,12616.22,124.54,94.7,18.34
2026-04-13,661.36,2160.91,139.32,328.45,4866.57,255.79,12523.81,124.38,94.74,18.49
2026-04-14,679.96,2175.26,140.11,327.09,5097.37,256.78,12554.96,122.6,94.51,18.72
2026-04-15,671.51,2184.75,141.92,324.6,5143.4,261.83,12733.71,123.06,92.86,18.82
2026-04-16,669.82,2182.43,141.54,332.51,5338.78,261.9,12693.28,122.26,94.53,18.72
2026-04-17,669.82,2149.09,138.3,326.97,5611.72,259.34,12210.83,122.31,94.07,18.67
2026-04-20,664.74,2138.33,138.15,324.22,5605.13,261.63,12242.5,121.45,94.7,18.99
2026-04-21,659.67,2134.75,138.94,319.88,5703.12,261.63,12252.22,123.46,94.57,19.12
2026-04-22,656.28,2123.35,138.68,320.16,5846.61,260.78,12230.44,123.17,95.12,18.87
2026-04-23,644.44,2134.75,138.3,314.99,5915.06,261.24,12312.87,126.15,97.23,19.02
2026-04-24,634.29,2136.65,137.54,313.36,5849.05,258.42,12655.53,126.71,95.52,19.02
2026-04-27,630.91,2114.07,138.98,322.43,5651.48,258.42,12175.77,125.61,95.34,18.84
2026-04-28,634.29,2114.07,139.5,319.72,5440.27,259.86,12191.39,129.29,93.52,18.89
2026-04-29,654.59,2074.83,138.83,332.07,5578.75,252.64,12158.16,128.83,95.1,18.74
2026-04-30,661.36,2048.24,139.81,324.45,5661.28,251.14,12016.02,128.89,93.31,18.69
2026-05-06,678.27,1946.55,140.48,317.42,5651.37,249.36,11931.08,128.16,92.6,18.47
2026-05-07,673.2,1953.72,141.58,316.51,5793.12,249.04,11896.8,122.42,93.78,18.54
2026-05-08,676.58,1943.8,142.07,315.12,5849.43,248.97,11913.63,121.32,94.94,18.72
2026-05-11,691.8,1937.05,141.01,316.44,6206.8,249.17,11812.46,121.29,93.78,18.74
2026-05-12,693.5,1910.68,139.28,312.63,6720.84,248.71,11753.63,121.37,91.21,18.77
2026-05-13,674.89,1880.93,138.15,310.65,6926.89,248.58,11662.86,120.3,91.96,18.56
2026-05-14,654.59,1877.56,136.53,311.06,7117.03,248.12,11646.2,121.29,89.42,18.74
2026-05-15,639.37,1832.83,135.1,303.4,6931.32,247.07,11566.2,122.71,87.54,18.59
