日期,指数代码,指数名称,用途,开盘价,收盘价,最高价,最低价,成交量
2020-01-02,000300,沪深300,CAPM市场基准,4121.349,4152.241,4172.656,4121.349,18211677200
2020-01-03,000300,沪深300,CAPM市场基准,4161.219,4144.965,4164.299,4131.864,14282624400
2020-01-06,000300,沪深300,CAPM市场基准,4120.521,4129.295,4170.638,4102.38,17530995300
2020-01-07,000300,沪深300,CAPM市场基准,4137.402,4160.227,4161.25,4135.097,13948903100
2020-01-08,000300,沪深300,CAPM市场基准,4139.632,4112.317,4149.813,4101.98,16758585000
2020-01-09,000300,沪深300,CAPM市场基准,4145.535,4164.37,4165.657,4143.592,13688632400
2020-01-10,000300,沪深300,CAPM市场基准,4177.578,4163.185,4180.977,4148.482,11303171900
2020-01-13,000300,沪深300,CAPM市场基准,4166.925,4203.988,4203.988,4148.601,11969198200
2020-01-14,000300,沪深300,CAPM市场基准,4215.158,4189.886,4223.508,4188.081,12932078300
2020-01-15,000300,沪深300,CAPM市场基准,4186.881,4166.734,4193.869,4150.88,10463313600
2020-01-16,000300,沪深300,CAPM市场基准,4174.817,4149.043,4175.294,4142.18,10026764200
2020-01-17,000300,沪深300,CAPM市场基准,4162.194,4154.853,4177.028,4141.645,9872568200
2020-01-20,000300,沪深300,CAPM市场基准,4170.737,4185.83,4185.963,4149.488,12240914700
2020-01-21,000300,沪深300,CAPM市场基准,4165.02,4114.309,4165.02,4113.325,13052750700
2020-01-22,000300,沪深300,CAPM市场基准,4093.801,4131.931,4141.177,4046.487,12675876300
2020-01-23,000300,沪深300,CAPM市场基准,4093.323,4003.901,4103.524,3972.393,16035760300
2020-02-03,000300,沪深300,CAPM市场基准,3639.909,3688.358,3732.157,3639.909,15755964700
2020-02-04,000300,沪深300,CAPM市场基准,3652.004,3785.638,3786.863,3652.004,21393332800
2020-02-05,000300,沪深300,CAPM市场基准,3801.099,3828.527,3866.011,3781.613,17492552400
2020-02-06,000300,沪深300,CAPM市场基准,3841.754,3899.775,3914.915,3806.96,17646223500
2020-02-07,000300,沪深300,CAPM市场基准,3879.553,3899.869,3899.884,3849.713,15173175900
2020-02-10,000300,沪深300,CAPM市场基准,3872.374,3916.005,3920.167,3861.007,14840696900
2020-02-11,000300,沪深300,CAPM市场基准,3926.42,3952.464,3970.522,3915.708,14344167400
2020-02-12,000300,沪深300,CAPM市场基准,3945.666,3984.433,3984.433,3940.667,12671032100
2020-02-13,000300,沪深300,CAPM市场基准,3985.876,3959.919,3999.55,3950.142,14500184300
2020-02-14,000300,沪深300,CAPM市场基准,3954.234,3987.734,4001.563,3954.023,14323980300
2020-02-17,000300,沪深300,CAPM市场基准,3999.651,4077.424,4077.446,3999.651,18277896900
2020-02-18,000300,沪深300,CAPM市场基准,4069.832,4057.511,4076.388,4027.786,16323622000
2020-02-19,000300,沪深300,CAPM市场基准,4049.586,4051.311,4085.17,4042.845,16904644100
2020-02-20,000300,沪深300,CAPM市场基准,4062.897,4144.656,4148.529,4055.811,21223262400
2020-02-21,000300,沪深300,CAPM市场基准,4134.875,4149.49,4184.438,4130.168,21721360400
2020-02-24,000300,沪深300,CAPM市场基准,4131.836,4132.839,4149.01,4097.175,21286930300
2020-02-25,000300,沪深300,CAPM市场基准,4066.302,4123.854,4126.708,4020.908,24416783100
2020-02-26,000300,沪深300,CAPM市场基准,4070.099,4073.015,4132.782,4061.125,26109406100
2020-02-27,000300,沪深300,CAPM市场基准,4084.078,4084.876,4110.528,4067.441,18129098100
2020-02-28,000300,沪深300,CAPM市场基准,3988.727,3940.049,4031.145,3928.066,23027509300
2020-03-02,000300,沪深300,CAPM市场基准,3968.844,4069.666,4092.539,3968.844,21931355900
2020-03-03,000300,沪深300,CAPM市场基准,4125.136,4091.362,4147.653,4067.909,21936977700
2020-03-04,000300,沪深300,CAPM市场基准,4078.5,4115.052,4115.262,4060.729,18242473000
2020-03-05,000300,沪深300,CAPM市场基准,4150.21,4206.725,4215.851,4127.039,23182311500
2020-03-06,000300,沪深300,CAPM市场基准,4158.202,4138.507,4181.31,4135.39,17247571700
2020-03-09,000300,沪深300,CAPM市场基准,4063.076,3997.133,4063.076,3995.131,20810203500
2020-03-10,000300,沪深300,CAPM市场基准,3975.229,4082.732,4093.002,3954.751,19741640200
2020-03-11,000300,沪深300,CAPM市场基准,4090.935,4028.429,4091.27,4028.396,16165611100
2020-03-12,000300,沪深300,CAPM市场基准,3976.114,3950.911,3987.434,3926.27,15706045800
2020-03-13,000300,沪深300,CAPM市场基准,3771.014,3895.313,3937.181,3765.148,18829672200
2020-03-16,000300,沪深300,CAPM市场基准,3899.86,3727.84,3899.86,3720.513,18596826000
2020-03-17,000300,沪深300,CAPM市场基准,3739.783,3709.682,3786.891,3618.307,16624612900
2020-03-18,000300,沪深300,CAPM市场基准,3729.685,3636.257,3775.851,3636.257,15503754700
2020-03-19,000300,沪深300,CAPM市场基准,3623.789,3589.093,3647.987,3503.187,18080740700
2020-03-20,000300,沪深300,CAPM市场基准,3629.513,3653.224,3663.952,3588.777,13960300000
2020-03-23,000300,沪深300,CAPM市场基准,3542.684,3530.306,3585.801,3523.788,13710879000
2020-03-24,000300,沪深300,CAPM市场基准,3598.655,3625.115,3627.759,3545.452,14310302100
2020-03-25,000300,沪深300,CAPM市场基准,3711.475,3722.518,3732.654,3685.994,15349595800
2020-03-26,000300,沪深300,CAPM市场基准,3692.608,3698.047,3736.254,3681.267,11231066500
2020-03-27,000300,沪深300,CAPM市场基准,3746.391,3710.061,3758.783,3709.921,12406099500
2020-03-30,000300,沪深300,CAPM市场基准,3657.462,3674.111,3690.639,3637.585,12687667300
2020-03-31,000300,沪深300,CAPM市场基准,3708.14,3686.155,3716.071,3676.202,11145302500
2020-04-01,000300,沪深300,CAPM市场基准,3682.297,3675.076,3731.78,3670.965,11935262000
2020-04-02,000300,沪深300,CAPM市场基准,3656.323,3734.531,3734.531,3652.317,11516820900
2020-04-03,000300,沪深300,CAPM市场基准,3721.482,3713.218,3738.832,3698.982,9982508300
2020-04-07,000300,沪深300,CAPM市场基准,3779.908,3798.021,3803.629,3772.205,14277803000
2020-04-08,000300,沪深300,CAPM市场基准,3776.417,3780.345,3793.002,3767.292,11138951300
2020-04-09,000300,沪深300,CAPM市场基准,3798.488,3792.811,3801.725,3785.312,10048503200
2020-04-10,000300,沪深300,CAPM市场基准,3794.843,3769.178,3824.744,3758.96,10244495600
2020-04-13,000300,沪深300,CAPM市场基准,3751.709,3753.257,3769.876,3740.194,7905334300
2020-04-14,000300,沪深300,CAPM市场基准,3777.834,3825.699,3825.76,3764.984,11063758500
2020-04-15,000300,沪深300,CAPM市场基准,3820.851,3797.362,3829.801,3793.44,10846198400
2020-04-16,000300,沪深300,CAPM市场基准,3777.799,3802.381,3807.357,3774.559,9594796500
2020-04-17,000300,沪深300,CAPM市场基准,3831.923,3839.487,3863.452,3821.42,13200430100
2020-04-20,000300,沪深300,CAPM市场基准,3845.46,3853.455,3853.798,3831.553,10001311500
2020-04-21,000300,沪深300,CAPM市场基准,3838.231,3808.047,3838.231,3779.997,10292188800
2020-04-22,000300,沪深300,CAPM市场基准,3789.13,3839.383,3839.383,3782.215,8589946400
2020-04-23,000300,沪深300,CAPM市场基准,3851.913,3829.753,3857.471,3826.557,9550845000
2020-04-24,000300,沪深300,CAPM市场基准,3826.312,3796.972,3827.212,3787.071,9484413500
2020-04-27,000300,沪深300,CAPM市场基准,3808.017,3822.769,3842.871,3793.766,9546273500
2020-04-28,000300,沪深300,CAPM市场基准,3835.348,3849.147,3859.675,3768.2,12209347600
2020-04-29,000300,沪深300,CAPM市场基准,3837.514,3867.032,3880.744,3833.716,9585459000
2020-04-30,000300,沪深300,CAPM市场基准,3880.409,3912.577,3921.7,3880.409,13291712500
2020-05-06,000300,沪深300,CAPM市场基准,3867.259,3936.254,3937.691,3865.988,13985567500
2020-05-07,000300,沪深300,CAPM市场基准,3937.592,3924.895,3941.483,3915.905,10551464600
2020-05-08,000300,沪深300,CAPM市场基准,3942.997,3963.622,3979.663,3935.981,11694334100
2020-05-11,000300,沪深300,CAPM市场基准,3974.761,3960.18,3998.097,3944.504,12267380300
2020-05-12,000300,沪深300,CAPM市场基准,3961.343,3960.238,3970.112,3930.211,9825055400
2020-05-13,000300,沪深300,CAPM市场基准,3946.643,3968.253,3972.525,3932.571,8819066900
2020-05-14,000300,沪深300,CAPM市场基准,3952.199,3925.218,3952.199,3924.045,8853000400
2020-05-15,000300,沪深300,CAPM市场基准,3941.125,3912.816,3945.196,3907.402,9261838200
2020-05-18,000300,沪深300,CAPM市场基准,3914.66,3922.912,3946.431,3898.404,11280176200
2020-05-19,000300,沪深300,CAPM市场基准,3963.775,3956.25,3966.852,3944.072,9401529100
2020-05-20,000300,沪深300,CAPM市场基准,3955.715,3935.222,3955.715,3923.921,10079115000
2020-05-21,000300,沪深300,CAPM市场基准,3950.598,3913.795,3951.743,3907.579,9486103300
2020-05-22,000300,沪深300,CAPM市场基准,3907.576,3824.064,3907.576,3818.149,10337836000
2020-05-25,000300,沪深300,CAPM市场基准,3828.321,3829.325,3835.633,3800.18,7903332600
2020-05-26,000300,沪深300,CAPM市场基准,3850.001,3872.77,3874.748,3844.478,7744807600
2020-05-27,000300,沪深300,CAPM市场基准,3873.698,3845.614,3873.698,3838.425,8371183100
2020-05-28,000300,沪深300,CAPM市场基准,3848.489,3856.632,3885.421,3818.432,9306405400
2020-05-29,000300,沪深300,CAPM市场基准,3838.377,3867.023,3872.303,3830.419,9381383200
2020-06-01,000300,沪深300,CAPM市场基准,3901.726,3971.34,3976.315,3901.726,13645665200
2020-06-02,000300,沪深300,CAPM市场基准,3969.952,3983.568,3991.776,3958.977,14430306000
2020-06-03,000300,沪深300,CAPM市场基准,4001.171,3983.648,4018.676,3982.93,13659748300
2020-06-04,000300,沪深300,CAPM市场基准,3998.164,3982.185,3999.805,3968.572,10427773700
2020-06-05,000300,沪深300,CAPM市场基准,3988.224,4001.251,4001.251,3967.926,10244394200
2020-06-08,000300,沪深300,CAPM市场基准,4023.606,4021.955,4050.221,4016.102,13792581300
2020-06-09,000300,沪深300,CAPM市场基准,4027.561,4047.029,4052.156,4016.339,11530447900
2020-06-10,000300,沪深300,CAPM市场基准,4046.232,4039.705,4046.232,4024.419,11226572800
2020-06-11,000300,沪深300,CAPM市场基准,4031.74,3995.885,4043.012,3979.752,12730894100
2020-06-12,000300,沪深300,CAPM市场基准,3931.624,4003.083,4011.059,3927.249,13416664900
2020-06-15,000300,沪深300,CAPM市场基准,3982.967,3954.988,4007.14,3954.988,13129786000
2020-06-16,000300,沪深300,CAPM市场基准,3995.579,4014.57,4014.57,3987.864,11105153900
2020-06-17,000300,沪深300,CAPM市场基准,4018.609,4017.594,4018.609,3992.134,10560579900
2020-06-18,000300,沪深300,CAPM市场基准,4009.783,4044.384,4047.557,4000.901,13814876100
2020-06-19,000300,沪深300,CAPM市场基准,4047.048,4098.71,4109.36,4043.493,15294699000
2020-06-22,000300,沪深300,CAPM市场基准,4097.507,4102.046,4126.942,4088.782,15582946500
2020-06-23,000300,沪深300,CAPM市场基准,4098.037,4121.794,4124.725,4080.753,12922951000
2020-06-24,000300,沪深300,CAPM市场基准,4128.1,4138.99,4144.678,4123.358,12171246500
2020-06-29,000300,沪深300,CAPM市场基准,4127.935,4109.716,4137.37,4092.535,13086585400
2020-06-30,000300,沪深300,CAPM市场基准,4130.003,4163.964,4174.424,4129.775,12593352100
2020-07-01,000300,沪深300,CAPM市场基准,4172.643,4247.784,4247.784,4163.495,16999045600
2020-07-02,000300,沪深300,CAPM市场基准,4239.408,4335.845,4340.104,4238.116,25293936800
2020-07-03,000300,沪深300,CAPM市场基准,4353.194,4419.596,4419.596,4348.454,29048553900
2020-07-06,000300,沪深300,CAPM市场基准,4465.808,4670.095,4678.112,4465.808,40582102500
2020-07-07,000300,沪深300,CAPM市场基准,4739.61,4698.126,4796.316,4688.057,40600855300
2020-07-08,000300,沪深300,CAPM市场基准,4692.862,4774.004,4803.364,4670.65,34807484700
2020-07-09,000300,沪深300,CAPM市场基准,4770.077,4840.771,4854.12,4757.294,35104689300
2020-07-10,000300,沪深300,CAPM市场基准,4796.087,4753.133,4821.375,4734.473,31694965100
2020-07-13,000300,沪深300,CAPM市场基准,4742.374,4852.961,4878.077,4741.874,32164544600
2020-07-14,000300,沪深300,CAPM市场基准,4836.166,4806.69,4860.44,4729.926,29724198500
2020-07-15,000300,沪深300,CAPM市场基准,4821.516,4744.469,4837.476,4723.361,27238900600
2020-07-16,000300,沪深300,CAPM市场基准,4741.53,4516.253,4772.564,4513.654,28465713300
2020-07-17,000300,沪深300,CAPM市场基准,4524.772,4544.701,4601.373,4485.821,20737556300
2020-07-20,000300,沪深300,CAPM市场基准,4597.204,4680.305,4681.943,4534.231,24606891400
2020-07-21,000300,沪深300,CAPM市场基准,4697.503,4691.043,4714.293,4661.444,20041565900
2020-07-22,000300,沪深300,CAPM市场基准,4682.658,4714.445,4790.449,4675.349,22419921100
2020-07-23,000300,沪深300,CAPM市场基准,4668.74,4712.436,4731.4,4607.659,23431456900
2020-07-24,000300,沪深300,CAPM市场基准,4679.027,4505.591,4691.698,4479.393,24390520300
2020-07-27,000300,沪深300,CAPM市场基准,4535.005,4528.45,4558.119,4482.441,17142055100
2020-07-28,000300,沪深300,CAPM市场基准,4567.669,4568.258,4590.25,4537.685,16276849800
2020-07-29,000300,沪深300,CAPM市场基准,4559.163,4679.008,4680.558,4548.854,18669530500
2020-07-30,000300,沪深300,CAPM市场基准,4689.763,4656.151,4704.631,4649.768,16696756600
2020-07-31,000300,沪深300,CAPM市场基准,4652.182,4695.046,4741.808,4621.964,18483902600
2020-08-03,000300,沪深300,CAPM市场基准,4735.899,4771.311,4771.369,4720.025,21477623900
2020-08-04,000300,沪深300,CAPM市场基准,4778.487,4775.802,4807.078,4747.775,23997498500
2020-08-05,000300,沪深300,CAPM市场基准,4761.764,4777.109,4786.703,4711.272,19670054800
2020-08-06,000300,沪深300,CAPM市场基准,4779.238,4762.764,4791.857,4691.157,22785440600
2020-08-07,000300,沪深300,CAPM市场基准,4742.294,4707.926,4749.022,4637.843,21351821600
2020-08-10,000300,沪深300,CAPM市场基准,4681.755,4724.87,4757.663,4646.289,20378883200
2020-08-11,000300,沪深300,CAPM市场基准,4730.375,4681.784,4791.534,4674.864,20554651100
2020-08-12,000300,沪深300,CAPM市场基准,4668.89,4647.645,4681.621,4566.274,20288723900
2020-08-13,000300,沪深300,CAPM市场基准,4666.49,4635.713,4671.769,4626.103,15255009200
2020-08-14,000300,沪深300,CAPM市场基准,4627.61,4704.629,4708.071,4617.632,14729292100
2020-08-17,000300,沪深300,CAPM市场基准,4727.12,4815.226,4838.086,4721.359,26800155600
2020-08-18,000300,沪深300,CAPM市场基准,4816.57,4812.756,4825.386,4788.829,18913985400
2020-08-19,000300,沪深300,CAPM市场基准,4804.666,4740.678,4809.05,4738.009,19244294800
2020-08-20,000300,沪深300,CAPM市场基准,4708.125,4679.154,4721.436,4662.803,15836863900
2020-08-21,000300,沪深300,CAPM市场基准,4717.787,4718.843,4739.484,4684.81,14265786400
2020-08-24,000300,沪深300,CAPM市场基准,4746.404,4755.849,4769.467,4716.605,15114351200
2020-08-25,000300,沪深300,CAPM市场基准,4769.211,4761.951,4802.412,4746.313,14170135100
2020-08-26,000300,沪深300,CAPM市场基准,4761.719,4706.13,4786.425,4689.881,15130518000
2020-08-27,000300,沪深300,CAPM市场基准,4718.062,4731.345,4731.935,4679.362,11904285000
2020-08-28,000300,沪深300,CAPM市场基准,4727.292,4844.265,4850.488,4719.353,15939976500
2020-08-31,000300,沪深300,CAPM市场基准,4870.934,4816.215,4901.212,4816.212,20256702900
2020-09-01,000300,沪深300,CAPM市场基准,4803.392,4842.122,4842.135,4791.783,13839540200
2020-09-02,000300,沪深300,CAPM市场基准,4859.075,4843.887,4863.551,4797.52,15798952400
2020-09-03,000300,沪深300,CAPM市场基准,4841.502,4817.095,4877.012,4800.058,14567120100
2020-09-04,000300,沪深300,CAPM市场基准,4737.237,4770.219,4778.203,4726.556,12003279600
2020-09-07,000300,沪深300,CAPM市场基准,4759.521,4669.368,4789.303,4655.56,14860779100
2020-09-08,000300,沪深300,CAPM市场基准,4683.826,4694.389,4707.897,4639.053,13919922700
2020-09-09,000300,沪深300,CAPM市场基准,4634.247,4584.589,4645.197,4558.03,16227710700
2020-09-10,000300,沪深300,CAPM市场基准,4632.099,4581.978,4647.751,4572.206,15065287800
2020-09-11,000300,沪深300,CAPM市场基准,4572.257,4627.283,4630.884,4563.106,11530242400
2020-09-14,000300,沪深300,CAPM市场基准,4652.054,4651.051,4666.986,4625.988,10723517900
2020-09-15,000300,沪深300,CAPM市场基准,4649.447,4688.483,4691.5,4630.537,10191592500
2020-09-16,000300,沪深300,CAPM市场基准,4683.006,4657.358,4690.682,4638.459,10875364100
2020-09-17,000300,沪深300,CAPM市场基准,4642.054,4632.714,4664.949,4601.639,10598363100
2020-09-18,000300,沪深300,CAPM市场基准,4636.642,4737.089,4737.804,4631.705,16042647500
2020-09-21,000300,沪深300,CAPM市场基准,4750.748,4691.428,4752.98,4688.72,12453582700
2020-09-22,000300,沪深300,CAPM市场基准,4654.218,4635.761,4706.21,4622.111,11967294700
2020-09-23,000300,沪深300,CAPM市场基准,4639.659,4652.327,4665.96,4623.553,9582652800
2020-09-24,000300,沪深300,CAPM市场基准,4623.954,4563.066,4631.948,4562.209,11259368300
2020-09-25,000300,沪深300,CAPM市场基准,4582.482,4570.022,4599.539,4554.72,9301515500
2020-09-28,000300,沪深300,CAPM市场基准,4582.647,4581.909,4613.632,4571.151,8504838900
2020-09-29,000300,沪深300,CAPM市场基准,4608.293,4591.799,4616.677,4586.354,8599385800
2020-09-30,000300,沪深300,CAPM市场基准,4607.575,4587.395,4634.724,4563.411,8908120000
2020-10-09,000300,沪深300,CAPM市场基准,4663.61,4681.141,4695.404,4655.085,11133751200
2020-10-12,000300,沪深300,CAPM市场基准,4705.188,4823.158,4823.267,4704.155,15578455800
2020-10-13,000300,沪深300,CAPM市场基准,4812.899,4839.201,4845.919,4795.373,11651633800
2020-10-14,000300,沪深300,CAPM市场基准,4830.458,4807.102,4830.458,4795.907,11190692300
2020-10-15,000300,沪深300,CAPM市场基准,4810.782,4798.736,4833.893,4796.265,10996496200
2020-10-16,000300,沪深300,CAPM市场基准,4798.916,4791.676,4825.552,4765.967,11671610200
2020-10-19,000300,沪深300,CAPM市场基准,4823.494,4755.488,4849.605,4747.336,12924636100
2020-10-20,000300,沪深300,CAPM市场基准,4751.369,4793.467,4793.467,4739.458,9804815600
2020-10-21,000300,沪深300,CAPM市场基准,4801.631,4792.828,4801.631,4758.855,10380570300
2020-10-22,000300,沪深300,CAPM市场基准,4780.595,4777.985,4791.808,4725.499,10135089100
2020-10-23,000300,沪深300,CAPM市场基准,4775.467,4718.488,4802.456,4717.098,10682518400
2020-10-26,000300,沪深300,CAPM市场基准,4684.047,4691.236,4713.395,4639.302,10834327500
2020-10-27,000300,沪深300,CAPM市场基准,4680.137,4699.279,4708.462,4671.854,9265630400
2020-10-28,000300,沪深300,CAPM市场基准,4703.004,4737.272,4753.313,4685.601,10846340200
2020-10-29,000300,沪深300,CAPM市场基准,4683.607,4772.92,4803.032,4679.253,11711725000
2020-10-30,000300,沪深300,CAPM市场基准,4776.473,4695.334,4778.509,4683.472,13980230300
2020-11-02,000300,沪深300,CAPM市场基准,4702.746,4720.831,4738.024,4695.444,14286769300
2020-11-03,000300,沪深300,CAPM市场基准,4743.174,4777.561,4793.396,4734.175,13605540800
2020-11-04,000300,沪深300,CAPM市场基准,4781.448,4813.656,4825.464,4770.558,11466180600
2020-11-05,000300,沪深300,CAPM市场基准,4861.338,4885.112,4885.112,4838.0,13924459400
2020-11-06,000300,沪深300,CAPM市场基准,4897.63,4885.718,4897.63,4845.429,15363903400
2020-11-09,000300,沪深300,CAPM市场基准,4918.861,4981.35,4997.802,4918.861,19713198400
2020-11-10,000300,沪深300,CAPM市场基准,4995.413,4953.876,4995.413,4928.932,17626721400
2020-11-11,000300,沪深300,CAPM市场基准,4937.758,4904.898,4957.585,4901.707,16447051500
2020-11-12,000300,沪深300,CAPM市场基准,4916.774,4908.463,4926.342,4891.51,11811461900
2020-11-13,000300,沪深300,CAPM市场基准,4886.978,4856.851,4886.978,4825.758,13369307900
2020-11-16,000300,沪深300,CAPM市场基准,4880.958,4904.172,4904.172,4848.624,14877098000
2020-11-17,000300,沪深300,CAPM市场基准,4903.12,4894.786,4909.29,4865.394,15148746400
2020-11-18,000300,沪深300,CAPM市场基准,4889.675,4891.672,4911.088,4870.716,16421661600
2020-11-19,000300,沪深300,CAPM市场基准,4880.922,4927.989,4939.791,4870.201,13368137800
2020-11-20,000300,沪深300,CAPM市场基准,4928.222,4943.288,4947.43,4922.59,12940034100
2020-11-23,000300,沪深300,CAPM市场基准,4954.599,5005.027,5029.652,4940.449,20591518700
2020-11-24,000300,沪深300,CAPM市场基准,4997.049,4974.286,5001.061,4960.982,15663791100
2020-11-25,000300,沪深300,CAPM市场基准,4992.747,4910.7,5004.773,4910.7,17034052700
2020-11-26,000300,沪深300,CAPM市场基准,4908.321,4919.591,4925.286,4867.815,13720233800
2020-11-27,000300,沪深300,CAPM市场基准,4930.593,4980.765,4980.765,4917.348,16295292200
2020-11-30,000300,沪深300,CAPM市场基准,4994.106,4960.252,5055.192,4960.252,26263895000
2020-12-01,000300,沪深300,CAPM市场基准,4963.13,5067.098,5072.549,4963.13,20406563800
2020-12-02,000300,沪深300,CAPM市场基准,5072.976,5067.145,5090.608,5043.309,19543547600
2020-12-03,000300,沪深300,CAPM市场基准,5065.453,5057.06,5072.305,5033.789,17786574800
2020-12-04,000300,沪深300,CAPM市场基准,5049.523,5065.916,5072.387,5017.851,14434716700
2020-12-07,000300,沪深300,CAPM市场基准,5065.729,5022.235,5067.87,5014.609,13989621700
2020-12-08,000300,沪深300,CAPM市场基准,5029.106,5009.879,5043.061,4998.922,12307302900
2020-12-09,000300,沪深300,CAPM市场基准,5022.385,4942.699,5033.642,4942.52,13891696500
2020-12-10,000300,沪深300,CAPM市场基准,4931.293,4940.525,4962.743,4919.77,12591427000
2020-12-11,000300,沪深300,CAPM市场基准,4957.824,4889.629,4957.824,4849.355,15935769700
2020-12-14,000300,沪深300,CAPM市场基准,4903.627,4934.835,4937.26,4887.66,12080155200
2020-12-15,000300,沪深300,CAPM市场基准,4931.602,4945.1,4954.189,4904.793,11834263300
2020-12-16,000300,沪深300,CAPM市场基准,4957.297,4953.867,4968.856,4938.193,10677896800
2020-12-17,000300,沪深300,CAPM市场基准,4960.729,5017.478,5021.617,4950.371,13338547900
2020-12-18,000300,沪深300,CAPM市场基准,5014.321,4999.968,5027.445,4979.005,12804961800
2020-12-21,000300,沪深300,CAPM市场基准,4995.762,5046.84,5048.507,4969.999,14081178200
2020-12-22,000300,沪深300,CAPM市场基准,5034.983,4964.773,5055.135,4960.946,16234497000
2020-12-23,000300,沪深300,CAPM市场基准,4977.299,5007.124,5028.451,4968.151,14029281900
2020-12-24,000300,沪深300,CAPM市场基准,5006.005,5000.015,5033.038,4979.237,11441866700
2020-12-25,000300,沪深300,CAPM市场基准,4985.77,5042.014,5042.098,4973.681,12100697900
2020-12-28,000300,沪深300,CAPM市场基准,5042.943,5064.415,5089.345,5037.858,13691440700
2020-12-29,000300,沪深300,CAPM市场基准,5071.449,5042.936,5077.417,5034.308,14119866200
2020-12-30,000300,沪深300,CAPM市场基准,5037.985,5113.711,5113.711,5036.629,14862644800
2020-12-31,000300,沪深300,CAPM市场基准,5122.48,5211.289,5215.618,5122.48,17160250900
2021-01-04,000300,沪深300,CAPM市场基准,5212.931,5267.718,5284.434,5190.937,21171138200
2021-01-05,000300,沪深300,CAPM市场基准,5245.836,5368.505,5368.505,5234.378,22493115900
2021-01-06,000300,沪深300,CAPM市场基准,5386.514,5417.668,5433.469,5341.43,19377344400
2021-01-07,000300,沪深300,CAPM市场基准,5428.394,5513.657,5513.657,5413.353,21987208000
2021-01-08,000300,沪深300,CAPM市场基准,5526.288,5495.431,5547.473,5442.694,20432495600
2021-01-11,000300,沪深300,CAPM市场基准,5504.236,5441.158,5555.692,5412.505,23183598300
2021-01-12,000300,沪深300,CAPM市场基准,5419.5,5596.353,5596.353,5417.627,22422018600
2021-01-13,000300,沪深300,CAPM市场基准,5609.264,5577.971,5644.72,5535.144,26156988600
2021-01-14,000300,沪深300,CAPM市场基准,5556.213,5470.456,5568.018,5458.682,24368338000
2021-01-15,000300,沪深300,CAPM市场基准,5471.391,5458.081,5500.635,5390.274,23863743500
2021-01-18,000300,沪深300,CAPM市场基准,5438.162,5518.521,5541.461,5410.775,20705186900
2021-01-19,000300,沪深300,CAPM市场基准,5525.969,5437.523,5532.479,5415.717,21104342500
2021-01-20,000300,沪深300,CAPM市场基准,5439.911,5476.434,5496.049,5426.536,17091326000
2021-01-21,000300,沪深300,CAPM市场基准,5492.959,5564.969,5593.106,5490.563,20995019700
2021-01-22,000300,沪深300,CAPM市场基准,5562.379,5569.776,5573.659,5513.877,19930002000
2021-01-25,000300,沪深300,CAPM市场基准,5564.124,5625.923,5655.48,5543.266,19704701900
2021-01-26,000300,沪深300,CAPM市场基准,5600.902,5512.968,5600.902,5505.996,17190459000
2021-01-27,000300,沪深300,CAPM市场基准,5505.771,5528.003,5534.993,5449.639,16019084100
2021-01-28,000300,沪深300,CAPM市场基准,5450.37,5377.143,5462.235,5360.377,17048558500
2021-01-29,000300,沪深300,CAPM市场基准,5413.968,5351.965,5430.202,5288.096,18217878400
2021-02-01,000300,沪深300,CAPM市场基准,5356.854,5417.648,5422.299,5342.046,16631370600
2021-02-02,000300,沪深300,CAPM市场基准,5429.703,5501.092,5503.215,5411.517,16521056500
2021-02-03,000300,沪深300,CAPM市场基准,5499.296,5485.201,5532.886,5473.124,18805431700
2021-02-04,000300,沪深300,CAPM市场基准,5453.976,5473.948,5510.054,5411.575,18057565400
2021-02-05,000300,沪深300,CAPM市场基准,5494.701,5483.414,5550.771,5477.652,18969959800
2021-02-08,000300,沪深300,CAPM市场基准,5506.142,5564.562,5576.491,5479.853,16403377500
2021-02-09,000300,沪深300,CAPM市场基准,5584.165,5686.25,5686.25,5555.054,16488726000
2021-02-10,000300,沪深300,CAPM市场基准,5709.684,5807.719,5823.422,5707.33,17016978600
2021-02-18,000300,沪深300,CAPM市场基准,5922.071,5768.381,5930.912,5747.663,21884868600
2021-02-19,000300,沪深300,CAPM市场基准,5734.019,5778.842,5787.887,5667.321,21447578000
2021-02-22,000300,沪深300,CAPM市场基准,5785.51,5597.333,5785.51,5597.333,28212438200
2021-02-23,000300,沪深300,CAPM市场基准,5542.684,5579.668,5644.755,5541.109,23380772700
2021-02-24,000300,沪深300,CAPM市场基准,5591.48,5437.568,5598.828,5379.728,22542861000
2021-02-25,000300,沪深300,CAPM市场基准,5494.471,5469.558,5527.63,5444.165,23073602800
2021-02-26,000300,沪深300,CAPM市场基准,5343.904,5336.761,5416.32,5318.858,21226454300
2021-03-01,000300,沪深300,CAPM市场基准,5389.25,5418.784,5421.555,5345.945,17746352300
2021-03-02,000300,沪深300,CAPM市场基准,5453.285,5349.63,5454.969,5305.055,19651111500
2021-03-03,000300,沪深300,CAPM市场基准,5327.347,5452.213,5452.396,5316.481,19470905400
2021-03-04,000300,沪深300,CAPM市场基准,5388.479,5280.706,5392.373,5254.777,21277521100
2021-03-05,000300,沪深300,CAPM市场基准,5191.97,5262.796,5307.82,5174.246,20262795600
2021-03-08,000300,沪深300,CAPM市场基准,5299.791,5080.025,5326.26,5079.798,23023163500
2021-03-09,000300,沪深300,CAPM市场基准,5066.155,4970.999,5094.311,4917.909,23071100400
2021-03-10,000300,沪深300,CAPM市场基准,5047.059,5003.612,5055.279,4981.616,16992849000
2021-03-11,000300,沪深300,CAPM市场基准,5024.559,5128.216,5138.415,5020.578,18960076600
2021-03-12,000300,沪深300,CAPM市场基准,5153.674,5146.379,5153.674,5086.823,20102058900
2021-03-15,000300,沪深300,CAPM市场基准,5116.123,5035.544,5120.876,4992.399,20415308400
2021-03-16,000300,沪深300,CAPM市场基准,5054.409,5079.362,5084.309,5009.951,16139005400
2021-03-17,000300,沪深300,CAPM市场基准,5062.771,5100.858,5123.545,5020.126,14916237600
2021-03-18,000300,沪深300,CAPM市场基准,5114.587,5141.768,5160.457,5111.129,14290151800
2021-03-19,000300,沪深300,CAPM市场基准,5068.532,5007.091,5089.918,4980.761,16417484900
2021-03-22,000300,沪深300,CAPM市场基准,5008.395,5057.152,5071.338,4996.541,16740263200
2021-03-23,000300,沪深300,CAPM市场基准,5057.063,5009.246,5064.02,4966.534,15801396700
2021-03-24,000300,沪深300,CAPM市场基准,4985.401,4928.685,5024.327,4919.893,15938598200
2021-03-25,000300,沪深300,CAPM市场基准,4904.068,4926.347,4950.761,4883.662,13294518900
2021-03-26,000300,沪深300,CAPM市场基准,4953.945,5037.99,5050.829,4953.945,14592669700
2021-03-29,000300,沪深300,CAPM市场基准,5052.263,5046.877,5086.654,5010.39,14338821500
2021-03-30,000300,沪深300,CAPM市场基准,5043.095,5094.729,5106.037,5032.795,13861856000
2021-03-31,000300,沪深300,CAPM市场基准,5085.95,5048.361,5085.95,5015.607,14133574300
2021-04-01,000300,沪深300,CAPM市场基准,5059.936,5110.777,5115.429,5056.872,12032489000
2021-04-02,000300,沪深300,CAPM市场基准,5129.855,5161.557,5169.831,5116.347,12700225400
2021-04-06,000300,沪深300,CAPM市场基准,5178.64,5140.342,5181.149,5125.33,10983421000
2021-04-07,000300,沪深300,CAPM市场基准,5141.656,5103.743,5141.656,5065.193,14576374800
2021-04-08,000300,沪深300,CAPM市场基准,5078.263,5112.209,5129.132,5062.073,14177104700
2021-04-09,000300,沪深300,CAPM市场基准,5100.042,5035.337,5100.042,5022.093,12841650900
2021-04-12,000300,沪深300,CAPM市场基准,5026.979,4947.746,5045.602,4933.013,15264431400
2021-04-13,000300,沪深300,CAPM市场基准,4949.807,4939.644,4994.54,4924.198,13291935800
2021-04-14,000300,沪深300,CAPM市场基准,4945.686,4980.628,4987.119,4940.269,12086083800
2021-04-15,000300,沪深300,CAPM市场基准,4969.91,4948.974,4969.91,4900.303,10882938400
2021-04-16,000300,沪深300,CAPM市场基准,4966.9,4966.181,4979.173,4917.96,11123992400
2021-04-19,000300,沪深300,CAPM市场基准,4966.409,5087.017,5088.211,4940.747,15476982400
2021-04-20,000300,沪深300,CAPM市场基准,5065.776,5083.365,5119.859,5058.925,13654170000
2021-04-21,000300,沪深300,CAPM市场基准,5055.24,5098.745,5110.562,5047.992,12463727700
2021-04-22,000300,沪深300,CAPM市场基准,5114.28,5089.244,5119.225,5067.138,12116764500
2021-04-23,000300,沪深300,CAPM市场基准,5088.826,5135.453,5149.983,5086.491,12205699100
2021-04-26,000300,沪深300,CAPM市场基准,5156.594,5077.237,5181.107,5072.959,15138196700
2021-04-27,000300,沪深300,CAPM市场基准,5076.642,5090.52,5095.984,5042.61,12396183700
2021-04-28,000300,沪深300,CAPM市场基准,5073.973,5119.242,5119.446,5059.263,12062031800
2021-04-29,000300,沪深300,CAPM市场基准,5128.28,5164.169,5170.585,5113.648,14009248000
2021-04-30,000300,沪深300,CAPM市场基准,5156.356,5123.489,5163.252,5094.929,16012162100
2021-05-06,000300,沪深300,CAPM市场基准,5098.801,5061.124,5132.899,5037.408,15882263000
2021-05-07,000300,沪深300,CAPM市场基准,5073.455,4996.053,5093.747,4996.037,17225832100
2021-05-10,000300,沪深300,CAPM市场基准,5001.437,4992.422,5019.393,4953.697,17082058500
2021-05-11,000300,沪深300,CAPM市场基准,4956.079,5023.06,5033.494,4925.915,15152649700
2021-05-12,000300,沪深300,CAPM市场基准,5003.817,5044.548,5051.168,4995.405,12661908600
2021-05-13,000300,沪深300,CAPM市场基准,4992.352,4992.974,5022.084,4975.446,13227940600
2021-05-14,000300,沪深300,CAPM市场基准,5007.629,5110.59,5112.984,4981.295,15942618000
2021-05-17,000300,沪深300,CAPM市场基准,5115.306,5184.985,5206.695,5115.306,15388963400
2021-05-18,000300,沪深300,CAPM市场基准,5190.935,5187.601,5201.672,5156.792,11840426100
2021-05-19,000300,沪深300,CAPM市场基准,5173.167,5172.272,5193.557,5151.639,11872998300
2021-05-20,000300,沪深300,CAPM市场基准,5167.055,5186.412,5201.594,5152.036,13845477500
2021-05-21,000300,沪深300,CAPM市场基准,5199.129,5134.148,5216.162,5123.117,12476848500
2021-05-24,000300,沪深300,CAPM市场基准,5138.815,5155.588,5155.588,5092.389,12674233600
2021-05-25,000300,沪深300,CAPM市场基准,5165.036,5318.478,5324.361,5161.524,18299683900
2021-05-26,000300,沪深300,CAPM市场基准,5326.117,5320.593,5344.284,5308.739,16960709600
2021-05-27,000300,沪深300,CAPM市场基准,5311.373,5338.233,5378.476,5286.05,14846285500
2021-05-28,000300,沪深300,CAPM市场基准,5338.728,5321.089,5360.277,5288.652,16460580600
2021-05-31,000300,沪深300,CAPM市场基准,5318.083,5331.57,5331.629,5281.685,14460326900
2021-06-01,000300,沪深300,CAPM市场基准,5320.475,5341.68,5343.753,5269.259,14383147400
2021-06-02,000300,沪深300,CAPM市场基准,5348.344,5289.974,5352.64,5266.785,13775431900
2021-06-03,000300,沪深300,CAPM市场基准,5285.71,5255.286,5314.369,5255.072,14196887800
2021-06-04,000300,沪深300,CAPM市场基准,5228.276,5282.277,5334.49,5221.229,14473208700
2021-06-07,000300,沪深300,CAPM市场基准,5284.891,5277.627,5286.842,5242.948,12770497100
2021-06-08,000300,沪深300,CAPM市场基准,5276.971,5232.117,5319.041,5201.14,13055953200
2021-06-09,000300,沪深300,CAPM市场基准,5224.95,5236.449,5253.356,5215.351,12182032100
2021-06-10,000300,沪深300,CAPM市场基准,5236.469,5271.466,5299.53,5229.518,13899196700
2021-06-11,000300,沪深300,CAPM市场基准,5275.746,5224.703,5276.104,5213.599,18080717300
2021-06-15,000300,沪深300,CAPM市场基准,5218.565,5166.56,5225.502,5137.409,14288005800
2021-06-16,000300,沪深300,CAPM市场基准,5163.249,5080.491,5164.519,5076.022,12514798500
2021-06-17,000300,沪深300,CAPM市场基准,5074.384,5101.892,5123.365,5073.821,12045251800
2021-06-18,000300,沪深300,CAPM市场基准,5104.93,5102.466,5128.031,5064.921,14858580500
2021-06-21,000300,沪深300,CAPM市场基准,5088.089,5090.385,5123.783,5058.57,13218451600
2021-06-22,000300,沪深300,CAPM市场基准,5106.074,5122.158,5125.819,5086.278,13041675300
2021-06-23,000300,沪深300,CAPM市场基准,5127.191,5147.394,5171.033,5109.757,13635605800
2021-06-24,000300,沪深300,CAPM市场基准,5156.564,5155.974,5160.435,5120.584,12668562500
2021-06-25,000300,沪深300,CAPM市场基准,5159.802,5239.968,5251.608,5157.476,15493106100
2021-06-28,000300,沪深300,CAPM市场基准,5253.608,5251.76,5260.637,5226.22,13319378300
2021-06-29,000300,沪深300,CAPM市场基准,5248.525,5190.545,5248.525,5182.677,12516299700
2021-06-30,000300,沪深300,CAPM市场基准,5189.38,5224.041,5231.426,5186.625,10375267100
2021-07-01,000300,沪深300,CAPM市场基准,5241.204,5229.664,5252.264,5190.876,12724062000
2021-07-02,000300,沪深300,CAPM市场基准,5186.661,5081.117,5186.661,5074.362,13042642400
2021-07-05,000300,沪深300,CAPM市场基准,5073.779,5085.792,5098.231,5048.004,13121158900
2021-07-06,000300,沪深300,CAPM市场基准,5089.778,5083.104,5092.207,5028.506,14065522000
2021-07-07,000300,沪深300,CAPM市场基准,5052.42,5140.49,5152.771,5045.406,14854906000
2021-07-08,000300,沪深300,CAPM市场基准,5149.31,5088.257,5151.217,5078.93,17390100800
2021-07-09,000300,沪深300,CAPM市场基准,5063.148,5069.436,5081.409,5006.412,16065322600
2021-07-12,000300,沪深300,CAPM市场基准,5108.378,5132.709,5159.412,5070.319,20621203900
2021-07-13,000300,沪深300,CAPM市场基准,5128.614,5142.099,5154.051,5114.943,16648220900
2021-07-14,000300,沪深300,CAPM市场基准,5130.752,5083.085,5130.752,5075.125,18835272000
2021-07-15,000300,沪深300,CAPM市场基准,5073.263,5151.463,5153.806,5067.677,18107710300
2021-07-16,000300,沪深300,CAPM市场基准,5140.904,5094.773,5140.904,5090.632,16995598200
2021-07-19,000300,沪深300,CAPM市场基准,5083.728,5113.495,5120.824,5047.623,15319958900
2021-07-20,000300,沪深300,CAPM市场基准,5080.216,5108.994,5114.003,5067.862,12930004400
2021-07-21,000300,沪深300,CAPM市场基准,5122.784,5144.043,5160.545,5122.305,16797646900
2021-07-22,000300,沪深300,CAPM市场基准,5150.386,5151.752,5171.21,5137.88,18555686400
2021-07-23,000300,沪深300,CAPM市场基准,5145.431,5089.228,5145.431,5079.997,21653684700
2021-07-26,000300,沪深300,CAPM市场基准,5067.307,4925.299,5067.307,4859.603,22811171000
2021-07-27,000300,沪深300,CAPM市场基准,4924.282,4751.313,4940.86,4749.033,23663122500
2021-07-28,000300,沪深300,CAPM市场基准,4714.295,4760.483,4785.657,4663.901,19263439300
2021-07-29,000300,沪深300,CAPM市场基准,4845.76,4850.275,4857.971,4800.013,17332205400
2021-07-30,000300,沪深300,CAPM市场基准,4825.7,4811.17,4825.7,4761.038,18234977600
2021-08-02,000300,沪深300,CAPM市场基准,4794.819,4933.736,4938.815,4761.459,22719491800
2021-08-03,000300,沪深300,CAPM市场基准,4909.233,4934.458,4957.029,4890.85,20353336000
2021-08-04,000300,沪深300,CAPM市场基准,4927.736,4978.848,4979.291,4919.657,17546646100
2021-08-05,000300,沪深300,CAPM市场基准,4946.167,4948.67,4997.14,4921.938,16738182900
2021-08-06,000300,沪深300,CAPM市场基准,4943.043,4921.565,4944.349,4891.797,15417968800
2021-08-09,000300,沪深300,CAPM市场基准,4890.257,4985.563,5002.894,4884.039,18243687100
2021-08-10,000300,沪深300,CAPM市场基准,4977.816,5043.148,5043.761,4941.24,16705190200
2021-08-11,000300,沪深300,CAPM市场基准,5037.082,5015.341,5059.789,5009.978,18226607400
2021-08-12,000300,沪深300,CAPM市场基准,4998.073,4973.351,5016.263,4962.985,16822373300
2021-08-13,000300,沪深300,CAPM市场基准,4958.758,4945.983,4993.743,4921.281,15831432100
2021-08-16,000300,沪深300,CAPM市场基准,4935.923,4941.068,4973.376,4931.369,16195337300
2021-08-17,000300,沪深300,CAPM市场基准,4935.004,4837.403,4967.565,4823.392,18757347200
2021-08-18,000300,沪深300,CAPM市场基准,4838.471,4894.238,4909.541,4818.901,19747437800
2021-08-19,000300,沪深300,CAPM市场基准,4886.564,4862.139,4893.467,4839.568,20171171900
2021-08-20,000300,沪深300,CAPM市场基准,4817.494,4769.268,4835.153,4720.826,17763581000
2021-08-23,000300,沪深300,CAPM市场基准,4777.735,4835.878,4843.819,4764.009,16757909300
2021-08-24,000300,沪深300,CAPM市场基准,4844.593,4888.39,4906.204,4842.748,19788316300
2021-08-25,000300,沪深300,CAPM市场基准,4890.521,4898.157,4899.765,4865.765,18944801600
2021-08-26,000300,沪深300,CAPM市场基准,4892.204,4801.609,4892.204,4798.695,19761738700
2021-08-27,000300,沪深300,CAPM市场基准,4794.974,4827.043,4863.469,4793.591,18331021100
2021-08-30,000300,沪深300,CAPM市场基准,4847.035,4813.27,4849.16,4787.2,21963575700
2021-08-31,000300,沪深300,CAPM市场基准,4803.085,4805.61,4821.756,4740.752,23511865800
2021-09-01,000300,沪深300,CAPM市场基准,4804.686,4869.459,4906.402,4763.299,32672108000
2021-09-02,000300,沪深300,CAPM市场基准,4865.822,4869.411,4892.705,4845.625,26785801300
2021-09-03,000300,沪深300,CAPM市场基准,4875.066,4843.062,4886.548,4828.699,26809189600
2021-09-06,000300,沪深300,CAPM市场基准,4841.062,4933.726,4944.45,4837.786,24050724500
2021-09-07,000300,沪深300,CAPM市场基准,4932.976,4992.829,5005.961,4915.612,24417851900
2021-09-08,000300,沪深300,CAPM市场基准,4986.795,4972.132,5013.976,4955.888,26461531500
2021-09-09,000300,沪深300,CAPM市场基准,4952.492,4970.013,4970.147,4929.95,25653021700
2021-09-10,000300,沪深300,CAPM市场基准,4967.976,5013.522,5042.799,4962.371,28830435200
2021-09-13,000300,沪深300,CAPM市场基准,5006.775,4991.66,5029.724,4964.96,24991529800
2021-09-14,000300,沪深300,CAPM市场基准,4989.835,4917.162,5000.977,4907.316,24559040200
2021-09-15,000300,沪深300,CAPM市场基准,4903.847,4867.319,4903.847,4843.116,18798473000
2021-09-16,000300,沪深300,CAPM市场基准,4866.794,4807.698,4879.531,4806.144,21675209900
2021-09-17,000300,沪深300,CAPM市场基准,4797.113,4855.94,4857.958,4786.088,20195812700
2021-09-22,000300,沪深300,CAPM市场基准,4770.732,4821.768,4830.85,4765.23,19122037600
2021-09-23,000300,沪深300,CAPM市场基准,4848.222,4853.196,4877.336,4837.557,22815106400
2021-09-24,000300,沪深300,CAPM市场基准,4845.638,4849.428,4897.06,4838.535,20769329000
2021-09-27,000300,沪深300,CAPM市场基准,4870.848,4877.37,4922.563,4852.2,21596703000
2021-09-28,000300,沪深300,CAPM市场基准,4869.085,4883.828,4901.311,4846.631,17689088000
2021-09-29,000300,沪深300,CAPM市场基准,4846.021,4833.928,4868.068,4799.877,18817136600
2021-09-30,000300,沪深300,CAPM市场基准,4843.953,4866.383,4876.073,4843.953,14611389600
2021-10-08,000300,沪深300,CAPM市场基准,4915.731,4929.941,4937.092,4891.625,16896807700
2021-10-11,000300,沪深300,CAPM市场基准,4941.292,4936.192,4983.729,4930.713,16351162400
2021-10-12,000300,沪深300,CAPM市场基准,4920.66,4883.837,4925.488,4840.77,16807933700
2021-10-13,000300,沪深300,CAPM市场基准,4880.144,4940.109,4953.375,4869.831,13114281300
2021-10-14,000300,沪深300,CAPM市场基准,4934.258,4913.612,4953.923,4903.25,11955701300
2021-10-15,000300,沪深300,CAPM市场基准,4896.558,4932.108,4939.815,4881.014,14282200100
2021-10-18,000300,沪深300,CAPM市场基准,4922.514,4874.775,4922.514,4844.938,14124519900
2021-10-19,000300,沪深300,CAPM市场基准,4869.391,4922.723,4928.143,4868.811,13526649300
2021-10-20,000300,沪深300,CAPM市场基准,4926.773,4910.185,4944.022,4898.365,14153318300
2021-10-21,000300,沪深300,CAPM市场基准,4914.738,4928.016,4946.176,4893.853,14889815400
2021-10-22,000300,沪深300,CAPM市场基准,4934.87,4959.725,4989.887,4934.87,14392622800
2021-10-25,000300,沪深300,CAPM市场基准,4940.896,4979.524,4981.65,4930.112,14186149000
2021-10-26,000300,沪深300,CAPM市场基准,4983.238,4963.098,5002.575,4953.479,14088894300
2021-10-27,000300,沪深300,CAPM市场基准,4949.227,4898.164,4949.227,4884.942,14711159300
2021-10-28,000300,沪深300,CAPM市场基准,4882.586,4864.138,4898.658,4846.278,15664947200
2021-10-29,000300,沪深300,CAPM市场基准,4861.267,4908.77,4908.77,4855.759,15988735300
2021-11-01,000300,沪深300,CAPM市场基准,4878.128,4890.685,4908.206,4858.249,17158397400
2021-11-02,000300,沪深300,CAPM市场基准,4886.185,4839.846,4911.227,4797.899,18543768800
2021-11-03,000300,沪深300,CAPM市场基准,4835.809,4821.112,4858.713,4804.366,14276382000
2021-11-04,000300,沪深300,CAPM市场基准,4841.091,4868.742,4873.939,4834.743,13259297000
2021-11-05,000300,沪深300,CAPM市场基准,4858.9,4842.346,4889.684,4841.744,14778935900
2021-11-08,000300,沪深300,CAPM市场基准,4841.153,4848.18,4866.082,4827.689,13739826400
2021-11-09,000300,沪深300,CAPM市场基准,4858.253,4846.744,4870.791,4818.539,11837552600
2021-11-10,000300,沪深300,CAPM市场基准,4832.801,4821.193,4832.801,4753.996,13511817900
2021-11-11,000300,沪深300,CAPM市场基准,4814.766,4898.653,4898.653,4809.111,16048486300
2021-11-12,000300,沪深300,CAPM市场基准,4902.929,4888.375,4909.084,4875.349,13266296900
2021-11-15,000300,沪深300,CAPM市场基准,4894.412,4882.378,4906.33,4863.396,12182314900
2021-11-16,000300,沪深300,CAPM市场基准,4880.896,4883.321,4915.372,4876.5,12725440600
2021-11-17,000300,沪深300,CAPM市场基准,4883.248,4885.754,4891.523,4864.52,10845922300
2021-11-18,000300,沪深300,CAPM市场基准,4871.422,4837.619,4871.422,4830.412,11448056500
2021-11-19,000300,沪深300,CAPM市场基准,4832.06,4890.058,4892.809,4829.567,12719831200
2021-11-22,000300,沪深300,CAPM市场基准,4895.388,4912.399,4918.996,4893.273,13809283600
2021-11-23,000300,沪深300,CAPM市场基准,4905.759,4913.346,4927.521,4896.878,15430441100
2021-11-24,000300,沪深300,CAPM市场基准,4914.027,4916.658,4935.489,4899.611,13715067300
2021-11-25,000300,沪深300,CAPM市场基准,4917.606,4896.442,4921.333,4891.728,11598403100
2021-11-26,000300,沪深300,CAPM市场基准,4886.952,4860.127,4886.952,4850.811,12036897400
2021-11-29,000300,沪深300,CAPM市场基准,4820.005,4851.423,4858.532,4818.706,13362686200
2021-11-30,000300,沪深300,CAPM市场基准,4857.183,4832.026,4871.253,4810.219,12963059600
2021-12-01,000300,沪深300,CAPM市场基准,4831.889,4843.851,4844.524,4823.925,12308678900
2021-12-02,000300,沪深300,CAPM市场基准,4839.914,4856.163,4866.851,4830.323,14808852100
2021-12-03,000300,沪深300,CAPM市场基准,4856.98,4901.018,4901.018,4853.351,14405962600
2021-12-06,000300,沪深300,CAPM市场基准,4909.429,4892.621,4943.903,4888.693,17361568300
2021-12-07,000300,沪深300,CAPM市场基准,4930.826,4922.102,4934.097,4895.218,17905346000
2021-12-08,000300,沪深300,CAPM市场基准,4934.406,4995.93,4995.93,4915.79,15749055900
2021-12-09,000300,沪深300,CAPM市场基准,5000.687,5078.69,5114.501,4999.41,22056877600
2021-12-10,000300,沪深300,CAPM市场基准,5046.268,5055.117,5060.055,5035.809,19369515400
2021-12-13,000300,沪深300,CAPM市场基准,5090.021,5083.801,5143.841,5079.728,21180159600
2021-12-14,000300,沪深300,CAPM市场基准,5066.35,5049.695,5075.214,5038.858,15910779000
2021-12-15,000300,沪深300,CAPM市场基准,5036.284,5005.899,5060.368,5003.778,15052975200
2021-12-16,000300,沪深300,CAPM市场基准,5006.611,5034.732,5034.732,4987.225,14405386700
2021-12-17,000300,沪深300,CAPM市场基准,5021.339,4954.76,5022.107,4954.759,14900539900
2021-12-20,000300,沪深300,CAPM市场基准,4934.966,4880.418,4971.673,4872.685,16967569000
2021-12-21,000300,沪深300,CAPM市场基准,4876.514,4913.485,4917.799,4872.949,14333989800
2021-12-22,000300,沪深300,CAPM市场基准,4924.577,4914.454,4936.673,4903.165,13325674000
2021-12-23,000300,沪深300,CAPM市场基准,4924.291,4948.739,4948.739,4906.747,13955540600
2021-12-24,000300,沪深300,CAPM市场基准,4953.062,4921.345,4964.906,4905.979,14267332300
2021-12-27,000300,沪深300,CAPM市场基准,4918.146,4919.324,4939.689,4894.16,12410095200
2021-12-28,000300,沪深300,CAPM市场基准,4923.692,4955.964,4959.145,4913.598,13045775700
2021-12-29,000300,沪深300,CAPM市场基准,4958.646,4883.48,4958.646,4883.48,11358700200
2021-12-30,000300,沪深300,CAPM市场基准,4882.156,4921.511,4940.178,4878.648,12161717800
2021-12-31,000300,沪深300,CAPM市场基准,4937.463,4940.373,4950.364,4923.139,12131373700
2022-01-04,000300,沪深300,CAPM市场基准,4957.984,4917.765,4961.453,4874.534,15153477600
2022-01-05,000300,沪深300,CAPM市场基准,4907.935,4868.12,4916.282,4851.984,17881610000
2022-01-06,000300,沪深300,CAPM市场基准,4842.156,4818.232,4857.56,4786.433,15766582600
2022-01-07,000300,沪深300,CAPM市场基准,4824.318,4822.369,4856.652,4818.193,18713941300
2022-01-10,000300,沪深300,CAPM市场基准,4812.23,4844.045,4844.393,4780.819,15621169600
2022-01-11,000300,沪深300,CAPM市场基准,4840.009,4797.774,4850.879,4791.885,14692800400
2022-01-12,000300,沪深300,CAPM市场基准,4818.89,4845.579,4852.731,4810.919,14320020400
2022-01-13,000300,沪深300,CAPM市场基准,4853.031,4765.919,4853.063,4765.242,14251965300
2022-01-14,000300,沪深300,CAPM市场基准,4743.912,4726.732,4764.052,4723.943,14686312600
2022-01-17,000300,沪深300,CAPM市场基准,4728.76,4767.276,4775.239,4726.708,11529569100
2022-01-18,000300,沪深300,CAPM市场基准,4766.781,4813.347,4826.3,4747.92,15087080200
2022-01-19,000300,沪深300,CAPM市场基准,4815.811,4780.378,4828.752,4755.93,13392736000
2022-01-20,000300,沪深300,CAPM市场基准,4778.262,4823.509,4845.005,4777.568,16497131500
2022-01-21,000300,沪深300,CAPM市场基准,4808.773,4779.314,4818.305,4762.564,13895258500
2022-01-24,000300,沪深300,CAPM市场基准,4753.941,4786.738,4801.098,4746.448,11446388000
2022-01-25,000300,沪深300,CAPM市场基准,4761.95,4678.451,4781.391,4678.247,13366758600
2022-01-26,000300,沪深300,CAPM市场基准,4697.099,4712.311,4718.995,4648.128,10707084200
2022-01-27,000300,沪深300,CAPM市场基准,4708.099,4619.877,4708.436,4616.027,12126380400
2022-01-28,000300,沪深300,CAPM市场基准,4641.814,4563.772,4660.519,4559.833,12648011200
2022-02-07,000300,沪深300,CAPM市场基准,4638.575,4634.09,4672.654,4615.005,14484972000
2022-02-08,000300,沪深300,CAPM市场基准,4626.437,4608.773,4626.437,4522.471,15583070800
2022-02-09,000300,沪深300,CAPM市场基准,4608.149,4652.061,4659.461,4595.283,14833554700
2022-02-10,000300,沪深300,CAPM市场基准,4657.211,4639.863,4657.211,4608.091,15157666600
2022-02-11,000300,沪深300,CAPM市场基准,4617.874,4601.395,4662.596,4595.875,15597458400
2022-02-14,000300,沪深300,CAPM市场基准,4579.42,4551.688,4593.632,4530.057,14367389400
2022-02-15,000300,沪深300,CAPM市场基准,4553.811,4600.103,4601.453,4550.543,11502560000
2022-02-16,000300,沪深300,CAPM市场基准,4619.846,4617.989,4643.1,4607.218,10725895500
2022-02-17,000300,沪深300,CAPM市场基准,4616.896,4629.165,4650.159,4606.952,11001464300
2022-02-18,000300,沪深300,CAPM市场基准,4604.567,4651.236,4651.342,4598.1,10455022800
2022-02-21,000300,沪深300,CAPM市场基准,4646.052,4634.314,4646.672,4613.297,11251651200
2022-02-22,000300,沪深300,CAPM市场基准,4601.918,4574.153,4602.066,4550.804,12331723700
2022-02-23,000300,沪深300,CAPM市场基准,4582.006,4623.047,4625.298,4579.295,12295291600
2022-02-24,000300,沪深300,CAPM市场基准,4592.069,4529.319,4610.879,4488.476,18440305800
2022-02-25,000300,沪深300,CAPM市场基准,4564.632,4573.425,4611.86,4561.896,14972258300
2022-02-28,000300,沪深300,CAPM市场基准,4563.743,4581.646,4581.646,4530.676,13540697800
2022-03-01,000300,沪深300,CAPM市场基准,4597.855,4619.686,4623.431,4583.917,12313922000
2022-03-02,000300,沪深300,CAPM市场基准,4594.017,4578.601,4594.017,4558.442,11329832500
2022-03-03,000300,沪深300,CAPM市场基准,4595.025,4551.628,4599.397,4544.431,13828587700
2022-03-04,000300,沪深300,CAPM市场基准,4513.364,4496.43,4539.393,4481.493,12726680600
2022-03-07,000300,沪深300,CAPM市场基准,4462.517,4352.778,4462.517,4338.304,16219770600
2022-03-08,000300,沪深300,CAPM市场基准,4361.642,4265.391,4383.647,4252.539,16786327700
2022-03-09,000300,沪深300,CAPM市场基准,4280.979,4226.346,4304.482,4068.193,19423290000
2022-03-10,000300,沪深300,CAPM市场基准,4326.204,4292.837,4335.673,4288.508,14526638300
2022-03-11,000300,沪深300,CAPM市场基准,4231.196,4306.522,4316.044,4176.452,15239992100
2022-03-14,000300,沪深300,CAPM市场基准,4248.153,4174.758,4280.361,4174.758,13018723600
2022-03-15,000300,沪深300,CAPM市场基准,4125.487,3983.812,4163.418,3983.812,20252469900
2022-03-16,000300,沪深300,CAPM市场基准,4053.099,4156.081,4168.585,3942.861,19602198200
2022-03-17,000300,沪深300,CAPM市场基准,4237.672,4237.696,4302.743,4217.804,17940734400
2022-03-18,000300,沪深300,CAPM市场基准,4218.474,4265.902,4283.368,4194.94,14945830500
2022-03-21,000300,沪深300,CAPM市场基准,4280.14,4258.746,4287.817,4223.024,12703636000
2022-03-22,000300,沪深300,CAPM市场基准,4252.566,4255.295,4283.334,4236.689,12638247000
2022-03-23,000300,沪深300,CAPM市场基准,4269.609,4276.517,4287.577,4241.957,11708907800
2022-03-24,000300,沪深300,CAPM市场基准,4249.533,4251.306,4273.957,4216.851,10891827200
2022-03-25,000300,沪深300,CAPM市场基准,4249.073,4174.574,4254.845,4173.93,10880804600
2022-03-28,000300,沪深300,CAPM市场基准,4128.838,4148.466,4174.121,4091.298,11844902100
2022-03-29,000300,沪深300,CAPM市场基准,4155.418,4134.144,4177.213,4124.718,10026697200
2022-03-30,000300,沪深300,CAPM市场基准,4162.167,4254.099,4254.099,4160.735,13834602400
2022-03-31,000300,沪深300,CAPM市场基准,4234.716,4222.597,4247.36,4214.535,13402918500
2022-04-01,000300,沪深300,CAPM市场基准,4198.819,4276.158,4290.671,4190.084,13380305300
2022-04-06,000300,沪深300,CAPM市场基准,4258.833,4263.841,4277.524,4236.728,15906219500
2022-04-07,000300,沪深300,CAPM市场基准,4240.024,4209.1,4278.113,4205.743,13488035300
2022-04-08,000300,沪深300,CAPM市场基准,4213.211,4230.767,4237.813,4175.529,14284379300
2022-04-11,000300,沪深300,CAPM市场基准,4203.79,4100.07,4203.79,4089.093,14819707100
2022-04-12,000300,沪深300,CAPM市场基准,4102.971,4179.973,4179.973,4075.796,14428568400
2022-04-13,000300,沪深300,CAPM市场基准,4154.412,4139.737,4194.037,4139.737,12509748900
2022-04-14,000300,沪深300,CAPM市场基准,4172.644,4191.568,4217.061,4155.551,12479131600
2022-04-15,000300,沪深300,CAPM市场基准,4162.372,4188.747,4211.317,4152.974,12476226300
2022-04-18,000300,沪深300,CAPM市场基准,4152.931,4166.384,4171.743,4119.994,11750461000
2022-04-19,000300,沪深300,CAPM市场基准,4161.933,4134.902,4186.939,4115.418,11021747100
2022-04-20,000300,沪深300,CAPM市场基准,4130.543,4070.789,4136.166,4060.504,11733165800
2022-04-21,000300,沪深300,CAPM市场基准,4048.734,3995.83,4086.439,3978.367,13278382800
2022-04-22,000300,沪深300,CAPM市场基准,3967.202,4013.25,4037.084,3953.722,12210181100
2022-04-25,000300,沪深300,CAPM市场基准,3933.446,3814.913,3958.21,3814.913,16836450200
2022-04-26,000300,沪深300,CAPM市场基准,3822.489,3784.12,3871.85,3773.899,15757761100
2022-04-27,000300,沪深300,CAPM市场基准,3758.084,3895.536,3895.731,3757.086,17273404600
2022-04-28,000300,沪深300,CAPM市场基准,3883.42,3921.107,3943.435,3873.578,15305658600
2022-04-29,000300,沪深300,CAPM市场基准,3939.624,4016.241,4017.428,3898.57,17945837700
2022-05-05,000300,沪深300,CAPM市场基准,3995.353,4010.21,4039.7,3988.931,15417071600
2022-05-06,000300,沪深300,CAPM市场基准,3928.855,3908.815,3947.238,3902.051,12300555100
2022-05-09,000300,沪深300,CAPM市场基准,3883.951,3877.436,3914.112,3854.935,9293669400
2022-05-10,000300,沪深300,CAPM市场基准,3820.628,3919.868,3932.682,3808.57,13641691800
2022-05-11,000300,沪深300,CAPM市场基准,3917.932,3976.423,4033.303,3916.525,16563225600
2022-05-12,000300,沪深300,CAPM市场基准,3949.949,3958.74,3985.927,3935.589,11337606600
2022-05-13,000300,沪深300,CAPM市场基准,3983.82,3988.6,4003.854,3957.139,10996835700
2022-05-16,000300,沪深300,CAPM市场基准,4014.996,3956.538,4018.028,3947.746,11242529400
2022-05-17,000300,沪深300,CAPM市场基准,3961.761,4005.893,4005.893,3955.102,10966145400
2022-05-18,000300,沪深300,CAPM市场基准,4015.013,3991.907,4017.341,3964.75,10807423300
2022-05-19,000300,沪深300,CAPM市场基准,3938.296,3999.598,3999.598,3933.745,11629342000
2022-05-20,000300,沪深300,CAPM市场基准,4020.816,4077.6,4077.602,4020.816,14706917300
2022-05-23,000300,沪深300,CAPM市场基准,4080.969,4053.982,4080.969,4029.085,13047781000
2022-05-24,000300,沪深300,CAPM市场基准,4052.868,3959.154,4055.783,3959.154,14555433600
2022-05-25,000300,沪深300,CAPM市场基准,3959.767,3983.178,3983.624,3946.808,10773401500
2022-05-26,000300,沪深300,CAPM市场基准,3987.682,3993.045,4015.747,3938.239,12626368900
2022-05-27,000300,沪深300,CAPM市场基准,4022.71,4001.299,4051.143,3983.384,11276933700
2022-05-30,000300,沪深300,CAPM市场基准,4020.858,4029.018,4040.819,4003.377,11115224100
2022-05-31,000300,沪深300,CAPM市场基准,4031.762,4091.518,4096.197,4020.378,13541551300
2022-06-01,000300,沪深300,CAPM市场基准,4086.618,4083.177,4094.901,4058.847,11485087900
2022-06-02,000300,沪深300,CAPM市场基准,4064.0,4089.568,4091.152,4057.914,11389363800
2022-06-06,000300,沪深300,CAPM市场基准,4090.529,4166.085,4166.615,4063.906,16787101100
2022-06-07,000300,沪深300,CAPM市场基准,4165.69,4179.129,4198.086,4155.168,14299288100
2022-06-08,000300,沪深300,CAPM市场基准,4187.148,4219.812,4224.81,4158.033,15737405700
2022-06-09,000300,沪深300,CAPM市场基准,4211.723,4175.675,4227.448,4160.881,16844915400
2022-06-10,000300,沪深300,CAPM市场基准,4145.651,4238.994,4241.354,4140.22,18479621400
2022-06-13,000300,沪深300,CAPM市场基准,4194.457,4189.353,4218.233,4156.715,16847562200
2022-06-14,000300,沪深300,CAPM市场基准,4143.223,4222.311,4224.086,4102.929,17138590400
2022-06-15,000300,沪深300,CAPM市场基准,4228.293,4278.218,4348.423,4228.293,25704659000
2022-06-16,000300,沪深300,CAPM市场基准,4282.083,4250.061,4302.921,4241.075,18407441600
2022-06-17,000300,沪深300,CAPM市场基准,4219.234,4309.044,4318.766,4218.682,15864909800
2022-06-20,000300,沪深300,CAPM市场基准,4322.832,4330.433,4368.356,4297.891,16566638200
2022-06-21,000300,沪深300,CAPM市场基准,4327.916,4325.566,4357.34,4287.141,16466761500
2022-06-22,000300,沪深300,CAPM市场基准,4331.902,4270.623,4333.183,4269.246,15856585400
2022-06-23,000300,沪深300,CAPM市场基准,4277.956,4343.878,4343.878,4260.9,17088236000
2022-06-24,000300,沪深300,CAPM市场基准,4354.553,4394.772,4400.685,4346.122,16897219900
2022-06-27,000300,沪深300,CAPM市场基准,4414.332,4444.264,4472.695,4414.332,17738567600
2022-06-28,000300,沪深300,CAPM市场基准,4442.581,4490.517,4497.895,4407.352,17475648900
2022-06-29,000300,沪深300,CAPM市场基准,4472.735,4421.357,4503.131,4413.996,18727668800
2022-06-30,000300,沪深300,CAPM市场基准,4418.066,4485.011,4514.997,4418.066,15666628900
2022-07-01,000300,沪深300,CAPM市场基准,4489.52,4466.718,4500.985,4449.291,14477959900
2022-07-04,000300,沪深300,CAPM市场基准,4447.216,4496.03,4496.034,4427.823,14634565100
2022-07-05,000300,沪深300,CAPM市场基准,4505.457,4489.538,4530.325,4439.451,15496241500
2022-07-06,000300,沪深300,CAPM市场基准,4475.482,4423.97,4484.362,4393.417,14980023500
2022-07-07,000300,沪深300,CAPM市场基准,4425.281,4443.474,4457.343,4391.194,13266090600
2022-07-08,000300,沪深300,CAPM市场基准,4468.063,4428.781,4479.494,4426.886,12319573900
2022-07-11,000300,沪深300,CAPM市场基准,4406.148,4354.617,4406.148,4330.582,13444857800
2022-07-12,000300,沪深300,CAPM市场基准,4352.646,4313.618,4370.341,4296.622,13018783800
2022-07-13,000300,沪深300,CAPM市场基准,4313.359,4321.462,4341.466,4284.942,13111317900
2022-07-14,000300,沪深300,CAPM市场基准,4308.823,4322.074,4352.098,4292.76,14525092600
2022-07-15,000300,沪深300,CAPM市场基准,4299.471,4248.527,4344.857,4248.527,15021445300
2022-07-18,000300,沪深300,CAPM市场基准,4262.154,4292.586,4300.778,4217.506,12260119200
2022-07-19,000300,沪深300,CAPM市场基准,4288.444,4269.34,4288.444,4238.824,10380573000
2022-07-20,000300,沪深300,CAPM市场基准,4291.281,4283.803,4303.367,4269.972,9449014400
2022-07-21,000300,沪深300,CAPM市场基准,4270.362,4236.058,4283.147,4236.05,11715634400
2022-07-22,000300,沪深300,CAPM市场基准,4251.787,4238.234,4275.47,4207.314,10384062400
2022-07-25,000300,沪深300,CAPM市场基准,4233.928,4212.644,4234.845,4201.919,8363666400
2022-07-26,000300,沪深300,CAPM市场基准,4220.091,4245.976,4259.985,4214.534,8582327400
2022-07-27,000300,沪深300,CAPM市场基准,4236.154,4225.036,4242.095,4217.281,7890494000
2022-07-28,000300,沪深300,CAPM市场基准,4242.274,4225.673,4267.918,4223.029,10753193000
2022-07-29,000300,沪深300,CAPM市场基准,4226.425,4170.102,4243.514,4160.874,11417928600
2022-08-01,000300,沪深300,CAPM市场基准,4160.648,4188.678,4196.574,4129.453,10774902900
2022-08-02,000300,沪深300,CAPM市场基准,4144.377,4107.024,4144.377,4071.431,14222442500
2022-08-03,000300,沪深300,CAPM市场基准,4114.825,4066.975,4150.98,4058.179,11666612400
2022-08-04,000300,沪深300,CAPM市场基准,4089.442,4101.537,4108.159,4064.659,8953264400
2022-08-05,000300,沪深300,CAPM市场基准,4109.629,4156.911,4159.485,4097.863,10257100400
2022-08-08,000300,沪深300,CAPM市场基准,4142.111,4148.075,4155.73,4135.081,9020813800
2022-08-09,000300,沪深300,CAPM市场基准,4143.666,4156.291,4161.809,4131.425,8413695900
2022-08-10,000300,沪深300,CAPM市场基准,4149.207,4109.737,4160.787,4092.546,8556583900
2022-08-11,000300,沪深300,CAPM市场基准,4130.741,4193.543,4193.812,4116.056,12138505100
2022-08-12,000300,沪深300,CAPM市场基准,4185.42,4191.152,4202.466,4175.05,10680829500
2022-08-15,000300,沪深300,CAPM市场基准,4180.001,4185.679,4219.918,4174.3,10589849500
2022-08-16,000300,沪深300,CAPM市场基准,4190.527,4177.837,4208.801,4170.52,9390613900
2022-08-17,000300,沪深300,CAPM市场基准,4182.567,4216.959,4222.787,4155.173,11286465900
2022-08-18,000300,沪深300,CAPM市场基准,4205.785,4180.1,4211.914,4173.541,10105265000
2022-08-19,000300,沪深300,CAPM市场基准,4174.546,4151.074,4185.658,4151.074,11740297800
2022-08-22,000300,沪深300,CAPM市场基准,4135.162,4181.397,4183.65,4134.201,11244272000
2022-08-23,000300,沪深300,CAPM市场基准,4175.531,4161.082,4187.388,4147.413,10315351200
2022-08-24,000300,沪深300,CAPM市场基准,4168.576,4082.42,4174.157,4079.093,11906967900
2022-08-25,000300,沪深300,CAPM市场基准,4093.295,4116.24,4119.62,4058.745,11132074500
2022-08-26,000300,沪深300,CAPM市场基准,4127.814,4107.546,4139.788,4102.682,9900049300
2022-08-29,000300,沪深300,CAPM市场基准,4063.883,4089.521,4092.947,4059.596,9435443200
2022-08-30,000300,沪深300,CAPM市场基准,4088.526,4075.794,4093.136,4048.524,9330166200
2022-08-31,000300,沪深300,CAPM市场基准,4057.144,4078.84,4112.849,4046.623,13244976500
2022-09-01,000300,沪深300,CAPM市场基准,4066.187,4043.74,4090.885,4041.128,9738707100
2022-09-02,000300,沪深300,CAPM市场基准,4054.842,4023.613,4056.181,4004.911,8678927800
2022-09-05,000300,沪深300,CAPM市场基准,4010.405,4015.426,4016.999,3982.74,9376710900
2022-09-06,000300,沪深300,CAPM市场基准,4024.473,4052.28,4054.004,4009.583,11350626500
2022-09-07,000300,沪深300,CAPM市场基准,4032.723,4054.983,4067.544,4028.374,10767805900
2022-09-08,000300,沪深300,CAPM市场基准,4059.169,4037.684,4067.758,4036.023,10088604900
2022-09-09,000300,沪深300,CAPM市场基准,4050.585,4093.787,4099.008,4042.25,11842711400
2022-09-13,000300,沪深300,CAPM市场基准,4112.012,4111.115,4128.111,4097.141,11178973700
2022-09-14,000300,沪深300,CAPM市场基准,4058.044,4065.359,4089.058,4047.919,9079368100
2022-09-15,000300,沪深300,CAPM市场基准,4078.65,4027.119,4088.808,3998.856,12395119600
2022-09-16,000300,沪深300,CAPM市场基准,4013.583,3932.683,4019.41,3932.683,13719365500
2022-09-19,000300,沪深300,CAPM市场基准,3928.424,3928.0,3953.649,3910.311,9771957500
2022-09-20,000300,沪深300,CAPM市场基准,3945.647,3932.836,3957.554,3921.688,8482413400
2022-09-21,000300,沪深300,CAPM市场基准,3921.318,3903.735,3924.391,3884.227,8645839100
2022-09-22,000300,沪深300,CAPM市场基准,3875.177,3869.344,3900.274,3860.231,8094691900
2022-09-23,000300,沪深300,CAPM市场基准,3865.105,3856.021,3888.396,3829.691,9434246200
2022-09-26,000300,沪深300,CAPM市场基准,3829.596,3836.677,3893.319,3827.95,10452603100
2022-09-27,000300,沪深300,CAPM市场基准,3844.069,3892.295,3893.028,3827.927,8886016000
2022-09-28,000300,沪深300,CAPM市场基准,3879.44,3828.71,3879.44,3828.055,8659221300
2022-09-29,000300,沪深300,CAPM市场基准,3864.316,3827.143,3873.182,3808.65,8565414200
2022-09-30,000300,沪深300,CAPM市场基准,3833.35,3804.885,3848.602,3801.28,7855996600
2022-10-10,000300,沪深300,CAPM市场基准,3806.56,3720.937,3807.457,3715.714,10264759500
2022-10-11,000300,沪深300,CAPM市场基准,3732.019,3727.687,3739.808,3706.063,8394462500
2022-10-12,000300,沪深300,CAPM市场基准,3722.866,3784.306,3784.306,3661.526,10808931900
2022-10-13,000300,沪深300,CAPM市场基准,3756.418,3752.673,3783.596,3749.639,9901891500
2022-10-14,000300,沪深300,CAPM市场基准,3783.316,3842.47,3863.227,3780.842,11624229300
2022-10-17,000300,沪深300,CAPM市场基准,3822.243,3846.412,3849.621,3809.12,10419201900
2022-10-18,000300,沪深300,CAPM市场基准,3865.826,3838.267,3870.216,3831.172,8834690700
2022-10-19,000300,沪深300,CAPM市场基准,3827.466,3776.534,3840.487,3776.534,8157484400
2022-10-20,000300,沪深300,CAPM市场基准,3746.579,3754.927,3804.247,3726.793,9029089500
2022-10-21,000300,沪深300,CAPM市场基准,3753.89,3742.893,3768.69,3724.69,9875003800
2022-10-24,000300,沪深300,CAPM市场基准,3727.915,3633.373,3762.158,3619.988,13005686400
2022-10-25,000300,沪深300,CAPM市场基准,3621.936,3627.454,3670.733,3594.701,11095388200
2022-10-26,000300,沪深300,CAPM市场基准,3633.311,3656.903,3700.88,3633.311,12130154800
2022-10-27,000300,沪深300,CAPM市场基准,3667.665,3631.145,3685.084,3631.064,11799867500
2022-10-28,000300,沪深300,CAPM市场基准,3605.16,3541.33,3618.864,3533.499,11877216200
2022-10-31,000300,沪深300,CAPM市场基准,3504.507,3508.703,3553.387,3495.951,13846565500
2022-11-01,000300,沪深300,CAPM市场基准,3519.817,3634.173,3634.173,3517.621,14928669800
2022-11-02,000300,沪深300,CAPM市场基准,3620.369,3677.805,3703.465,3610.803,14159291900
2022-11-03,000300,沪深300,CAPM市场基准,3645.06,3647.897,3670.157,3628.499,11056603500
2022-11-04,000300,沪深300,CAPM市场基准,3646.771,3767.175,3782.882,3646.771,14973494900
2022-11-07,000300,沪深300,CAPM市场基准,3754.523,3775.297,3792.794,3746.372,12982637100
2022-11-08,000300,沪深300,CAPM市场基准,3773.661,3749.325,3779.116,3723.342,9901645100
2022-11-09,000300,沪深300,CAPM市场基准,3750.782,3714.27,3760.407,3711.268,8943452500
2022-11-10,000300,沪深300,CAPM市场基准,3685.827,3685.689,3701.531,3665.059,10350930200
2022-11-11,000300,沪深300,CAPM市场基准,3787.757,3788.439,3828.9,3747.09,18968558600
2022-11-14,000300,沪深300,CAPM市场基准,3818.145,3794.017,3848.412,3781.778,16966504800
2022-11-15,000300,沪深300,CAPM市场基准,3788.926,3865.973,3871.642,3775.499,15151565000
2022-11-16,000300,沪深300,CAPM市场基准,3860.811,3834.39,3877.678,3829.313,12061096400
2022-11-17,000300,沪深300,CAPM市场基准,3821.271,3818.664,3821.742,3776.574,10594063200
2022-11-18,000300,沪深300,CAPM市场基准,3823.821,3801.569,3840.302,3801.569,11507877700
2022-11-21,000300,沪深300,CAPM市场基准,3769.627,3769.127,3769.873,3733.995,9586696600
2022-11-22,000300,沪深300,CAPM市场基准,3766.082,3769.573,3809.858,3751.045,14448633400
2022-11-23,000300,沪深300,CAPM市场基准,3760.216,3773.529,3791.178,3753.214,14452791100
2022-11-24,000300,沪深300,CAPM市场基准,3791.54,3756.808,3804.899,3751.382,10107344700
2022-11-25,000300,沪深300,CAPM市场基准,3751.282,3775.776,3790.566,3743.414,14292971100
2022-11-28,000300,沪深300,CAPM市场基准,3701.902,3733.242,3736.081,3672.131,12782574800
2022-11-29,000300,沪深300,CAPM市场基准,3766.57,3848.422,3854.774,3766.57,17870139200
2022-11-30,000300,沪深300,CAPM市场基准,3836.56,3853.037,3867.659,3833.827,15751140000
2022-12-01,000300,沪深300,CAPM市场基准,3921.295,3894.769,3944.565,3893.872,16996458500
2022-12-02,000300,沪深300,CAPM市场基准,3886.403,3870.948,3898.115,3865.884,11678635000
2022-12-05,000300,沪深300,CAPM市场基准,3907.638,3946.876,3947.476,3900.674,20174722100
2022-12-06,000300,沪深300,CAPM市场基准,3929.006,3968.198,3988.901,3922.997,15510832300
2022-12-07,000300,沪深300,CAPM市场基准,3956.672,3958.441,3999.586,3944.183,14300135600
2022-12-08,000300,沪深300,CAPM市场基准,3953.199,3959.18,3971.493,3941.297,11519998600
2022-12-09,000300,沪深300,CAPM市场基准,3961.992,3998.244,4003.318,3944.44,15377495400
2022-12-12,000300,沪深300,CAPM市场基准,3976.172,3953.443,3983.433,3950.32,12593536800
2022-12-13,000300,沪深300,CAPM市场基准,3953.548,3945.681,3964.396,3939.98,10099410000
2022-12-14,000300,沪深300,CAPM市场基准,3952.789,3954.886,3972.738,3935.767,9852800600
2022-12-15,000300,沪深300,CAPM市场基准,3954.672,3951.989,3963.5,3926.5,8886472500
2022-12-16,000300,沪深300,CAPM市场基准,3931.232,3954.227,3960.471,3929.487,9317856700
2022-12-19,000300,沪深300,CAPM市场基准,3952.771,3893.221,3966.568,3878.437,10691907500
2022-12-20,000300,沪深300,CAPM市场基准,3881.226,3829.017,3881.273,3811.476,8309682200
2022-12-21,000300,沪深300,CAPM市场基准,3839.001,3830.538,3853.727,3821.404,6483921500
2022-12-22,000300,沪深300,CAPM市场基准,3859.204,3836.028,3882.126,3821.342,8370517300
2022-12-23,000300,沪深300,CAPM市场基准,3811.616,3828.219,3848.344,3805.949,6527814800
2022-12-26,000300,沪深300,CAPM市场基准,3830.568,3843.489,3856.807,3827.519,7300571200
2022-12-27,000300,沪深300,CAPM市场基准,3860.905,3887.854,3891.85,3856.58,7751535000
2022-12-28,000300,沪深300,CAPM市场基准,3874.913,3871.264,3884.721,3854.941,8442465600
2022-12-29,000300,沪深300,CAPM市场基准,3854.236,3856.701,3868.293,3838.48,7939481500
2022-12-30,000300,沪深300,CAPM市场基准,3873.936,3871.634,3887.553,3868.757,7877327200
2023-01-03,000300,沪深300,CAPM市场基准,3864.836,3887.899,3893.99,3831.245,11505187500
2023-01-04,000300,沪深300,CAPM市场基准,3886.25,3892.948,3905.903,3873.655,11066074300
2023-01-05,000300,沪深300,CAPM市场基准,3913.493,3968.578,3974.875,3912.26,11650239500
2023-01-06,000300,沪深300,CAPM市场基准,3969.549,3980.889,4000.414,3966.47,11095303800
2023-01-09,000300,沪深300,CAPM市场基准,3998.528,4013.12,4023.09,3990.707,11705442500
2023-01-10,000300,沪深300,CAPM市场基准,4014.713,4017.474,4030.457,4002.23,10175114100
2023-01-11,000300,沪深300,CAPM市场基准,4019.884,4010.031,4043.399,4008.015,9999788900
2023-01-12,000300,沪深300,CAPM市场基准,4021.755,4017.869,4030.288,4003.508,9055262700
2023-01-13,000300,沪深300,CAPM市场基准,4032.291,4074.377,4074.377,4027.886,9587189600
2023-01-16,000300,沪深300,CAPM市场基准,4077.879,4137.964,4177.104,4076.639,15139545500
2023-01-17,000300,沪深300,CAPM市场基准,4138.843,4137.242,4148.584,4118.157,9547904000
2023-01-18,000300,沪深300,CAPM市场基准,4140.102,4130.314,4151.458,4125.769,8420064500
2023-01-19,000300,沪深300,CAPM市场基准,4125.577,4156.008,4156.008,4105.98,9460839800
2023-01-20,000300,沪深300,CAPM市场基准,4166.844,4181.527,4189.831,4161.67,12355380900
2023-01-30,000300,沪深300,CAPM市场基准,4267.625,4201.345,4268.152,4197.86,16460706400
2023-01-31,000300,沪深300,CAPM市场基准,4200.581,4156.858,4212.735,4153.048,12455083500
2023-02-01,000300,沪深300,CAPM市场基准,4170.132,4195.933,4195.933,4137.766,14100895400
2023-02-02,000300,沪深300,CAPM市场基准,4207.412,4181.149,4207.412,4170.557,13382373600
2023-02-03,000300,沪深300,CAPM市场基准,4162.026,4141.632,4162.026,4103.165,11704122100
2023-02-06,000300,沪深300,CAPM市场基准,4103.831,4086.878,4105.945,4065.222,11019271700
2023-02-07,000300,沪深300,CAPM市场基准,4098.312,4094.234,4107.344,4077.962,9136007200
2023-02-08,000300,沪深300,CAPM市场基准,4099.857,4076.141,4111.475,4072.647,8478609900
2023-02-09,000300,沪深300,CAPM市场基准,4067.563,4130.857,4130.857,4064.749,10228996100
2023-02-10,000300,沪深300,CAPM市场基准,4124.099,4106.31,4125.289,4092.347,9671673300
2023-02-13,000300,沪深300,CAPM市场基准,4098.88,4143.574,4146.45,4092.273,12889257700
2023-02-14,000300,沪深300,CAPM市场基准,4151.247,4145.29,4152.049,4125.258,10249989000
2023-02-15,000300,沪深300,CAPM市场基准,4146.855,4123.689,4153.716,4115.967,12166450800
2023-02-16,000300,沪深300,CAPM市场基准,4125.409,4093.488,4167.9,4068.859,15931058500
2023-02-17,000300,沪深300,CAPM市场基准,4086.224,4034.507,4104.64,4032.929,11614258900
2023-02-20,000300,沪深300,CAPM市场基准,4039.962,4133.49,4134.862,4035.476,16179448100
2023-02-21,000300,沪深300,CAPM市场基准,4130.063,4144.354,4151.799,4116.272,14577617300
2023-02-22,000300,沪深300,CAPM市场基准,4118.967,4106.951,4134.876,4101.86,10429029500
2023-02-23,000300,沪深300,CAPM市场基准,4106.214,4103.646,4132.39,4088.207,10356490600
2023-02-24,000300,沪深300,CAPM市场基准,4100.99,4061.046,4102.609,4048.237,10098942500
2023-02-27,000300,沪深300,CAPM市场基准,4040.457,4043.844,4067.03,4034.524,9378763000
2023-02-28,000300,沪深300,CAPM市场基准,4058.13,4069.459,4074.264,4026.448,11032359100
2023-03-01,000300,沪深300,CAPM市场基准,4068.733,4126.942,4135.481,4061.217,15601579400
2023-03-02,000300,沪深300,CAPM市场基准,4119.992,4117.738,4137.253,4113.826,14821763700
2023-03-03,000300,沪深300,CAPM市场基准,4126.018,4130.551,4135.212,4100.383,16033174100
2023-03-06,000300,沪深300,CAPM市场基准,4131.153,4109.01,4132.837,4088.448,16297180700
2023-03-07,000300,沪深300,CAPM市场基准,4103.642,4048.852,4124.961,4046.568,19591206800
2023-03-08,000300,沪深300,CAPM市场基准,4030.739,4034.108,4037.287,4011.523,11793649300
2023-03-09,000300,沪深300,CAPM市场基准,4035.843,4019.851,4043.849,4000.89,11653962900
2023-03-10,000300,沪深300,CAPM市场基准,3991.796,3967.135,4004.361,3966.428,12385540900
2023-03-13,000300,沪深300,CAPM市场基准,3962.643,4008.686,4008.686,3962.643,14356137000
2023-03-14,000300,沪深300,CAPM市场基准,3999.88,3984.696,4001.942,3946.941,15054417400
2023-03-15,000300,沪深300,CAPM市场基准,4011.844,3986.902,4018.75,3986.902,14202600700
2023-03-16,000300,沪深300,CAPM市场基准,3958.196,3939.151,3981.321,3936.476,15251564400
2023-03-17,000300,沪深300,CAPM市场基准,3971.159,3958.819,4004.215,3945.25,17743381800
2023-03-20,000300,沪深300,CAPM市场基准,3962.663,3939.077,3979.549,3935.016,20526497000
2023-03-21,000300,沪深300,CAPM市场基准,3948.157,3982.378,3982.705,3948.157,14509067900
2023-03-22,000300,沪深300,CAPM市场基准,3993.785,3999.443,4016.45,3986.709,14922897000
2023-03-23,000300,沪深300,CAPM市场基准,3985.993,4039.09,4039.09,3983.999,15888742100
2023-03-24,000300,沪深300,CAPM市场基准,4035.156,4027.046,4037.842,4017.003,15944233000
2023-03-27,000300,沪深300,CAPM市场基准,4023.303,4012.477,4023.303,3987.03,16848227900
2023-03-28,000300,沪深300,CAPM市场基准,4015.697,3999.515,4023.783,3994.6,13189511700
2023-03-29,000300,沪深300,CAPM市场基准,4013.593,4006.144,4017.757,3992.666,13374351000
2023-03-30,000300,沪深300,CAPM市场基准,4009.557,4038.526,4040.502,3983.896,14990103700
2023-03-31,000300,沪深300,CAPM市场基准,4045.454,4050.926,4063.568,4039.959,13884254600
2023-04-03,000300,沪深300,CAPM市场基准,4059.623,4090.568,4094.938,4059.061,18212431300
2023-04-04,000300,沪深300,CAPM市场基准,4089.293,4103.105,4103.158,4080.068,19714663100
2023-04-06,000300,沪深300,CAPM市场基准,4084.132,4096.64,4098.833,4078.405,15070337400
2023-04-07,000300,沪深300,CAPM市场基准,4096.901,4123.28,4131.313,4092.185,12867673800
2023-04-10,000300,沪深300,CAPM市场基准,4132.01,4104.812,4132.295,4099.052,15245300200
2023-04-11,000300,沪深300,CAPM市场基准,4108.506,4100.148,4116.125,4083.495,15390133300
2023-04-12,000300,沪深300,CAPM市场基准,4102.397,4097.288,4108.245,4090.278,16596527800
2023-04-13,000300,沪深300,CAPM市场基准,4081.387,4068.979,4088.881,4059.574,15644429500
2023-04-14,000300,沪深300,CAPM市场基准,4078.97,4091.999,4098.215,4075.205,15069568200
2023-04-17,000300,沪深300,CAPM市场基准,4090.072,4149.384,4149.384,4089.509,18877309500
2023-04-18,000300,沪深300,CAPM市场基准,4139.309,4162.032,4169.668,4138.462,17018413000
2023-04-19,000300,沪深300,CAPM市场基准,4159.394,4124.559,4159.394,4118.626,16255459200
2023-04-20,000300,沪深300,CAPM市场基准,4122.946,4113.019,4125.823,4094.002,16270667700
2023-04-21,000300,沪深300,CAPM市场基准,4114.264,4032.567,4114.264,4031.912,18080243500
2023-04-24,000300,沪深300,CAPM市场基准,4031.303,3982.643,4033.637,3967.907,17009921700
2023-04-25,000300,沪深300,CAPM市场基准,3985.106,3962.666,3991.687,3925.436,17255540900
2023-04-26,000300,沪深300,CAPM市场基准,3950.255,3959.232,3975.656,3934.663,16270200600
2023-04-27,000300,沪深300,CAPM市场基准,3948.031,3988.419,3999.13,3942.815,15382819500
2023-04-28,000300,沪深300,CAPM市场基准,3993.256,4029.086,4030.447,3993.256,17950848800
2023-05-04,000300,沪深300,CAPM市场基准,4013.471,4030.247,4035.783,4001.126,22758284600
2023-05-05,000300,沪深300,CAPM市场基准,4031.095,4016.877,4047.602,3998.392,20662692400
2023-05-08,000300,沪深300,CAPM市场基准,4028.106,4062.662,4070.772,4018.961,25558308500
2023-05-09,000300,沪深300,CAPM市场基准,4065.439,4027.875,4092.85,4026.389,27930604800
2023-05-10,000300,沪深300,CAPM市场基准,4017.936,3996.87,4019.059,3984.629,20755270900
2023-05-11,000300,沪深300,CAPM市场基准,4005.782,3990.664,4018.058,3988.482,14480461900
2023-05-12,000300,沪深300,CAPM市场基准,3987.769,3937.762,3999.383,3937.527,14442172800
2023-05-15,000300,沪深300,CAPM市场基准,3938.83,3998.887,3998.887,3923.032,17625736200
2023-05-16,000300,沪深300,CAPM市场基准,4002.524,3978.205,4005.015,3966.992,13683327100
2023-05-17,000300,沪深300,CAPM市场基准,3971.702,3960.165,3982.604,3945.714,11844818500
2023-05-18,000300,沪深300,CAPM市场基准,3965.516,3956.07,3982.718,3939.553,13653394700
2023-05-19,000300,沪深300,CAPM市场基准,3946.222,3944.54,3967.282,3928.316,12021247900
2023-05-22,000300,沪深300,CAPM市场基准,3941.002,3969.328,3985.403,3935.802,10911660500
2023-05-23,000300,沪深300,CAPM市场基准,3968.235,3913.188,3971.939,3913.188,11868507700
2023-05-24,000300,沪深300,CAPM市场基准,3903.782,3859.094,3903.782,3859.094,13725826500
2023-05-25,000300,沪深300,CAPM市场基准,3851.405,3850.5,3861.382,3817.837,12415077000
2023-05-26,000300,沪深300,CAPM市场基准,3848.417,3850.951,3859.629,3815.57,10032643900
2023-05-29,000300,沪深300,CAPM市场基准,3862.084,3833.942,3866.724,3819.182,13185996700
2023-05-30,000300,沪深300,CAPM市场基准,3827.792,3837.753,3844.005,3789.274,13761962900
2023-05-31,000300,沪深300,CAPM市场基准,3827.163,3798.543,3827.163,3781.403,12638736800
2023-06-01,000300,沪深300,CAPM市场基准,3788.59,3806.868,3832.205,3786.734,13456188100
2023-06-02,000300,沪深300,CAPM市场基准,3821.62,3861.834,3865.284,3821.62,12501511000
2023-06-05,000300,沪深300,CAPM市场基准,3860.556,3844.249,3860.556,3832.458,11616398900
2023-06-06,000300,沪深300,CAPM市场基准,3840.459,3808.163,3867.845,3802.845,12578125800
2023-06-07,000300,沪深300,CAPM市场基准,3815.482,3789.342,3823.112,3780.102,9886243200
2023-06-08,000300,沪深300,CAPM市场基准,3791.083,3820.187,3834.389,3777.775,11870093400
2023-06-09,000300,沪深300,CAPM市场基准,3822.409,3836.703,3836.703,3811.219,13431986300
2023-06-12,000300,沪深300,CAPM市场基准,3827.325,3844.432,3859.716,3813.858,12675854300
2023-06-13,000300,沪深300,CAPM市场基准,3838.129,3864.907,3867.303,3833.46,11092494600
2023-06-14,000300,沪深300,CAPM市场基准,3872.716,3864.025,3891.666,3862.061,12495575900
2023-06-15,000300,沪深300,CAPM市场基准,3871.775,3925.499,3925.499,3871.775,12836993800
2023-06-16,000300,沪深300,CAPM市场基准,3932.211,3963.351,3968.013,3928.542,13976007600
2023-06-19,000300,沪深300,CAPM市场基准,3957.033,3930.908,3957.033,3922.474,13490584800
2023-06-20,000300,沪深300,CAPM市场基准,3926.094,3924.238,3937.495,3918.473,12252031800
2023-06-21,000300,沪深300,CAPM市场基准,3909.104,3864.032,3920.128,3864.032,11834657500
2023-06-26,000300,沪深300,CAPM市场基准,3833.444,3809.696,3841.286,3801.054,13399041900
2023-06-27,000300,沪深300,CAPM市场基准,3811.687,3845.433,3851.896,3806.324,11699268100
2023-06-28,000300,沪深300,CAPM市场基准,3836.609,3840.799,3846.852,3808.161,10702154100
2023-06-29,000300,沪深300,CAPM市场基准,3836.731,3821.844,3840.713,3817.376,9828927400
2023-06-30,000300,沪深300,CAPM市场基准,3816.335,3842.452,3860.031,3813.552,10126842900
2023-07-03,000300,沪深300,CAPM市场基准,3853.292,3892.882,3897.327,3853.292,13315805100
2023-07-04,000300,沪深300,CAPM市场基准,3888.033,3899.013,3899.976,3878.398,10949452700
2023-07-05,000300,沪深300,CAPM市场基准,3895.195,3868.805,3899.519,3864.13,9763638400
2023-07-06,000300,沪深300,CAPM市场基准,3857.03,3842.755,3876.89,3836.457,10012184200
2023-07-07,000300,沪深300,CAPM市场基准,3831.596,3825.699,3844.844,3819.077,10090692000
2023-07-10,000300,沪深300,CAPM市场基准,3841.559,3844.327,3865.457,3831.92,9203344100
2023-07-11,000300,沪深300,CAPM市场基准,3853.796,3869.486,3870.655,3844.524,8651071600
2023-07-12,000300,沪深300,CAPM市场基准,3864.601,3843.437,3874.04,3838.563,11152202400
2023-07-13,000300,沪深300,CAPM市场基准,3855.662,3898.423,3901.102,3855.662,12030023200
2023-07-14,000300,沪深300,CAPM市场基准,3904.603,3899.103,3908.487,3893.786,12236484600
2023-07-17,000300,沪深300,CAPM市场基准,3881.623,3867.175,3881.623,3852.263,9834014400
2023-07-18,000300,沪深300,CAPM市场基准,3871.044,3854.939,3871.044,3844.513,9143861500
2023-07-19,000300,沪深300,CAPM市场基准,3848.483,3850.866,3860.009,3830.407,7958570000
2023-07-20,000300,沪深300,CAPM市场基准,3857.773,3823.695,3875.624,3818.713,9204207600
2023-07-21,000300,沪深300,CAPM市场基准,3816.984,3821.91,3849.511,3808.803,7950756300
2023-07-24,000300,沪深300,CAPM市场基准,3803.349,3805.221,3828.785,3798.805,7548354500
2023-07-25,000300,沪深300,CAPM市场基准,3866.645,3915.115,3915.815,3866.645,16306632000
2023-07-26,000300,沪深300,CAPM市场基准,3908.174,3907.013,3912.983,3893.399,10788171700
2023-07-27,000300,沪深300,CAPM市场基准,3914.23,3902.346,3935.358,3894.692,11066710900
2023-07-28,000300,沪深300,CAPM市场基准,3889.793,3992.738,4000.919,3886.554,17973548100
2023-07-31,000300,沪深300,CAPM市场基准,4018.89,4014.63,4064.362,4002.078,19960683000
2023-08-01,000300,沪深300,CAPM市场基准,4009.183,3998.001,4031.701,3983.027,14228685900
2023-08-02,000300,沪深300,CAPM市场基准,3985.695,3969.895,4008.334,3958.513,12585569000
2023-08-03,000300,沪深300,CAPM市场基准,3962.13,4004.984,4005.0,3962.13,12900664000
2023-08-04,000300,沪深300,CAPM市场基准,4033.724,4020.579,4058.243,4011.62,17826718900
2023-08-07,000300,沪深300,CAPM市场基准,4002.968,3990.153,4002.968,3977.017,12131066200
2023-08-08,000300,沪深300,CAPM市场基准,3980.042,3979.732,4002.29,3963.463,10987169900
2023-08-09,000300,沪深300,CAPM市场基准,3967.357,3967.565,3982.109,3961.843,9464026900
2023-08-10,000300,沪深300,CAPM市场基准,3962.857,3975.717,3976.464,3945.387,9717684900
2023-08-11,000300,沪深300,CAPM市场基准,3977.983,3884.254,3977.983,3884.254,12608293100
2023-08-14,000300,沪深300,CAPM市场基准,3840.887,3855.906,3859.472,3814.071,11596633600
2023-08-15,000300,沪深300,CAPM市场基准,3858.366,3846.536,3865.284,3811.684,10309711100
2023-08-16,000300,沪深300,CAPM市场基准,3830.827,3818.334,3852.42,3817.632,9461694600
2023-08-17,000300,沪深300,CAPM市场基准,3801.197,3831.101,3836.151,3782.497,9841549300
2023-08-18,000300,沪深300,CAPM市场基准,3832.455,3784.004,3844.195,3784.004,9554963800
2023-08-21,000300,沪深300,CAPM市场基准,3773.225,3729.555,3782.111,3729.555,9870836900
2023-08-22,000300,沪深300,CAPM市场基准,3748.068,3758.227,3770.056,3704.679,12031832700
2023-08-23,000300,沪深300,CAPM市场基准,3751.774,3696.634,3756.166,3695.031,9708163800
2023-08-24,000300,沪深300,CAPM市场基准,3711.54,3723.429,3748.857,3701.572,11961452100
2023-08-25,000300,沪深300,CAPM市场基准,3703.514,3709.152,3734.219,3695.844,10518261000
2023-08-28,000300,沪深300,CAPM市场基准,3911.549,3752.619,3911.549,3740.528,19799037900
2023-08-29,000300,沪深300,CAPM市场基准,3743.053,3790.107,3810.377,3742.076,15248614600
2023-08-30,000300,沪深300,CAPM市场基准,3803.119,3788.51,3813.703,3780.241,12967166100
2023-08-31,000300,沪深300,CAPM市场基准,3786.926,3765.268,3793.997,3762.005,11896164600
2023-09-01,000300,沪深300,CAPM市场基准,3778.913,3791.491,3808.531,3778.913,10531904500
2023-09-04,000300,沪深300,CAPM市场基准,3812.987,3848.952,3854.261,3804.589,14238520100
2023-09-05,000300,沪深300,CAPM市场基准,3839.578,3820.317,3839.578,3814.334,10405233300
2023-09-06,000300,沪深300,CAPM市场基准,3808.1,3812.028,3817.524,3790.895,9344239300
2023-09-07,000300,沪深300,CAPM市场基准,3802.227,3758.475,3802.227,3756.853,9510390300
2023-09-08,000300,沪深300,CAPM市场基准,3747.651,3739.993,3753.263,3724.987,7163816600
2023-09-11,000300,沪深300,CAPM市场基准,3740.585,3767.537,3788.322,3734.723,10535801600
2023-09-12,000300,沪深300,CAPM市场基准,3764.333,3760.605,3775.093,3755.416,7938537800
2023-09-13,000300,沪深300,CAPM市场基准,3759.609,3736.651,3768.816,3719.111,8157690100
2023-09-14,000300,沪深300,CAPM市场基准,3736.936,3733.508,3748.818,3717.311,10038607500
2023-09-15,000300,沪深300,CAPM市场基准,3740.785,3708.777,3749.025,3699.381,10939568900
2023-09-18,000300,沪深300,CAPM市场基准,3698.934,3727.711,3737.531,3691.111,8672774100
2023-09-19,000300,沪深300,CAPM市场基准,3723.424,3720.502,3724.072,3702.693,8319903800
2023-09-20,000300,沪深300,CAPM市场基准,3715.958,3705.69,3718.521,3705.127,7544820900
2023-09-21,000300,沪深300,CAPM市场基准,3698.313,3672.445,3708.456,3672.445,8303100500
2023-09-22,000300,沪深300,CAPM市场基准,3672.64,3738.933,3740.418,3664.766,11023116600
2023-09-25,000300,沪深300,CAPM市场基准,3738.062,3714.604,3738.062,3711.205,9259647900
2023-09-26,000300,沪深300,CAPM市场基准,3711.711,3692.893,3723.848,3692.617,7804452500
2023-09-27,000300,沪深300,CAPM市场基准,3694.961,3700.495,3731.141,3694.394,9162921000
2023-09-28,000300,沪深300,CAPM市场基准,3711.212,3689.517,3716.057,3685.3,8522171900
2023-10-09,000300,沪深300,CAPM市场基准,3678.929,3684.727,3694.171,3641.997,10214805800
2023-10-10,000300,沪深300,CAPM市场基准,3696.254,3657.126,3701.256,3655.589,9916373000
2023-10-11,000300,沪深300,CAPM市场基准,3674.751,3667.548,3689.535,3658.355,10209158700
2023-10-12,000300,沪深300,CAPM市场基准,3697.934,3702.382,3711.499,3682.842,11436322500
2023-10-13,000300,沪深300,CAPM市场基准,3677.959,3663.41,3678.191,3652.309,9828798700
2023-10-16,000300,沪深300,CAPM市场基准,3664.039,3626.597,3664.039,3615.769,9185311800
2023-10-17,000300,沪深300,CAPM市场基准,3635.299,3639.402,3645.565,3619.128,9074518800
2023-10-18,000300,沪深300,CAPM市场基准,3631.067,3610.577,3632.058,3608.977,9454587900
2023-10-19,000300,沪深300,CAPM市场基准,3588.515,3533.545,3588.515,3532.306,11173752000
2023-10-20,000300,沪深300,CAPM市场基准,3518.346,3510.589,3535.662,3501.725,9851860500
2023-10-23,000300,沪深300,CAPM市场基准,3500.199,3474.244,3505.347,3450.646,9656165200
2023-10-24,000300,沪深300,CAPM市场基准,3481.764,3487.13,3495.004,3453.102,11554728900
2023-10-25,000300,沪深300,CAPM市场基准,3524.297,3504.458,3531.831,3500.915,12800961700
2023-10-26,000300,沪深300,CAPM市场基准,3484.781,3514.145,3515.572,3478.05,10514356600
2023-10-27,000300,沪深300,CAPM市场基准,3501.171,3562.385,3576.586,3494.549,12022510800
2023-10-30,000300,沪深300,CAPM市场基准,3554.106,3583.772,3592.719,3554.024,14401042600
2023-10-31,000300,沪深300,CAPM市场基准,3581.676,3572.506,3581.676,3554.582,11258726700
2023-11-01,000300,沪深300,CAPM市场基准,3605.758,3571.027,3606.413,3564.642,9764553800
2023-11-02,000300,沪深300,CAPM市场基准,3580.067,3554.189,3597.17,3553.741,9035964300
2023-11-03,000300,沪深300,CAPM市场基准,3558.53,3584.136,3596.101,3558.53,9754210100
2023-11-06,000300,沪深300,CAPM市场基准,3608.319,3632.608,3635.79,3600.63,15298246300
2023-11-07,000300,沪深300,CAPM市场基准,3623.785,3619.759,3628.462,3606.298,11028859100
2023-11-08,000300,沪深300,CAPM市场基准,3610.643,3611.072,3627.048,3591.825,11059423000
2023-11-09,000300,沪深300,CAPM市场基准,3603.108,3612.826,3624.414,3601.374,11187205700
2023-11-10,000300,沪深300,CAPM市场基准,3596.069,3586.489,3599.452,3576.101,10210703400
2023-11-13,000300,沪深300,CAPM市场基准,3593.911,3579.414,3599.39,3562.768,9670764900
2023-11-14,000300,沪深300,CAPM市场基准,3581.103,3582.058,3600.148,3568.882,10088415800
2023-11-15,000300,沪深300,CAPM市场基准,3616.877,3607.245,3620.601,3596.916,10492921800
2023-11-16,000300,沪深300,CAPM市场基准,3600.981,3572.364,3605.29,3572.364,8746478000
2023-11-17,000300,沪深300,CAPM市场基准,3561.311,3568.069,3573.682,3547.029,8731920700
2023-11-20,000300,沪深300,CAPM市场基准,3569.731,3576.323,3586.973,3545.104,9108044500
2023-11-21,000300,沪深300,CAPM市场基准,3587.878,3581.067,3615.057,3575.682,10859431400
2023-11-22,000300,沪深300,CAPM市场基准,3569.439,3544.416,3574.378,3544.416,8478438100
2023-11-23,000300,沪深300,CAPM市场基准,3541.442,3561.52,3562.068,3529.939,8480016700
2023-11-24,000300,沪深300,CAPM市场基准,3560.646,3538.009,3560.646,3533.996,8501840300
2023-11-27,000300,沪深300,CAPM市场基准,3534.445,3511.942,3534.445,3492.862,9910231400
2023-11-28,000300,沪深300,CAPM市场基准,3510.655,3518.523,3521.046,3501.109,8933578900
2023-11-29,000300,沪深300,CAPM市场基准,3518.884,3488.307,3519.198,3482.244,9884141200
2023-11-30,000300,沪深300,CAPM市场基准,3485.517,3496.203,3505.127,3481.452,10135082000
2023-12-01,000300,沪深300,CAPM市场基准,3494.223,3482.881,3494.223,3452.173,10853094100
2023-12-04,000300,沪深300,CAPM市场基准,3481.045,3460.138,3488.133,3459.611,9715682600
2023-12-05,000300,沪深300,CAPM市场基准,3450.09,3394.257,3450.09,3393.814,10047200700
2023-12-06,000300,沪深300,CAPM市场基准,3387.88,3399.598,3420.277,3382.946,10580551900
2023-12-07,000300,沪深300,CAPM市场基准,3394.306,3391.282,3404.407,3369.768,9771324800
2023-12-08,000300,沪深300,CAPM市场基准,3391.859,3399.462,3409.385,3383.448,12952205400
2023-12-11,000300,沪深300,CAPM市场基准,3378.052,3419.455,3426.611,3346.89,13962624900
2023-12-12,000300,沪深300,CAPM市场基准,3409.998,3426.803,3427.546,3406.101,10559001300
2023-12-13,000300,沪深300,CAPM市场基准,3418.641,3369.605,3418.641,3369.605,9528536700
2023-12-14,000300,沪深300,CAPM市场基准,3387.385,3351.964,3399.139,3350.765,8365513500
2023-12-15,000300,沪深300,CAPM市场基准,3365.939,3341.552,3388.505,3339.519,9778778300
2023-12-18,000300,沪深300,CAPM市场基准,3329.191,3329.366,3352.346,3314.91,9052682600
2023-12-19,000300,沪深300,CAPM市场基准,3325.66,3334.041,3345.78,3313.187,8380811800
2023-12-20,000300,沪深300,CAPM市场基准,3334.332,3297.502,3338.543,3297.365,9241286800
2023-12-21,000300,沪深300,CAPM市场基准,3285.605,3330.87,3339.355,3283.988,10254619800
2023-12-22,000300,沪深300,CAPM市场基准,3329.467,3337.228,3359.06,3315.898,10522013300
2023-12-25,000300,沪深300,CAPM市场基准,3330.333,3347.451,3348.882,3330.333,7454269300
2023-12-26,000300,沪深300,CAPM市场基准,3345.395,3324.79,3345.417,3315.937,7473293500
2023-12-27,000300,沪深300,CAPM市场基准,3326.927,3336.357,3341.266,3309.673,9440392800
2023-12-28,000300,沪深300,CAPM市场基准,3335.557,3414.54,3423.402,3331.208,14806485100
2023-12-29,000300,沪深300,CAPM市场基准,3411.109,3431.11,3432.541,3409.58,11492893200
2024-01-02,000300,沪深300,CAPM市场基准,3426.268,3386.352,3426.268,3386.352,11618072600
2024-01-03,000300,沪深300,CAPM市场基准,3379.75,3378.297,3392.85,3362.662,10561385100
2024-01-04,000300,沪深300,CAPM市场基准,3375.021,3347.052,3375.021,3323.865,10672101300
2024-01-05,000300,沪深300,CAPM市场基准,3341.306,3329.111,3372.544,3313.554,12640057400
2024-01-08,000300,沪深300,CAPM市场基准,3322.605,3286.056,3333.516,3283.342,11742948500
2024-01-09,000300,沪深300,CAPM市场基准,3286.708,3292.499,3304.601,3273.843,10933046500
2024-01-10,000300,沪深300,CAPM市场基准,3281.669,3277.129,3312.916,3268.247,9419936600
2024-01-11,000300,沪深300,CAPM市场基准,3275.309,3295.672,3311.114,3266.791,10878973500
2024-01-12,000300,沪深300,CAPM市场基准,3284.358,3284.167,3310.47,3279.699,9685355500
2024-01-15,000300,沪深300,CAPM市场基准,3270.103,3280.92,3306.922,3261.269,8885153000
2024-01-16,000300,沪深300,CAPM市场基准,3272.571,3300.876,3300.876,3260.436,11327666500
2024-01-17,000300,沪深300,CAPM市场基准,3291.139,3229.082,3291.139,3229.082,10876972800
2024-01-18,000300,沪深300,CAPM市场基准,3214.284,3274.729,3279.254,3171.633,17490916800
2024-01-19,000300,沪深300,CAPM市场基准,3261.239,3269.776,3286.942,3251.814,11850140800
2024-01-22,000300,沪深300,CAPM市场基准,3262.469,3218.902,3281.421,3193.178,14870562800
2024-01-23,000300,沪深300,CAPM市场基准,3208.432,3231.933,3249.531,3188.126,12201200000
2024-01-24,000300,沪深300,CAPM市场基准,3245.959,3277.109,3281.489,3190.467,15437195400
2024-01-25,000300,沪深300,CAPM市场基准,3274.339,3342.919,3344.243,3269.794,19683361400
2024-01-26,000300,沪深300,CAPM市场基准,3326.647,3333.821,3351.969,3315.127,18066400500
2024-01-29,000300,沪深300,CAPM市场基准,3335.394,3303.96,3351.372,3303.96,18416479500
2024-01-30,000300,沪深300,CAPM市场基准,3283.898,3245.039,3300.204,3244.972,14364935000
2024-01-31,000300,沪深300,CAPM市场基准,3231.543,3215.352,3252.148,3201.926,15314346900
2024-02-01,000300,沪深300,CAPM市场基准,3202.256,3217.711,3251.758,3191.897,14551679200
2024-02-02,000300,沪深300,CAPM市场基准,3219.873,3179.628,3235.408,3108.352,17375808900
2024-02-05,000300,沪深300,CAPM市场基准,3164.25,3200.422,3233.849,3111.518,20304297000
2024-02-06,000300,沪深300,CAPM市场基准,3185.25,3311.692,3314.512,3182.822,20271309900
2024-02-07,000300,沪深300,CAPM市场基准,3314.031,3343.63,3343.63,3289.67,21664793300
2024-02-08,000300,沪深300,CAPM市场基准,3351.405,3364.93,3367.21,3336.978,18997757800
2024-02-19,000300,沪深300,CAPM市场基准,3393.192,3403.808,3403.808,3364.142,18331980000
2024-02-20,000300,沪深300,CAPM市场基准,3395.192,3410.854,3415.894,3380.103,14073458100
2024-02-21,000300,沪深300,CAPM市场基准,3390.362,3456.871,3500.134,3383.691,18887936200
2024-02-22,000300,沪深300,CAPM市场基准,3450.352,3486.675,3486.683,3448.414,14102078400
2024-02-23,000300,沪深300,CAPM市场基准,3491.337,3489.742,3507.559,3472.968,14482127300
2024-02-26,000300,沪深300,CAPM市场基准,3485.543,3453.359,3492.606,3445.389,15124833100
2024-02-27,000300,沪深300,CAPM市场基准,3440.052,3494.787,3494.787,3437.442,13952824600
2024-02-28,000300,沪深300,CAPM市场基准,3499.826,3450.26,3521.657,3450.26,18983754800
2024-02-29,000300,沪深300,CAPM市场基准,3437.898,3516.083,3516.083,3437.898,15594453200
2024-03-01,000300,沪深300,CAPM市场基准,3515.059,3537.804,3544.36,3503.459,16270957000
2024-03-04,000300,沪深300,CAPM市场基准,3538.366,3540.869,3548.69,3519.76,16324461300
2024-03-05,000300,沪深300,CAPM市场基准,3524.964,3565.514,3570.694,3519.082,16642238900
2024-03-06,000300,沪深300,CAPM市场基准,3556.532,3551.048,3577.388,3545.101,14307661300
2024-03-07,000300,沪深300,CAPM市场基准,3548.101,3529.72,3569.919,3522.896,14811051000
2024-03-08,000300,沪深300,CAPM市场基准,3529.551,3544.91,3548.506,3511.577,12579266400
2024-03-11,000300,沪深300,CAPM市场基准,3545.943,3589.264,3589.264,3542.279,14820282500
2024-03-12,000300,沪深300,CAPM市场基准,3592.583,3597.494,3605.698,3574.212,18068556000
2024-03-13,000300,沪深300,CAPM市场基准,3594.421,3572.361,3594.421,3563.369,14459059000
2024-03-14,000300,沪深300,CAPM市场基准,3571.789,3562.223,3597.46,3545.612,14096272200
2024-03-15,000300,沪深300,CAPM市场基准,3554.907,3569.993,3572.809,3533.68,13831604400
2024-03-18,000300,沪深300,CAPM市场基准,3577.056,3603.528,3604.052,3573.404,16037943800
2024-03-19,000300,沪深300,CAPM市场基准,3593.34,3577.63,3610.739,3577.188,14557178600
2024-03-20,000300,沪深300,CAPM市场基准,3568.716,3585.384,3589.546,3568.434,12952896600
2024-03-21,000300,沪深300,CAPM市场基准,3593.07,3581.09,3601.115,3575.033,13074337700
2024-03-22,000300,沪深300,CAPM市场基准,3571.274,3545.002,3575.717,3522.84,13922735800
2024-03-25,000300,沪深300,CAPM市场基准,3536.714,3525.763,3564.96,3525.763,13701572400
2024-03-26,000300,沪深300,CAPM市场基准,3526.682,3543.747,3547.646,3518.602,12620953500
2024-03-27,000300,沪深300,CAPM市场基准,3538.724,3502.787,3542.962,3502.787,12862676300
2024-03-28,000300,沪深300,CAPM市场基准,3498.482,3520.965,3551.214,3489.386,14333471700
2024-03-29,000300,沪深300,CAPM市场基准,3516.883,3537.484,3538.238,3516.883,12864329000
2024-04-01,000300,沪深300,CAPM市场基准,3551.582,3595.647,3600.919,3551.582,16277656100
2024-04-02,000300,沪深300,CAPM市场基准,3593.221,3580.676,3596.19,3568.754,14127297200
2024-04-03,000300,沪深300,CAPM市场基准,3578.684,3567.803,3582.432,3558.874,13559233100
2024-04-08,000300,沪深300,CAPM市场基准,3553.555,3536.408,3567.82,3535.769,15530428300
2024-04-09,000300,沪深300,CAPM市场基准,3533.385,3533.487,3543.714,3518.86,12967094200
2024-04-10,000300,沪深300,CAPM市场基准,3528.968,3504.709,3531.23,3490.053,12879027400
2024-04-11,000300,沪深300,CAPM市场基准,3485.029,3504.245,3520.589,3484.925,12653439500
2024-04-12,000300,沪深300,CAPM市场基准,3505.75,3475.839,3516.699,3470.061,12892111600
2024-04-15,000300,沪深300,CAPM市场基准,3473.505,3549.076,3552.413,3473.505,18394125000
2024-04-16,000300,沪深300,CAPM市场基准,3533.364,3511.115,3545.503,3503.616,17615306500
2024-04-17,000300,沪深300,CAPM市场基准,3509.132,3565.403,3565.939,3498.032,16846639800
2024-04-18,000300,沪深300,CAPM市场基准,3550.556,3569.802,3602.79,3547.6,17857410500
2024-04-19,000300,沪深300,CAPM市场基准,3550.609,3541.662,3560.949,3529.324,14728150500
2024-04-22,000300,沪深300,CAPM市场基准,3536.184,3530.905,3558.164,3528.019,15057904200
2024-04-23,000300,沪深300,CAPM市场基准,3525.668,3506.225,3533.758,3499.984,14311350400
2024-04-24,000300,沪深300,CAPM市场基准,3514.011,3521.622,3524.537,3495.649,12173985100
2024-04-25,000300,沪深300,CAPM市场基准,3510.64,3530.281,3543.97,3505.2,11518772200
2024-04-26,000300,沪深300,CAPM市场基准,3531.965,3584.269,3588.4,3531.965,19721613300
2024-04-29,000300,沪深300,CAPM市场基准,3584.543,3623.912,3645.823,3578.76,22272138100
2024-04-30,000300,沪深300,CAPM市场基准,3619.259,3604.394,3630.709,3604.394,19129689900
2024-05-06,000300,沪深300,CAPM市场基准,3654.049,3657.877,3668.257,3645.738,20801800700
2024-05-07,000300,沪深300,CAPM市场基准,3657.001,3659.008,3665.684,3648.376,16483428600
2024-05-08,000300,沪深300,CAPM市场基准,3650.748,3630.223,3650.936,3628.698,13003533600
2024-05-09,000300,沪深300,CAPM市场基准,3630.414,3664.561,3669.759,3630.414,14655901700
2024-05-10,000300,沪深300,CAPM市场基准,3669.087,3666.277,3674.609,3641.764,15072053600
2024-05-13,000300,沪深300,CAPM市场基准,3646.349,3664.691,3673.621,3634.605,15726745500
2024-05-14,000300,沪深300,CAPM市场基准,3668.225,3657.045,3675.776,3646.709,13340649000
2024-05-15,000300,沪深300,CAPM市场基准,3651.054,3626.056,3656.528,3624.002,12352276400
2024-05-16,000300,沪深300,CAPM市场基准,3636.601,3640.359,3657.483,3626.334,15463050300
2024-05-17,000300,沪深300,CAPM市场基准,3638.561,3677.97,3677.97,3627.447,16457041700
2024-05-20,000300,沪深300,CAPM市场基准,3682.062,3690.962,3703.029,3677.443,18460942300
2024-05-21,000300,沪深300,CAPM市场基准,3682.287,3676.161,3684.611,3665.152,13067828300
2024-05-22,000300,沪深300,CAPM市场基准,3675.647,3684.451,3691.88,3667.089,15191460500
2024-05-23,000300,沪深300,CAPM市场基准,3672.84,3641.792,3674.365,3633.505,14257299000
2024-05-24,000300,沪深300,CAPM市场基准,3630.827,3601.475,3650.873,3599.668,12479117700
2024-05-27,000300,沪深300,CAPM市场基准,3606.645,3635.708,3638.151,3603.713,13127264400
2024-05-28,000300,沪深300,CAPM市场基准,3633.254,3609.172,3638.97,3605.921,12353223800
2024-05-29,000300,沪深300,CAPM市场基准,3609.071,3613.522,3633.197,3602.82,11590632100
2024-05-30,000300,沪深300,CAPM市场基准,3607.052,3594.312,3624.035,3586.754,12260299500
2024-05-31,000300,沪深300,CAPM市场基准,3599.82,3579.925,3614.644,3579.925,11246201900
2024-06-03,000300,沪深300,CAPM市场基准,3577.38,3588.748,3600.604,3567.871,14105459100
2024-06-04,000300,沪深300,CAPM市场基准,3583.81,3615.671,3622.501,3580.277,12454509600
2024-06-05,000300,沪深300,CAPM市场基准,3610.36,3594.794,3623.323,3594.106,11090676600
2024-06-06,000300,沪深300,CAPM市场基准,3602.155,3592.245,3625.011,3584.171,13789351700
2024-06-07,000300,沪深300,CAPM市场基准,3594.634,3574.114,3603.07,3552.085,13110302600
2024-06-11,000300,沪深300,CAPM市场基准,3555.819,3542.877,3565.311,3525.895,13452230600
2024-06-12,000300,沪深300,CAPM市场基准,3539.095,3544.123,3551.171,3531.566,12281372900
2024-06-13,000300,沪深300,CAPM市场基准,3548.216,3526.131,3551.077,3520.18,12324546200
2024-06-14,000300,沪深300,CAPM市场基准,3514.8,3541.533,3547.147,3503.523,17151694200
2024-06-17,000300,沪深300,CAPM市场基准,3521.437,3536.199,3540.793,3520.738,13743343800
2024-06-18,000300,沪深300,CAPM市场基准,3533.488,3545.59,3551.709,3532.785,12367183800
2024-06-19,000300,沪深300,CAPM市场基准,3543.36,3528.749,3543.36,3524.845,10664279700
2024-06-20,000300,沪深300,CAPM市场基准,3525.169,3503.282,3533.987,3500.131,11161739600
2024-06-21,000300,沪深300,CAPM市场基准,3496.343,3495.62,3505.512,3473.828,10918661500
2024-06-24,000300,沪深300,CAPM市场基准,3473.639,3476.81,3505.775,3471.216,11799018400
2024-06-25,000300,沪深300,CAPM市场基准,3475.165,3457.902,3483.219,3440.646,11844811800
2024-06-26,000300,沪深300,CAPM市场基准,3451.539,3480.265,3487.396,3442.298,10589886100
2024-06-27,000300,沪深300,CAPM市场基准,3467.289,3454.118,3471.142,3452.578,11491810100
2024-06-28,000300,沪深300,CAPM市场基准,3443.674,3461.657,3484.678,3443.674,13540915300
2024-07-01,000300,沪深300,CAPM市场基准,3458.264,3478.183,3479.955,3443.809,12182977000
2024-07-02,000300,沪深300,CAPM市场基准,3472.453,3471.786,3488.319,3464.524,12165012100
2024-07-03,000300,沪深300,CAPM市场基准,3471.556,3463.414,3478.705,3454.994,10385710800
2024-07-04,000300,沪深300,CAPM市场基准,3468.296,3445.813,3483.31,3444.928,10442990900
2024-07-05,000300,沪深300,CAPM市场基准,3443.359,3431.061,3451.039,3399.669,11660965900
2024-07-08,000300,沪深300,CAPM市场基准,3420.803,3401.76,3428.042,3395.912,11552821800
2024-07-09,000300,沪深300,CAPM市场基准,3396.804,3439.811,3448.928,3384.809,13162944300
2024-07-10,000300,沪深300,CAPM市场基准,3425.882,3428.966,3447.505,3423.648,12720345600
2024-07-11,000300,沪深300,CAPM市场基准,3451.044,3468.169,3473.984,3438.118,14589246600
2024-07-12,000300,沪深300,CAPM市场基准,3459.956,3472.401,3479.096,3457.363,13087458900
2024-07-15,000300,沪深300,CAPM市场基准,3462.611,3476.247,3481.461,3460.792,11851708300
2024-07-16,000300,沪深300,CAPM市场基准,3466.852,3498.283,3500.294,3464.366,12065901700
2024-07-17,000300,沪深300,CAPM市场基准,3494.209,3501.584,3514.475,3486.223,13180206200
2024-07-18,000300,沪深300,CAPM市场基准,3483.298,3520.931,3522.8,3475.724,12376819900
2024-07-19,000300,沪深300,CAPM市场基准,3500.805,3539.016,3545.338,3493.073,13244797500
2024-07-22,000300,沪深300,CAPM市场基准,3538.401,3514.925,3540.187,3494.014,13212633700
2024-07-23,000300,沪深300,CAPM市场基准,3509.789,3439.878,3509.789,3439.878,12889766000
2024-07-24,000300,沪深300,CAPM市场基准,3432.346,3418.166,3451.42,3408.413,12703626300
2024-07-25,000300,沪深300,CAPM市场基准,3404.611,3399.272,3415.856,3383.799,13102224200
2024-07-26,000300,沪深300,CAPM市场基准,3403.708,3409.293,3420.82,3388.66,12419555800
2024-07-29,000300,沪深300,CAPM市场基准,3404.366,3390.742,3408.502,3388.844,10978778600
2024-07-30,000300,沪深300,CAPM市场基准,3380.689,3369.382,3380.689,3352.804,10495216400
2024-07-31,000300,沪深300,CAPM市场基准,3364.027,3442.084,3445.004,3364.027,17195917700
2024-08-01,000300,沪深300,CAPM市场基准,3443.14,3419.267,3448.336,3419.187,13632346400
2024-08-02,000300,沪深300,CAPM市场基准,3393.917,3384.392,3419.102,3380.965,11661525500
2024-08-05,000300,沪深300,CAPM市场基准,3362.112,3343.321,3409.031,3343.321,14281251600
2024-08-06,000300,沪深300,CAPM市场基准,3367.352,3342.979,3376.796,3318.625,11934027900
2024-08-07,000300,沪深300,CAPM市场基准,3338.591,3341.489,3362.384,3329.966,9508437700
2024-08-08,000300,沪深300,CAPM市场基准,3332.428,3342.937,3364.786,3320.843,9249569500
2024-08-09,000300,沪深300,CAPM市场基准,3358.128,3331.627,3366.669,3331.627,9151162600
2024-08-12,000300,沪深300,CAPM市场基准,3327.556,3325.865,3338.077,3319.891,7993875400
2024-08-13,000300,沪深300,CAPM市场基准,3328.014,3334.39,3335.014,3310.191,8448967900
2024-08-14,000300,沪深300,CAPM市场基准,3332.787,3309.239,3332.787,3309.1,7874240700
2024-08-15,000300,沪深300,CAPM市场基准,3301.446,3341.953,3356.764,3297.971,10476639900
2024-08-16,000300,沪深300,CAPM市场基准,3342.035,3345.634,3356.907,3335.624,9651908300
2024-08-19,000300,沪深300,CAPM市场基准,3344.261,3356.968,3375.962,3343.712,10557111000
2024-08-20,000300,沪深300,CAPM市场基准,3361.639,3332.703,3362.334,3321.64,10166833100
2024-08-21,000300,沪深300,CAPM市场基准,3322.913,3321.635,3339.443,3307.992,8995475100
2024-08-22,000300,沪深300,CAPM市场基准,3322.872,3313.136,3327.696,3305.245,10036650400
2024-08-23,000300,沪深300,CAPM市场基准,3305.931,3327.191,3336.241,3305.64,8952577400
2024-08-26,000300,沪深300,CAPM市场基准,3330.718,3324.223,3336.527,3311.57,9399077200
2024-08-27,000300,沪深300,CAPM市场基准,3315.686,3305.334,3320.567,3299.564,9580815700
2024-08-28,000300,沪深300,CAPM市场基准,3298.909,3286.496,3305.35,3274.588,9269665000
2024-08-29,000300,沪深300,CAPM市场基准,3273.541,3277.681,3290.786,3269.529,13070233300
2024-08-30,000300,沪深300,CAPM市场基准,3273.753,3321.432,3351.625,3273.65,18869544300
2024-09-02,000300,沪深300,CAPM市场基准,3307.543,3265.011,3307.763,3264.757,14761235300
2024-09-03,000300,沪深300,CAPM市场基准,3261.741,3273.428,3281.594,3261.188,12289730600
2024-09-04,000300,沪深300,CAPM市场基准,3253.898,3252.165,3272.986,3249.981,10483248200
2024-09-05,000300,沪深300,CAPM市场基准,3252.96,3257.758,3266.882,3247.173,9710945000
2024-09-06,000300,沪深300,CAPM市场基准,3261.154,3231.346,3274.814,3231.069,8840041700
2024-09-09,000300,沪深300,CAPM市场基准,3214.8,3192.952,3222.928,3180.928,10867306900
2024-09-10,000300,沪深300,CAPM市场基准,3193.456,3195.755,3205.097,3171.793,9729007800
2024-09-11,000300,沪深300,CAPM市场基准,3187.051,3186.13,3197.336,3174.034,10248211000
2024-09-12,000300,沪深300,CAPM市场基准,3189.427,3172.475,3201.554,3171.878,9286865700
2024-09-13,000300,沪深300,CAPM市场基准,3174.034,3159.247,3188.915,3159.247,8833667700
2024-09-18,000300,沪深300,CAPM市场基准,3158.818,3171.01,3179.901,3145.791,8472281400
2024-09-19,000300,沪深300,CAPM市场基准,3178.396,3196.036,3213.838,3149.793,12543927200
2024-09-20,000300,沪深300,CAPM市场基准,3192.432,3201.05,3207.988,3173.224,11806409800
2024-09-23,000300,沪深300,CAPM市场基准,3200.868,3212.764,3230.161,3198.025,9534485500
2024-09-24,000300,沪深300,CAPM市场基准,3244.647,3351.909,3351.968,3222.489,20407221700
2024-09-25,000300,沪深300,CAPM市场基准,3403.702,3401.533,3465.488,3393.438,24156425500
2024-09-26,000300,沪深300,CAPM市场基准,3399.319,3545.32,3545.325,3391.677,24313401000
2024-09-27,000300,沪深300,CAPM市场基准,3617.92,3703.685,3708.495,3596.583,26548777400
2024-09-30,000300,沪深300,CAPM市场基准,3846.652,4017.855,4038.697,3796.505,51021770700
2024-10-08,000300,沪深300,CAPM市场基准,4450.368,4256.096,4450.368,4094.352,58986789400
2024-10-09,000300,沪深300,CAPM市场基准,4168.844,3955.984,4197.6,3942.512,48226929500
2024-10-10,000300,沪深300,CAPM市场基准,3979.612,3997.788,4098.497,3912.771,39505309900
2024-10-11,000300,沪深300,CAPM市场基准,3969.758,3887.167,3978.239,3847.123,27409650500
2024-10-14,000300,沪深300,CAPM市场基准,3915.219,3961.342,3979.543,3868.779,30757899300
2024-10-15,000300,沪深300,CAPM市场基准,3942.534,3855.995,3967.871,3855.995,24248644800
2024-10-16,000300,沪深300,CAPM市场基准,3806.137,3831.589,3877.748,3805.087,21886640700
2024-10-17,000300,沪深300,CAPM市场基准,3853.841,3788.222,3882.073,3787.75,21231382000
2024-10-18,000300,沪深300,CAPM市场基准,3780.314,3925.234,3998.214,3765.162,31295883400
2024-10-21,000300,沪深300,CAPM市场基准,3946.902,3935.197,3979.264,3896.165,29118563400
2024-10-22,000300,沪深300,CAPM市场基准,3923.744,3957.776,3965.908,3917.522,22343339600
2024-10-23,000300,沪深300,CAPM市场基准,3955.319,3973.209,4012.18,3939.099,24587394900
2024-10-24,000300,沪深300,CAPM市场基准,3950.899,3928.833,3957.983,3914.089,17472406200
2024-10-25,000300,沪深300,CAPM市场基准,3931.321,3956.421,3992.892,3921.94,21069488500
2024-10-28,000300,沪深300,CAPM市场基准,3953.106,3964.157,3964.157,3917.204,21616041500
2024-10-29,000300,沪深300,CAPM市场基准,3970.008,3924.649,3991.309,3921.58,21729398400
2024-10-30,000300,沪深300,CAPM市场基准,3904.16,3889.449,3926.058,3864.305,21943662600
2024-10-31,000300,沪深300,CAPM市场基准,3888.423,3891.04,3923.9,3859.108,30063671800
2024-11-01,000300,沪深300,CAPM市场基准,3882.458,3890.02,3933.22,3879.959,30798648100
2024-11-04,000300,沪深300,CAPM市场基准,3897.714,3944.762,3944.762,3891.211,22923906000
2024-11-05,000300,沪深300,CAPM市场基准,3937.623,4044.573,4046.698,3925.414,31686279400
2024-11-06,000300,沪深300,CAPM市场基准,4051.289,4024.283,4091.703,4002.503,33580793800
2024-11-07,000300,沪深300,CAPM市场基准,3987.267,4145.695,4146.151,3984.665,34143641400
2024-11-08,000300,沪深300,CAPM市场基准,4192.079,4104.047,4200.908,4094.163,33235038500
2024-11-11,000300,沪深300,CAPM市场基准,4066.934,4131.131,4132.511,4048.039,28959422700
2024-11-12,000300,沪深300,CAPM市场基准,4133.353,4085.743,4181.71,4060.794,29777808600
2024-11-13,000300,沪深300,CAPM市场基准,4059.59,4110.89,4121.074,4059.59,24048409900
2024-11-14,000300,沪深300,CAPM市场基准,4101.223,4039.619,4118.169,4034.944,23015278400
2024-11-15,000300,沪深300,CAPM市场基准,4025.648,3968.831,4049.071,3968.831,24739946300
2024-11-18,000300,沪深300,CAPM市场基准,3982.104,3950.381,4034.06,3931.187,30677794600
2024-11-19,000300,沪深300,CAPM市场基准,3954.604,3976.891,3979.151,3896.749,24294646500
2024-11-20,000300,沪深300,CAPM市场基准,3966.124,3985.773,4001.085,3958.338,18459937200
2024-11-21,000300,沪深300,CAPM市场基准,3979.455,3989.298,3999.569,3966.066,16612592700
2024-11-22,000300,沪深300,CAPM市场基准,3984.244,3865.699,3990.265,3865.699,21628580900
2024-11-25,000300,沪深300,CAPM市场基准,3875.613,3848.091,3889.707,3812.318,19070295300
2024-11-26,000300,沪深300,CAPM市场基准,3836.259,3840.185,3875.229,3833.284,14989244100
2024-11-27,000300,沪深300,CAPM市场基准,3829.344,3907.045,3907.164,3817.913,17413609600
2024-11-28,000300,沪深300,CAPM市场基准,3904.253,3872.551,3908.392,3866.014,15011729100
2024-11-29,000300,沪深300,CAPM市场基准,3869.89,3916.583,3962.7,3869.89,18765671300
2024-12-02,000300,沪深300,CAPM市场基准,3909.703,3947.632,3955.125,3902.17,19728978400
2024-12-03,000300,沪深300,CAPM市场基准,3946.703,3951.891,3963.947,3922.843,18249686700
2024-12-04,000300,沪深300,CAPM市场基准,3948.13,3930.557,3957.365,3917.747,17462631800
2024-12-05,000300,沪深300,CAPM市场基准,3916.564,3921.588,3936.336,3910.083,13853403800
2024-12-06,000300,沪深300,CAPM市场基准,3923.895,3973.141,3995.117,3923.895,19205790700
2024-12-09,000300,沪深300,CAPM市场基准,3970.663,3966.571,3995.512,3948.421,17595995800
2024-12-10,000300,沪深300,CAPM市场基准,4094.05,3995.637,4098.38,3988.968,25346379500
2024-12-11,000300,沪深300,CAPM市场基准,3988.018,3988.831,4005.325,3977.352,17725284600
2024-12-12,000300,沪深300,CAPM市场基准,3987.153,4028.505,4031.744,3981.349,18162177700
2024-12-13,000300,沪深300,CAPM市场基准,4000.985,3933.181,4000.985,3931.739,23035307900
2024-12-16,000300,沪深300,CAPM市场基准,3930.781,3911.842,3938.76,3901.647,17851125100
2024-12-17,000300,沪深300,CAPM市场基准,3908.126,3922.033,3955.945,3908.126,16093909000
2024-12-18,000300,沪深300,CAPM市场基准,3934.543,3941.89,3956.144,3933.969,15773832100
2024-12-19,000300,沪深300,CAPM市场基准,3911.89,3945.464,3954.349,3899.748,16108104000
2024-12-20,000300,沪深300,CAPM市场基准,3937.472,3927.744,3958.634,3923.256,15498649600
2024-12-23,000300,沪深300,CAPM市场基准,3928.149,3933.572,3965.85,3928.149,19006736200
2024-12-24,000300,沪深300,CAPM市场基准,3934.942,3983.688,3985.859,3934.734,16149458900
2024-12-25,000300,沪深300,CAPM市场基准,3987.956,3985.629,4007.763,3969.477,15939074700
2024-12-26,000300,沪深300,CAPM市场基准,3981.732,3987.48,3991.533,3965.546,14342528600
2024-12-27,000300,沪深300,CAPM市场基准,3987.019,3981.031,4007.131,3970.937,16926866600
2024-12-30,000300,沪深300,CAPM市场基准,3976.7,3999.055,4005.778,3976.7,16461248500
2024-12-31,000300,沪深300,CAPM市场基准,3995.871,3934.911,4004.346,3934.911,18392839700
2025-01-02,000300,沪深300,CAPM市场基准,3931.816,3820.395,3934.203,3796.339,21789872400
2025-01-03,000300,沪深300,CAPM市场基准,3825.243,3775.165,3835.935,3767.665,17534267600
2025-01-06,000300,沪深300,CAPM市场基准,3775.99,3768.97,3788.849,3743.073,15094667000
2025-01-07,000300,沪深300,CAPM市场基准,3760.866,3796.106,3797.602,3749.058,14645577900
2025-01-08,000300,沪深300,CAPM市场基准,3781.261,3789.215,3810.736,3731.189,16916696800
2025-01-09,000300,沪深300,CAPM市场基准,3780.734,3779.877,3795.261,3768.681,12979400200
2025-01-10,000300,沪深300,CAPM市场基准,3778.893,3732.481,3786.807,3732.481,13752317100
2025-01-13,000300,沪深300,CAPM市场基准,3704.444,3722.513,3737.885,3704.107,13644619900
2025-01-14,000300,沪深300,CAPM市场基准,3728.556,3820.54,3826.64,3718.877,17066465700
2025-01-15,000300,沪深300,CAPM市场基准,3810.035,3796.026,3816.828,3790.166,14147552000
2025-01-16,000300,沪深300,CAPM市场基准,3812.194,3800.384,3842.947,3776.286,14450587100
2025-01-17,000300,沪深300,CAPM市场基准,3788.373,3812.343,3831.64,3780.213,12662196100
2025-01-20,000300,沪深300,CAPM市场基准,3835.304,3829.676,3858.668,3821.982,13958127700
2025-01-21,000300,沪深300,CAPM市场基准,3850.356,3832.615,3850.911,3817.121,14121840600
2025-01-22,000300,沪深300,CAPM市场基准,3823.945,3797.017,3823.945,3783.144,13725506200
2025-01-23,000300,沪深300,CAPM市场基准,3829.046,3803.744,3864.259,3801.853,18056955100
2025-01-24,000300,沪深300,CAPM市场基准,3793.85,3832.864,3847.6,3793.484,14897172200
2025-01-27,000300,沪深300,CAPM市场基准,3836.958,3817.08,3851.997,3817.08,14667077200
2025-02-05,000300,沪深300,CAPM市场基准,3844.7,3795.085,3844.7,3785.162,15716830800
2025-02-06,000300,沪深300,CAPM市场基准,3789.609,3842.831,3843.494,3788.32,16728817600
2025-02-07,000300,沪深300,CAPM市场基准,3844.057,3892.703,3919.35,3833.869,22185770700
2025-02-10,000300,沪深300,CAPM市场基准,3898.102,3901.062,3906.368,3878.831,18890304000
2025-02-11,000300,沪深300,CAPM市场基准,3905.159,3883.135,3905.159,3872.909,16657490900
2025-02-12,000300,沪深300,CAPM市场基准,3875.96,3919.862,3920.723,3867.354,16422854000
2025-02-13,000300,沪深300,CAPM市场基准,3913.904,3905.14,3939.198,3904.985,17248587400
2025-02-14,000300,沪深300,CAPM市场基准,3900.827,3939.009,3942.036,3900.827,17297645200
2025-02-17,000300,沪深300,CAPM市场基准,3954.415,3947.398,3955.896,3921.702,21358824600
2025-02-18,000300,沪深300,CAPM市场基准,3942.576,3912.783,3965.423,3901.868,20942510100
2025-02-19,000300,沪深300,CAPM市场基准,3906.22,3940.16,3943.674,3904.146,18282951700
2025-02-20,000300,沪深300,CAPM市场基准,3934.65,3928.896,3940.678,3916.177,16389523600
2025-02-21,000300,沪深300,CAPM市场基准,3938.052,3978.444,3981.048,3927.787,22740033000
2025-02-24,000300,沪深300,CAPM市场基准,3972.483,3969.717,3995.946,3949.231,22081061800
2025-02-25,000300,沪深300,CAPM市场基准,3933.636,3925.651,3955.434,3915.653,17810858000
2025-02-26,000300,沪深300,CAPM市场基准,3931.842,3959.941,3960.33,3925.366,19106250100
2025-02-27,000300,沪深300,CAPM市场基准,3961.064,3968.116,3973.932,3933.461,20288796300
2025-02-28,000300,沪深300,CAPM市场基准,3950.187,3890.049,3972.481,3886.399,19810414700
2025-03-03,000300,沪深300,CAPM市场基准,3899.696,3888.474,3930.005,3872.587,17762316600
2025-03-04,000300,沪深300,CAPM市场基准,3865.994,3885.221,3890.424,3855.725,14985096700
2025-03-05,000300,沪深300,CAPM市场基准,3887.799,3902.571,3906.421,3877.019,15865275100
2025-03-06,000300,沪深300,CAPM市场基准,3923.383,3956.237,3964.494,3917.083,19396091500
2025-03-07,000300,沪深300,CAPM市场基准,3944.915,3944.014,3967.074,3935.046,16673237500
2025-03-10,000300,沪深300,CAPM市场基准,3945.58,3928.802,3949.145,3905.127,15276523200
2025-03-11,000300,沪深300,CAPM市场基准,3890.431,3941.416,3941.416,3889.43,14475440200
2025-03-12,000300,沪深300,CAPM市场基准,3946.862,3927.232,3953.613,3921.474,15673219000
2025-03-13,000300,沪深300,CAPM市场基准,3925.744,3911.579,3939.285,3897.376,15653644300
2025-03-14,000300,沪深300,CAPM市场基准,3919.616,4006.557,4014.159,3919.616,21613900300
2025-03-17,000300,沪深300,CAPM市场基准,4020.64,3996.788,4021.728,3992.256,16220291100
2025-03-18,000300,沪深300,CAPM市场基准,4011.779,4007.723,4016.873,3995.96,14020849600
2025-03-19,000300,沪深300,CAPM市场基准,4004.825,4010.168,4025.299,3989.512,14441942800
2025-03-20,000300,沪深300,CAPM市场基准,4011.059,3974.992,4012.042,3969.926,13375467000
2025-03-21,000300,沪深300,CAPM市场基准,3966.515,3914.696,3983.148,3904.767,16590529400
2025-03-24,000300,沪深300,CAPM市场基准,3916.114,3934.849,3938.183,3907.2,15223467400
2025-03-25,000300,沪深300,CAPM市场基准,3937.898,3932.295,3946.357,3921.529,14047539900
2025-03-26,000300,沪深300,CAPM市场基准,3930.207,3919.357,3942.026,3916.861,13116418700
2025-03-27,000300,沪深300,CAPM市场基准,3911.384,3932.412,3952.985,3903.652,12679373800
2025-03-28,000300,沪深300,CAPM市场基准,3930.776,3915.166,3934.234,3907.384,12635621400
2025-03-31,000300,沪深300,CAPM市场基准,3905.982,3887.306,3928.448,3872.403,16679852300
2025-04-01,000300,沪深300,CAPM市场基准,3892.779,3887.684,3905.262,3882.405,14038027400
2025-04-02,000300,沪深300,CAPM市场基准,3884.418,3884.386,3900.495,3877.16,11304317500
2025-04-03,000300,沪深300,CAPM市场基准,3843.418,3861.503,3883.703,3843.418,14259978900
2025-04-07,000300,沪深300,CAPM市场基准,3675.202,3589.441,3707.777,3514.117,31257858600
2025-04-08,000300,沪深300,CAPM市场基准,3597.986,3650.759,3650.759,3583.875,28019731200
2025-04-09,000300,沪深300,CAPM市场基准,3606.104,3686.794,3686.794,3587.337,26230570800
2025-04-10,000300,沪深300,CAPM市场基准,3749.126,3735.115,3756.139,3708.819,22725222700
2025-04-11,000300,沪深300,CAPM市场基准,3730.315,3750.517,3762.365,3708.462,16875969100
2025-04-14,000300,沪深300,CAPM市场基准,3772.041,3759.142,3776.634,3754.033,16446240300
2025-04-15,000300,沪深300,CAPM市场基准,3756.479,3761.235,3764.486,3737.85,13400604000
2025-04-16,000300,沪深300,CAPM市场基准,3757.876,3772.82,3775.166,3721.603,15635900600
2025-04-17,000300,沪深300,CAPM市场基准,3755.086,3772.222,3779.125,3749.504,12237100200
2025-04-18,000300,沪深300,CAPM市场基准,3760.043,3772.523,3782.044,3754.407,10294850900
2025-04-21,000300,沪深300,CAPM市场基准,3768.142,3784.881,3790.178,3763.138,12135573000
2025-04-22,000300,沪深300,CAPM市场基准,3780.112,3783.952,3799.23,3778.079,12568825700
2025-04-23,000300,沪深300,CAPM市场基准,3803.43,3786.882,3807.954,3780.518,13198687000
2025-04-24,000300,沪深300,CAPM市场基准,3787.459,3784.357,3807.26,3775.207,11716456000
2025-04-25,000300,沪深300,CAPM市场基准,3792.084,3786.994,3801.577,3780.777,12459113300
2025-04-28,000300,沪深300,CAPM市场基准,3786.387,3781.619,3792.008,3772.803,12514509100
2025-04-29,000300,沪深300,CAPM市场基准,3776.003,3775.077,3785.316,3768.031,11151469400
2025-04-30,000300,沪深300,CAPM市场基准,3775.831,3770.571,3787.564,3768.757,14368165800
2025-05-06,000300,沪深300,CAPM市场基准,3794.376,3808.542,3809.094,3782.777,15852045900
2025-05-07,000300,沪深300,CAPM市场基准,3861.577,3831.627,3863.678,3814.987,16117229900
2025-05-08,000300,沪深300,CAPM市场基准,3820.548,3852.896,3867.331,3816.264,12495983300
2025-05-09,000300,沪深300,CAPM市场基准,3848.619,3846.157,3853.663,3836.535,11938952600
2025-05-12,000300,沪深300,CAPM市场基准,3866.531,3890.61,3890.734,3859.035,15333246000
2025-05-13,000300,沪深300,CAPM市场基准,3915.592,3896.258,3915.592,3890.686,14732029900
2025-05-14,000300,沪深300,CAPM市场基准,3894.839,3943.211,3960.523,3890.65,17203377900
2025-05-15,000300,沪深300,CAPM市场基准,3934.027,3907.199,3936.465,3904.907,13808174900
2025-05-16,000300,沪深300,CAPM市场基准,3898.666,3889.085,3903.853,3874.862,11840534500
2025-05-19,000300,沪深300,CAPM市场基准,3882.568,3877.145,3885.589,3866.57,9864341400
2025-05-20,000300,沪深300,CAPM市场基准,3883.102,3898.171,3911.474,3881.744,10488523400
2025-05-21,000300,沪深300,CAPM市场基准,3899.437,3916.381,3928.634,3899.437,10979134300
2025-05-22,000300,沪深300,CAPM市场基准,3912.601,3913.865,3923.02,3903.09,10759705200
2025-05-23,000300,沪深300,CAPM市场基准,3910.374,3882.274,3931.551,3882.274,12027741900
2025-05-26,000300,沪深300,CAPM市场基准,3875.789,3860.107,3884.537,3849.038,10960120700
2025-05-27,000300,沪深300,CAPM市场基准,3857.627,3839.397,3865.429,3834.846,9857242500
2025-05-28,000300,沪深300,CAPM市场基准,3843.075,3836.237,3849.736,3833.958,8903102600
2025-05-29,000300,沪深300,CAPM市场基准,3838.009,3858.7,3869.791,3831.458,10847188600
2025-05-30,000300,沪深300,CAPM市场基准,3850.493,3840.232,3858.613,3829.254,11167222800
2025-06-03,000300,沪深300,CAPM市场基准,3833.458,3852.013,3863.295,3832.72,13140309000
2025-06-04,000300,沪深300,CAPM市场基准,3855.488,3868.743,3875.857,3855.488,11680387300
2025-06-05,000300,沪深300,CAPM市场基准,3872.637,3877.556,3883.135,3861.272,12287818400
2025-06-06,000300,沪深300,CAPM市场基准,3878.103,3873.984,3889.456,3869.387,11098797100
2025-06-09,000300,沪深300,CAPM市场基准,3877.798,3885.246,3894.652,3871.992,13630629300
2025-06-10,000300,沪深300,CAPM市场基准,3887.551,3865.465,3897.457,3850.466,14556385900
2025-06-11,000300,沪深300,CAPM市场基准,3870.672,3894.625,3911.611,3870.672,14241477200
2025-06-12,000300,沪深300,CAPM市场基准,3885.52,3892.199,3900.041,3870.384,13399869700
2025-06-13,000300,沪深300,CAPM市场基准,3881.492,3864.182,3889.16,3853.819,17253953600
2025-06-16,000300,沪深300,CAPM市场基准,3853.619,3873.795,3876.17,3853.619,13734183500
2025-06-17,000300,沪深300,CAPM市场基准,3875.177,3870.379,3880.416,3860.409,12234252600
2025-06-18,000300,沪深300,CAPM市场基准,3871.65,3874.971,3881.346,3854.658,12752862100
2025-06-19,000300,沪深300,CAPM市场基准,3870.049,3843.091,3872.943,3834.951,13028065800
2025-06-20,000300,沪深300,CAPM市场基准,3839.783,3846.644,3856.48,3839.783,11815102000
2025-06-23,000300,沪深300,CAPM市场基准,3831.17,3857.902,3867.59,3827.083,13380089200
2025-06-24,000300,沪深300,CAPM市场基准,3862.388,3904.034,3914.158,3862.388,16365618800
2025-06-25,000300,沪深300,CAPM市场基准,3907.068,3960.066,3963.037,3902.177,18721367100
2025-06-26,000300,沪深300,CAPM市场基准,3953.16,3946.02,3964.482,3945.259,16531626300
2025-06-27,000300,沪深300,CAPM市场基准,3949.788,3921.758,3969.263,3918.204,19455791300
2025-06-30,000300,沪深300,CAPM市场基准,3920.315,3936.079,3940.361,3911.604,14517023600
2025-07-01,000300,沪深300,CAPM市场基准,3935.908,3942.762,3946.245,3924.722,12895936200
2025-07-02,000300,沪深300,CAPM市场基准,3943.323,3943.685,3952.138,3929.696,14706306200
2025-07-03,000300,沪深300,CAPM市场基准,3949.4,3968.068,3971.616,3945.138,14100400600
2025-07-04,000300,沪深300,CAPM市场基准,3967.464,3982.203,4013.848,3958.376,15719713300
2025-07-07,000300,沪深300,CAPM市场基准,3977.288,3965.175,3979.748,3956.566,13113527300
2025-07-08,000300,沪深300,CAPM市场基准,3965.426,3998.453,4002.269,3965.426,15640289500
2025-07-09,000300,沪深300,CAPM市场基准,3997.504,3991.401,4016.743,3987.427,17329379600
2025-07-10,000300,沪深300,CAPM市场基准,3993.42,4010.024,4032.983,3992.524,20977890400
2025-07-11,000300,沪深300,CAPM市场基准,4011.465,4014.807,4065.942,4010.105,26205277300
2025-07-14,000300,沪深300,CAPM市场基准,4021.214,4017.668,4034.92,4017.668,20791717500
2025-07-15,000300,沪深300,CAPM市场基准,4023.99,4019.064,4042.657,3994.263,19104293100
2025-07-16,000300,沪深300,CAPM市场基准,4019.393,4007.202,4027.857,3993.921,15102730800
2025-07-17,000300,沪深300,CAPM市场基准,4005.067,4034.491,4034.594,4005.067,16124904100
2025-07-18,000300,沪深300,CAPM市场基准,4039.871,4058.549,4064.638,4039.318,18621106300
2025-07-21,000300,沪深300,CAPM市场基准,4069.769,4085.607,4086.117,4063.443,22326847600
2025-07-22,000300,沪深300,CAPM市场基准,4087.335,4118.958,4119.202,4068.338,25759698500
2025-07-23,000300,沪深300,CAPM市场基准,4129.148,4119.769,4155.678,4113.909,30050615400
2025-07-24,000300,沪深300,CAPM市场基准,4116.831,4149.037,4152.427,4111.885,31963239200
2025-07-25,000300,沪深300,CAPM市场基准,4145.32,4127.163,4150.499,4117.801,27359496300
2025-07-28,000300,沪深300,CAPM市场基准,4128.199,4135.824,4146.12,4112.968,22275981500
2025-07-29,000300,沪深300,CAPM市场基准,4132.683,4152.025,4153.331,4117.577,23080788000
2025-07-30,000300,沪深300,CAPM市场基准,4148.941,4151.238,4185.206,4127.43,24985304800
2025-07-31,000300,沪深300,CAPM市场基准,4141.561,4075.591,4141.824,4063.666,26708740600
2025-08-01,000300,沪深300,CAPM市场基准,4069.925,4054.929,4085.354,4040.462,19622182600
2025-08-04,000300,沪深300,CAPM市场基准,4037.938,4070.702,4070.702,4037.938,16227590200
2025-08-05,000300,沪深300,CAPM市场基准,4080.388,4103.45,4106.297,4075.584,17885199900
2025-08-06,000300,沪深300,CAPM市场基准,4100.428,4113.485,4116.709,4098.354,17667615500
2025-08-07,000300,沪深300,CAPM市场基准,4120.282,4114.666,4129.738,4094.821,19864190200
2025-08-08,000300,沪深300,CAPM市场基准,4109.273,4104.967,4122.21,4097.416,17317120100
2025-08-11,000300,沪深300,CAPM市场基准,4110.294,4122.511,4134.246,4103.605,19044371600
2025-08-12,000300,沪深300,CAPM市场基准,4123.576,4143.825,4153.295,4121.224,17728782300
2025-08-13,000300,沪深300,CAPM市场基准,4150.504,4176.578,4186.748,4147.199,21393499900
2025-08-14,000300,沪深300,CAPM市场基准,4179.965,4173.313,4220.311,4165.938,22110359500
2025-08-15,000300,沪深300,CAPM市场基准,4162.421,4202.353,4214.729,4157.495,26132756600
2025-08-18,000300,沪深300,CAPM市场基准,4218.247,4239.413,4272.96,4203.419,30147910200
2025-08-19,000300,沪深300,CAPM市场基准,4241.765,4223.374,4264.23,4215.208,25081877100
2025-08-20,000300,沪深300,CAPM市场基准,4208.401,4271.396,4272.146,4190.556,24648177300
2025-08-21,000300,沪深300,CAPM市场基准,4284.371,4288.071,4308.447,4273.652,25903001400
2025-08-22,000300,沪深300,CAPM市场基准,4287.363,4377.998,4378.388,4287.363,29043489700
2025-08-25,000300,沪深300,CAPM市场基准,4416.292,4469.222,4472.653,4404.776,35809000600
2025-08-26,000300,沪深300,CAPM市场基准,4453.353,4452.591,4476.803,4435.528,27062139500
2025-08-27,000300,沪深300,CAPM市场基准,4458.84,4386.127,4494.913,4386.127,33313389800
2025-08-28,000300,沪深300,CAPM市场基准,4378.035,4463.782,4464.803,4364.171,29683453600
2025-08-29,000300,沪深300,CAPM市场基准,4455.803,4496.759,4516.84,4452.363,35193894700
2025-09-01,000300,沪深300,CAPM市场基准,4516.879,4523.711,4528.134,4487.53,32036670800
2025-09-02,000300,沪深300,CAPM市场基准,4521.983,4490.453,4548.894,4454.417,30393256600
2025-09-03,000300,沪深300,CAPM市场基准,4501.339,4459.83,4510.73,4427.518,25432021700
2025-09-04,000300,沪深300,CAPM市场基准,4461.25,4365.209,4465.497,4327.507,30793460900
2025-09-05,000300,沪深300,CAPM市场基准,4365.608,4460.325,4466.56,4350.297,24962565700
2025-09-08,000300,沪深300,CAPM市场基准,4467.169,4467.573,4482.763,4438.07,26763838200
2025-09-09,000300,沪深300,CAPM市场基准,4448.739,4436.258,4472.093,4412.691,22137546000
2025-09-10,000300,沪深300,CAPM市场基准,4438.3,4445.365,4466.633,4414.594,20359764600
2025-09-11,000300,沪深300,CAPM市场基准,4438.839,4548.035,4548.035,4427.924,25326405100
2025-09-12,000300,沪深300,CAPM市场基准,4544.591,4521.998,4564.667,4517.79,26644200300
2025-09-15,000300,沪深300,CAPM市场基准,4534.887,4533.056,4566.905,4522.496,23188567800
2025-09-16,000300,沪深300,CAPM市场基准,4539.922,4523.337,4552.419,4494.788,24926920600
2025-09-17,000300,沪深300,CAPM市场基准,4517.286,4551.023,4556.03,4503.796,23571647200
2025-09-18,000300,沪深300,CAPM市场基准,4546.032,4498.109,4573.833,4454.989,30985982600
2025-09-19,000300,沪深300,CAPM市场基准,4499.091,4501.92,4533.092,4491.844,22504400000
2025-09-22,000300,沪深300,CAPM市场基准,4512.025,4522.608,4523.87,4487.13,19645995600
2025-09-23,000300,沪深300,CAPM市场基准,4536.757,4519.778,4560.732,4459.728,25282706200
2025-09-24,000300,沪深300,CAPM市场基准,4495.266,4566.071,4567.495,4494.113,22048260800
2025-09-25,000300,沪深300,CAPM市场基准,4563.983,4593.488,4613.949,4558.842,22982333300
2025-09-26,000300,沪深300,CAPM市场基准,4576.914,4550.049,4597.847,4550.049,20848211400
2025-09-29,000300,沪深300,CAPM市场基准,4555.034,4620.053,4647.569,4541.425,27435887700
2025-09-30,000300,沪深300,CAPM市场基准,4629.899,4640.694,4647.503,4616.224,24798035900
2025-10-09,000300,沪深300,CAPM市场基准,4662.113,4709.482,4726.345,4651.99,34767869600
2025-10-10,000300,沪深300,CAPM市场基准,4679.498,4616.834,4692.586,4600.965,31902089900
2025-10-13,000300,沪深300,CAPM市场基准,4490.866,4593.979,4601.807,4490.866,31501035400
2025-10-14,000300,沪深300,CAPM市场基准,4634.054,4539.064,4641.449,4520.926,37295403000
2025-10-15,000300,沪深300,CAPM市场基准,4544.243,4606.288,4608.824,4526.834,28477185500
2025-10-16,000300,沪深300,CAPM市场基准,4588.921,4618.422,4645.096,4586.28,24823551800
2025-10-17,000300,沪深300,CAPM市场基准,4610.697,4514.235,4618.562,4509.329,25690561700
2025-10-20,000300,沪深300,CAPM市场基准,4558.242,4538.22,4570.438,4520.502,21842040500
2025-10-21,000300,沪深300,CAPM市场基准,4556.122,4607.872,4615.463,4547.928,21571117500
2025-10-22,000300,沪深300,CAPM市场基准,4576.028,4592.57,4603.488,4567.236,18533396000
2025-10-23,000300,沪深300,CAPM市场基准,4578.702,4606.345,4611.341,4541.694,20046391700
2025-10-24,000300,沪深300,CAPM市场基准,4622.787,4660.684,4660.684,4622.787,20881448300
2025-10-27,000300,沪深300,CAPM市场基准,4699.382,4716.019,4720.429,4687.688,26220067400
2025-10-28,000300,沪深300,CAPM市场基准,4697.728,4691.973,4734.322,4679.229,22090664500
2025-10-29,000300,沪深300,CAPM市场基准,4701.036,4747.838,4747.838,4697.268,24621132400
2025-10-30,000300,沪深300,CAPM市场基准,4735.981,4709.911,4761.834,4706.452,27328911800
2025-10-31,000300,沪深300,CAPM市场基准,4702.495,4640.668,4706.14,4640.668,28146474000
2025-11-03,000300,沪深300,CAPM市场基准,4636.732,4653.403,4653.403,4595.734,23986980900
2025-11-04,000300,沪深300,CAPM市场基准,4649.348,4618.699,4665.323,4595.066,23322403200
2025-11-05,000300,沪深300,CAPM市场基准,4562.112,4627.257,4642.61,4558.765,20304587100
2025-11-06,000300,沪深300,CAPM市场基准,4642.011,4693.403,4698.094,4642.011,22424100800
2025-11-07,000300,沪深300,CAPM市场基准,4673.762,4678.794,4701.374,4666.041,21249737700
2025-11-10,000300,沪深300,CAPM市场基准,4688.124,4695.051,4695.179,4654.21,23602676400
2025-11-11,000300,沪深300,CAPM市场基准,4706.337,4652.166,4707.128,4648.49,18663885800
2025-11-12,000300,沪深300,CAPM市场基准,4643.559,4645.908,4669.607,4620.99,20946059200
2025-11-13,000300,沪深300,CAPM市场基准,4643.786,4702.074,4703.49,4643.786,20736747400
2025-11-14,000300,沪深300,CAPM市场基准,4663.318,4628.14,4684.258,4628.024,19209267600
2025-11-17,000300,沪深300,CAPM市场基准,4616.806,4598.053,4624.898,4580.261,18895546600
2025-11-18,000300,沪深300,CAPM市场基准,4584.79,4568.193,4606.617,4552.804,17771318500
2025-11-19,000300,沪深300,CAPM市场基准,4568.037,4588.292,4607.863,4568.037,17292497400
2025-11-20,000300,沪深300,CAPM市场基准,4619.54,4564.948,4620.653,4560.181,19456259300
2025-11-21,000300,沪深300,CAPM市场基准,4513.386,4453.608,4527.044,4453.182,22285101300
2025-11-24,000300,沪深300,CAPM市场基准,4473.156,4448.048,4478.808,4421.812,18583372900
2025-11-25,000300,沪深300,CAPM市场基准,4475.836,4490.405,4510.773,4467.353,16957192900
2025-11-26,000300,沪深300,CAPM市场基准,4490.202,4517.626,4538.136,4485.698,15620036800
2025-11-27,000300,沪深300,CAPM市场基准,4520.014,4515.403,4559.218,4509.864,15031177200
2025-11-28,000300,沪深300,CAPM市场基准,4511.497,4526.662,4531.722,4492.426,14290209600
2025-12-01,000300,沪深300,CAPM市场基准,4539.188,4576.486,4576.965,4531.292,20038231700
2025-12-02,000300,沪深300,CAPM市场基准,4571.91,4554.335,4575.495,4539.431,14849313200
2025-12-03,000300,沪深300,CAPM市场基准,4554.589,4531.049,4569.821,4523.502,16976279000
2025-12-04,000300,沪深300,CAPM市场基准,4533.6,4546.566,4557.423,4514.188,14719811000
2025-12-05,000300,沪深300,CAPM市场基准,4547.906,4584.537,4593.828,4535.02,19679996800
2025-12-08,000300,沪深300,CAPM市场基准,4593.14,4621.755,4640.626,4592.741,19962099000
2025-12-09,000300,沪深300,CAPM市场基准,4611.379,4598.223,4628.705,4584.254,18416034400
2025-12-10,000300,沪深300,CAPM市场基准,4586.254,4591.827,4598.537,4549.08,16911110600
2025-12-11,000300,沪深300,CAPM市场基准,4597.19,4552.185,4610.279,4547.137,16841940500
2025-12-12,000300,沪深300,CAPM市场基准,4558.738,4580.95,4583.675,4530.784,21282652000
2025-12-15,000300,沪深300,CAPM市场基准,4550.003,4552.06,4595.046,4548.438,16758996700
2025-12-16,000300,沪深300,CAPM市场基准,4542.423,4497.555,4553.081,4484.27,16516520100
2025-12-17,000300,沪深300,CAPM市场基准,4499.773,4579.875,4594.656,4498.93,17842483000
2025-12-18,000300,沪深300,CAPM市场基准,4553.979,4552.793,4571.968,4544.142,15168132800
2025-12-19,000300,沪深300,CAPM市场基准,4561.373,4568.178,4591.093,4546.847,15487622000
2025-12-22,000300,沪深300,CAPM市场基准,4587.668,4611.624,4615.872,4587.668,16525285600
2025-12-23,000300,沪深300,CAPM市场基准,4616.026,4620.734,4644.535,4607.799,16925641200
2025-12-24,000300,沪深300,CAPM市场基准,4623.683,4634.059,4639.428,4602.144,15371124100
2025-12-25,000300,沪深300,CAPM市场基准,4629.32,4642.536,4651.154,4621.921,13943418600
2025-12-26,000300,沪深300,CAPM市场基准,4639.79,4657.24,4676.131,4635.105,17539656500
2025-12-29,000300,沪深300,CAPM市场基准,4658.265,4639.372,4672.035,4629.057,20039713300
2025-12-30,000300,沪深300,CAPM市场基准,4617.316,4651.282,4664.331,4616.632,18037497400
2025-12-31,000300,沪深300,CAPM市场基准,4656.48,4629.94,4667.047,4622.099,17076022400
2026-01-05,000300,沪深300,CAPM市场基准,4661.616,4717.746,4721.638,4661.616,23414483900
2026-01-06,000300,沪深300,CAPM市场基准,4719.209,4790.694,4790.694,4718.01,29697068600
2026-01-07,000300,沪深300,CAPM市场基准,4796.934,4776.666,4802.603,4751.071,25909556400
2026-01-08,000300,沪深300,CAPM市场基准,4761.011,4737.654,4765.486,4717.009,23880495700
2026-01-09,000300,沪深300,CAPM市场基准,4725.957,4758.922,4771.428,4719.134,25468803800
2026-01-12,000300,沪深300,CAPM市场基准,4769.65,4789.916,4795.933,4737.57,29483316500
2026-01-13,000300,沪深300,CAPM市场基准,4798.049,4761.032,4836.955,4745.515,30144949700
2026-01-14,000300,沪深300,CAPM市场基准,4767.696,4741.931,4818.101,4720.246,36495102300
2026-01-15,000300,沪深300,CAPM市场基准,4721.797,4751.429,4769.548,4720.937,25400363600
2026-01-16,000300,沪深300,CAPM市场基准,4778.43,4731.873,4792.551,4715.365,32527892900
2026-01-19,000300,沪深300,CAPM市场基准,4720.195,4734.456,4761.632,4715.087,26761249200
2026-01-20,000300,沪深300,CAPM市场基准,4736.91,4718.878,4748.23,4684.968,28271957900
2026-01-21,000300,沪深300,CAPM市场基准,4714.554,4723.069,4758.279,4714.237,26635333200
2026-01-22,000300,沪深300,CAPM市场基准,4741.755,4723.709,4757.764,4700.448,27419993200
2026-01-23,000300,沪深300,CAPM市场基准,4729.585,4702.497,4734.794,4684.617,31463544500
2026-01-26,000300,沪深300,CAPM市场基准,4715.375,4706.964,4754.178,4693.158,36300448100
2026-01-27,000300,沪深300,CAPM市场基准,4705.174,4705.692,4736.986,4675.641,30147569700
2026-01-28,000300,沪深300,CAPM市场基准,4725.601,4717.991,4739.626,4697.906,38225560200
2026-01-29,000300,沪深300,CAPM市场基准,4733.088,4753.87,4770.96,4696.054,41551305500
2026-01-30,000300,沪深300,CAPM市场基准,4723.081,4706.34,4738.871,4645.471,31978653100
2026-02-02,000300,沪深300,CAPM市场基准,4674.276,4605.98,4716.607,4601.76,30477350000
2026-02-03,000300,沪深300,CAPM市场基准,4648.357,4660.107,4662.126,4578.209,26554940500
2026-02-04,000300,沪深300,CAPM市场基准,4647.967,4698.683,4701.477,4641.842,26488103200
2026-02-05,000300,沪深300,CAPM市场基准,4664.748,4670.419,4687.021,4639.43,23785635100
2026-02-06,000300,沪深300,CAPM市场基准,4622.975,4643.596,4678.262,4606.638,20271647700
2026-02-09,000300,沪深300,CAPM市场基准,4693.672,4719.056,4719.964,4679.904,20725193800
2026-02-10,000300,沪深300,CAPM市场基准,4718.255,4724.296,4732.087,4713.868,18700095800
2026-02-11,000300,沪深300,CAPM市场基准,4715.67,4713.819,4723.704,4703.687,17339168100
2026-02-12,000300,沪深300,CAPM市场基准,4720.009,4719.578,4726.043,4707.736,19784143900
2026-02-13,000300,沪深300,CAPM市场基准,4693.411,4660.406,4703.633,4658.404,18916775600
2026-02-24,000300,沪深300,CAPM市场基准,4727.296,4707.544,4727.373,4698.349,21848889000
2026-02-25,000300,沪深300,CAPM市场基准,4713.575,4735.886,4766.559,4713.344,28426835400
2026-02-26,000300,沪深300,CAPM市场基准,4741.39,4726.874,4742.148,4706.694,23484764400
2026-02-27,000300,沪深300,CAPM市场基准,4698.3,4710.647,4721.014,4692.891,26142086500
2026-03-02,000300,沪深300,CAPM市场基准,4681.014,4728.669,4735.406,4667.275,34926075200
2026-03-03,000300,沪深300,CAPM市场基准,4737.316,4655.896,4744.599,4651.405,37062427200
2026-03-04,000300,沪深300,CAPM市场基准,4609.192,4602.625,4639.42,4575.825,30303566600
2026-03-05,000300,沪深300,CAPM市场基准,4651.942,4647.692,4671.527,4630.302,25931782500
2026-03-06,000300,沪深300,CAPM市场基准,4621.494,4660.439,4671.713,4612.794,23852792600
2026-03-09,000300,沪深300,CAPM市场基准,4600.254,4615.455,4625.981,4548.969,32278761700
2026-03-10,000300,沪深300,CAPM市场基准,4648.785,4674.756,4677.596,4648.785,26390374800
2026-03-11,000300,沪深300,CAPM市场基准,4681.032,4704.496,4711.867,4674.709,27017544300
2026-03-12,000300,沪深300,CAPM市场基准,4700.721,4687.56,4704.379,4654.315,30298681600
2026-03-13,000300,沪深300,CAPM市场基准,4669.062,4669.14,4707.419,4659.498,31077200900
2026-03-16,000300,沪深300,CAPM市场基准,4669.224,4671.559,4673.693,4621.812,29621507000
2026-03-17,000300,沪深300,CAPM市场基准,4685.57,4637.439,4720.861,4637.368,26302191300
2026-03-18,000300,沪深300,CAPM市场基准,4648.752,4658.332,4662.294,4604.516,23469070500
2026-03-19,000300,沪深300,CAPM市场基准,4611.44,4583.251,4634.547,4570.392,25413044900
2026-03-20,000300,沪深300,CAPM市场基准,4602.821,4567.018,4628.712,4563.069,25787370300
2026-03-23,000300,沪深300,CAPM市场基准,4499.1,4417.997,4514.718,4397.566,32808194500
2026-03-24,000300,沪深300,CAPM市场基准,4458.907,4474.722,4474.825,4394.294,25553251700
2026-03-25,000300,沪深300,CAPM市场基准,4506.625,4537.466,4542.181,4502.027,26263927900
2026-03-26,000300,沪深300,CAPM市场基准,4525.329,4477.534,4541.05,4468.957,21373678800
2026-03-27,000300,沪深300,CAPM市场基准,4431.503,4502.57,4519.89,4431.421,19240038800
2026-03-30,000300,沪深300,CAPM市场基准,4461.737,4491.95,4496.411,4447.137,20929309200
2026-03-31,000300,沪深300,CAPM市场基准,4491.921,4450.049,4523.175,4450.049,22454158500
2026-04-01,000300,沪深300,CAPM市场基准,4517.272,4526.067,4532.109,4492.054,21648319600
2026-04-02,000300,沪深300,CAPM市场基准,4514.442,4478.914,4519.693,4459.61,19099216100
2026-04-03,000300,沪深300,CAPM市场基准,4492.846,4440.789,4494.457,4437.595,16832170500
2026-04-07,000300,沪深300,CAPM市场基准,4445.861,4440.616,4458.926,4420.694,16263878700
2026-04-08,000300,沪深300,CAPM市场基准,4517.34,4595.556,4595.556,4513.771,25333921300
2026-04-09,000300,沪深300,CAPM市场基准,4562.67,4566.224,4579.197,4552.424,18493978300
2026-04-10,000300,沪深300,CAPM市场基准,4594.947,4636.566,4655.099,4590.109,20867860500
2026-04-13,000300,沪深300,CAPM市场基准,4615.133,4646.155,4653.398,4615.133,19671227700
2026-04-14,000300,沪深300,CAPM市场基准,4676.124,4701.284,4701.284,4654.853,20470033200
2026-04-15,000300,沪深300,CAPM市场基准,4726.638,4685.246,4731.273,4672.556,20168850000
2026-04-16,000300,沪深300,CAPM市场基准,4694.431,4736.608,4739.221,4689.414,19205760000
2026-04-17,000300,沪深300,CAPM市场基准,4728.995,4728.672,4738.324,4714.467,18291533600
2026-04-20,000300,沪深300,CAPM市场基准,4727.166,4757.442,4763.043,4720.685,22163349400
2026-04-21,000300,沪深300,CAPM市场基准,4750.515,4767.997,4776.826,4722.007,20561405800
2026-04-22,000300,沪深300,CAPM市场基准,4751.279,4799.627,4801.447,4750.35,20448183000
2026-04-23,000300,沪深300,CAPM市场基准,4816.027,4786.327,4823.47,4759.86,23286573600
2026-04-24,000300,沪深300,CAPM市场基准,4771.735,4769.369,4786.444,4735.606,19379831400
2026-04-27,000300,沪深300,CAPM市场基准,4776.335,4770.947,4795.168,4762.644,19279655000
2026-04-28,000300,沪深300,CAPM市场基准,4757.077,4758.208,4778.189,4743.436,21672423300
2026-04-29,000300,沪深300,CAPM市场基准,4737.576,4810.347,4813.61,4737.114,23329811000
2026-04-30,000300,沪深300,CAPM市场基准,4820.972,4807.307,4829.272,4797.545,25063337000
2026-05-06,000300,沪深300,CAPM市场基准,4857.654,4877.093,4892.796,4834.281,27444388000
2026-05-07,000300,沪深300,CAPM市场基准,4895.8,4900.51,4901.858,4866.875,25783397200
2026-05-08,000300,沪深300,CAPM市场基准,4871.119,4871.912,4887.213,4849.987,25172099600
2026-05-11,000300,沪深300,CAPM市场基准,4902.278,4951.837,4960.398,4889.566,30573480100
2026-05-12,000300,沪深300,CAPM市场基准,4965.018,4948.047,4971.303,4926.79,27381200100
2026-05-13,000300,沪深300,CAPM市场基准,4919.425,4998.342,5001.12,4919.425,26845453700
2026-05-14,000300,沪深300,CAPM市场基准,5027.641,4914.597,5030.519,4913.604,28069537900
2026-05-15,000300,沪深300,CAPM市场基准,4911.622,4859.593,4935.617,4832.69,27696776900
2020-01-02,000001,上证综指,A股整体市场参考,3066.336,3085.198,3098.1,3066.336,29247020800
2020-01-03,000001,上证综指,A股整体市场参考,3089.022,3083.786,3093.819,3074.518,26149666700
2020-01-06,000001,上证综指,A股整体市场参考,3070.909,3083.408,3107.203,3065.309,31257584200
2020-01-07,000001,上证综指,A股整体市场参考,3085.488,3104.802,3105.451,3084.329,27658311100
2020-01-08,000001,上证综指,A股整体市场参考,3094.239,3066.893,3094.239,3059.131,29787255300
2020-01-09,000001,上证综指,A股整体市场参考,3082.64,3094.882,3097.329,3080.131,24343564900
2020-01-10,000001,上证综指,A股整体市场参考,3102.294,3092.291,3105.225,3081.396,21044246200
2020-01-13,000001,上证综指,A股整体市场参考,3091.493,3115.57,3115.57,3075.384,21062100400
2020-01-14,000001,上证综指,A股整体市场参考,3120.667,3106.82,3127.169,3105.605,22997376900
2020-01-15,000001,上证综指,A股整体市场参考,3103.175,3090.038,3107.943,3082.043,20231302300
2020-01-16,000001,上证综指,A股整体市场参考,3095.734,3074.081,3096.372,3070.884,20337547500
2020-01-17,000001,上证综指,A股整体市场参考,3081.464,3075.496,3091.952,3067.253,19030429900
2020-01-20,000001,上证综指,A股整体市场参考,3082.113,3095.787,3096.311,3070.48,21049334100
2020-01-21,000001,上证综指,A股整体市场参考,3085.79,3052.142,3085.79,3051.23,23483073900
2020-01-22,000001,上证综指,A股整体市场参考,3038.487,3060.755,3069.253,3006.268,22385286500
2020-01-23,000001,上证综指,A股整体市场参考,3037.952,2976.528,3045.041,2955.346,27276323400
2020-02-03,000001,上证综指,A股整体市场参考,2716.698,2746.606,2766.577,2716.698,21591210300
2020-02-04,000001,上证综指,A股整体市场参考,2685.269,2783.288,2786.164,2685.269,36404620000
2020-02-05,000001,上证综指,A股整体市场参考,2792.371,2818.088,2842.743,2778.864,30976182300
2020-02-06,000001,上证综指,A股整体市场参考,2826.885,2866.51,2876.588,2807.609,31639214200
2020-02-07,000001,上证综指,A股整体市场参考,2858.932,2875.964,2875.964,2838.77,30947964200
2020-02-10,000001,上证综指,A股整体市场参考,2860.499,2890.488,2891.848,2851.05,29492978400
2020-02-11,000001,上证综指,A股整体市场参考,2894.541,2901.674,2913.816,2882.243,26916833500
2020-02-12,000001,上证综指,A股整体市场参考,2895.556,2926.899,2926.899,2892.424,24873342900
2020-02-13,000001,上证综指,A股整体市场参考,2927.144,2906.074,2935.406,2901.243,27480484400
2020-02-14,000001,上证综指,A股整体市场参考,2899.866,2917.008,2926.943,2899.574,25065062700
2020-02-17,000001,上证综指,A股整体市场参考,2924.991,2983.622,2983.637,2924.991,31319800700
2020-02-18,000001,上证综指,A股整体市场参考,2981.41,2984.972,2990.6,2960.775,31166591300
2020-02-19,000001,上证综指,A股整体市场参考,2979.522,2975.402,2998.272,2971.822,31514115100
2020-02-20,000001,上证综指,A股整体市场参考,2981.88,3030.154,3031.371,2968.445,34573288100
2020-02-21,000001,上证综指,A股整体市场参考,3022.246,3039.669,3058.898,3020.141,36455727600
2020-02-24,000001,上证综指,A股整体市场参考,3027.893,3031.233,3042.182,3007.356,37043004400
2020-02-25,000001,上证综指,A股整体市场参考,2982.07,3013.05,3016.946,2943.717,44162276200
2020-02-26,000001,上证综指,A股整体市场参考,2978.42,2987.929,3028.779,2974.942,46904955200
2020-02-27,000001,上证综指,A股整体市场参考,2992.492,2991.329,3009.458,2980.477,35052365800
2020-02-28,000001,上证综指,A股整体市场参考,2924.641,2880.304,2948.126,2878.544,40121691400
2020-03-02,000001,上证综指,A股整体市场参考,2899.31,2970.931,2982.507,2899.31,36733336900
2020-03-03,000001,上证综指,A股整体市场参考,3006.889,2992.897,3026.842,2976.623,41010804700
2020-03-04,000001,上证综指,A股整体市场参考,2981.806,3011.666,3012.004,2974.358,35333827800
2020-03-05,000001,上证综指,A股整体市场参考,3036.155,3071.677,3074.257,3022.926,44542580600
2020-03-06,000001,上证综指,A股整体市场参考,3039.94,3034.511,3052.444,3029.463,36206153300
2020-03-09,000001,上证综指,A股整体市场参考,2987.181,2943.291,2989.205,2940.714,41456073600
2020-03-10,000001,上证综指,A股整体市场参考,2918.935,2996.762,3000.296,2904.799,39329664800
2020-03-11,000001,上证综指,A股整体市场参考,3001.762,2968.517,3010.029,2968.517,35247097000
2020-03-12,000001,上证综指,A股整体市场参考,2936.016,2923.486,2944.465,2906.284,30777845700
2020-03-13,000001,上证综指,A股整体市场参考,2804.232,2887.427,2910.881,2799.984,36645043600
2020-03-16,000001,上证综指,A股整体市场参考,2897.301,2789.254,2898.035,2784.662,35187866500
2020-03-17,000001,上证综指,A股整体市场参考,2796.284,2779.641,2826.907,2715.221,30614967700
2020-03-18,000001,上证综指,A股整体市场参考,2792.322,2728.756,2815.874,2728.756,29115985200
2020-03-19,000001,上证综指,A股整体市场参考,2719.406,2702.13,2736.82,2646.805,30230274700
2020-03-20,000001,上证综指,A股整体市场参考,2727.019,2745.618,2751.896,2702.493,25201950700
2020-03-23,000001,上证综指,A股整体市场参考,2677.591,2660.167,2703.33,2656.501,24982025000
2020-03-24,000001,上证综指,A股整体市场参考,2703.019,2722.438,2723.407,2667.133,25702193000
2020-03-25,000001,上证综指,A股整体市场参考,2775.303,2781.591,2788.635,2757.802,27314446600
2020-03-26,000001,上证综指,A股整体市场参考,2761.896,2764.911,2788.504,2753.428,23408402200
2020-03-27,000001,上证综指,A股整体市场参考,2792.984,2772.203,2805.548,2771.756,24076406600
2020-03-30,000001,上证综指,A股整体市场参考,2739.719,2747.214,2759.099,2723.054,23970660400
2020-03-31,000001,上证综指,A股整体市场参考,2767.307,2750.296,2771.168,2743.115,21859867400
2020-04-01,000001,上证综指,A股整体市场参考,2743.541,2734.522,2773.364,2731.079,21725342700
2020-04-02,000001,上证综指,A股整体市场参考,2720.228,2780.638,2780.638,2719.904,21786460000
2020-04-03,000001,上证综指,A股整体市场参考,2773.576,2763.987,2780.587,2754.073,20083740400
2020-04-07,000001,上证综指,A股整体市场参考,2806.968,2820.763,2823.277,2801.839,27019818600
2020-04-08,000001,上证综指,A股整体市场参考,2805.917,2815.369,2823.214,2800.296,24351530500
2020-04-09,000001,上证综指,A股整体市场参考,2825.839,2825.904,2832.395,2820.433,23818484300
2020-04-10,000001,上证综指,A股整体市场参考,2827.187,2796.631,2833.015,2789.976,23345476800
2020-04-13,000001,上证综指,A股整体市场参考,2784.598,2783.048,2792.891,2774.081,17712455400
2020-04-14,000001,上证综指,A股整体市场参考,2794.801,2827.283,2827.298,2789.428,20269656900
2020-04-15,000001,上证综指,A股整体市场参考,2826.662,2811.174,2829.75,2808.704,20562114600
2020-04-16,000001,上证综指,A股整体市场参考,2798.43,2819.935,2823.338,2796.839,20300377300
2020-04-17,000001,上证综指,A股整体市场参考,2835.558,2838.495,2854.96,2830.022,24573675000
2020-04-20,000001,上证综指,A股整体市场参考,2840.409,2852.553,2852.99,2833.262,21184707800
2020-04-21,000001,上证综指,A股整体市场参考,2842.237,2827.013,2842.237,2808.021,23323587000
2020-04-22,000001,上证综指,A股整体市场参考,2814.066,2843.98,2843.98,2808.482,21732000000
2020-04-23,000001,上证综指,A股整体市场参考,2850.51,2838.499,2853.636,2835.896,24877903700
2020-04-24,000001,上证综指,A股整体市场参考,2834.939,2808.529,2834.939,2802.499,23518507600
2020-04-27,000001,上证综指,A股整体市场参考,2812.242,2815.495,2832.666,2802.958,21013098100
2020-04-28,000001,上证综指,A股整体市场参考,2819.991,2810.024,2821.745,2758.246,25387274500
2020-04-29,000001,上证综指,A股整体市场参考,2801.383,2822.442,2831.764,2800.738,20206180700
2020-04-30,000001,上证综指,A股整体市场参考,2832.384,2860.082,2865.59,2832.384,24245527800
2020-05-06,000001,上证综指,A股整体市场参考,2831.633,2878.14,2879.263,2830.654,24982661600
2020-05-07,000001,上证综指,A股整体市场参考,2876.473,2871.523,2882.022,2864.581,22673695700
2020-05-08,000001,上证综指,A股整体市场参考,2882.708,2895.344,2903.797,2879.203,22682207500
2020-05-11,000001,上证综指,A股整体市场参考,2901.574,2894.802,2914.284,2884.381,22512041000
2020-05-12,000001,上证综指,A股整体市场参考,2894.617,2891.556,2897.902,2871.23,19708298500
2020-05-13,000001,上证综指,A股整体市场参考,2882.955,2898.05,2900.259,2875.535,18506131000
2020-05-14,000001,上证综指,A股整体市场参考,2887.058,2870.342,2887.058,2869.183,19777620200
2020-05-15,000001,上证综指,A股整体市场参考,2880.707,2868.459,2884.22,2863.37,18898359200
2020-05-18,000001,上证综指,A股整体市场参考,2872.524,2875.418,2889.98,2862.271,22602288200
2020-05-19,000001,上证综指,A股整体市场参考,2897.687,2898.576,2900.219,2887.577,19722240500
2020-05-20,000001,上证综指,A股整体市场参考,2896.466,2883.738,2896.466,2876.177,21051998500
2020-05-21,000001,上证综指,A股整体市场参考,2890.721,2867.924,2891.518,2864.207,20353203800
2020-05-22,000001,上证综指,A股整体市场参考,2863.046,2813.765,2863.046,2808.018,20906371200
2020-05-25,000001,上证综指,A股整体市场参考,2816.241,2817.97,2821.498,2802.465,17288555700
2020-05-26,000001,上证综指,A股整体市场参考,2827.897,2846.547,2848.337,2825.901,17456236900
2020-05-27,000001,上证综指,A股整体市场参考,2847.32,2836.804,2848.997,2831.928,19814934300
2020-05-28,000001,上证综指,A股整体市场参考,2838.207,2846.222,2861.924,2820.146,20754601900
2020-05-29,000001,上证综指,A股整体市场参考,2835.584,2852.351,2855.376,2829.627,20679280400
2020-06-01,000001,上证综指,A股整体市场参考,2871.964,2915.431,2917.151,2871.964,26019605000
2020-06-02,000001,上证综指,A股整体市场参考,2916.317,2921.398,2926.359,2909.128,25610804900
2020-06-03,000001,上证综指,A股整体市场参考,2930.391,2923.371,2942.76,2922.661,25566398000
2020-06-04,000001,上证综指,A股整体市场参考,2931.838,2919.251,2932.968,2910.752,22660587300
2020-06-05,000001,上证综指,A股整体市场参考,2923.189,2930.799,2930.799,2909.118,21736067300
2020-06-08,000001,上证综指,A股整体市场参考,2941.982,2937.771,2950.066,2934.21,23112436000
2020-06-09,000001,上证综指,A股整体市场参考,2939.535,2956.112,2957.119,2932.939,20904858500
2020-06-10,000001,上证综指,A股整体市场参考,2951.278,2943.753,2951.33,2934.843,20792596900
2020-06-11,000001,上证综指,A股整体市场参考,2939.791,2920.897,2952.651,2912.193,23372294700
2020-06-12,000001,上证综指,A股整体市场参考,2876.803,2919.741,2930.255,2872.617,23600864200
2020-06-15,000001,上证综指,A股整体市场参考,2908.277,2890.031,2922.536,2890.031,24320504600
2020-06-16,000001,上证综指,A股整体市场参考,2912.825,2931.749,2931.779,2909.134,22331306500
2020-06-17,000001,上证综指,A股整体市场参考,2932.671,2935.873,2936.616,2919.035,23465439100
2020-06-18,000001,上证综指,A股整体市场参考,2929.88,2939.315,2942.898,2920.105,25869137700
2020-06-19,000001,上证综指,A股整体市场参考,2938.789,2967.634,2973.316,2935.824,26431396100
2020-06-22,000001,上证综指,A股整体市场参考,2966.901,2965.272,2983.438,2959.035,26788383400
2020-06-23,000001,上证综指,A股整体市场参考,2960.888,2970.62,2972.403,2949.847,22521220800
2020-06-24,000001,上证综指,A股整体市场参考,2972.983,2979.551,2982.943,2971.224,21320073200
2020-06-29,000001,上证综指,A股整体市场参考,2973.076,2961.516,2977.912,2951.77,22062272900
2020-06-30,000001,上证综指,A股整体市场参考,2965.105,2984.674,2990.825,2965.105,21495721400
2020-07-01,000001,上证综指,A股整体市场参考,2991.181,3025.981,3026.186,2984.984,27331314000
2020-07-02,000001,上证综指,A股整体市场参考,3023.719,3090.569,3092.443,3021.674,39112799600
2020-07-03,000001,上证综指,A股整体市场参考,3103.995,3152.813,3152.813,3103.995,45879385100
2020-07-06,000001,上证综指,A股整体市场参考,3187.839,3332.881,3337.272,3187.839,64387890600
2020-07-07,000001,上证综指,A股整体市场参考,3380.954,3345.337,3407.081,3336.242,65784015900
2020-07-08,000001,上证综指,A股整体市场参考,3337.552,3403.44,3421.531,3327.706,58708168500
2020-07-09,000001,上证综指,A股整体市场参考,3403.483,3450.594,3456.972,3393.638,62000182300
2020-07-10,000001,上证综指,A股整体市场参考,3418.935,3383.322,3433.109,3372.507,55612001100
2020-07-13,000001,上证综指,A股整体市场参考,3379.387,3443.286,3458.791,3369.038,55800687500
2020-07-14,000001,上证综指,A股整体市场参考,3435.024,3414.619,3451.222,3366.083,54321149200
2020-07-15,000001,上证综指,A股整体市场参考,3422.078,3361.304,3432.451,3345.749,49203054200
2020-07-16,000001,上证综指,A股整体市场参考,3356.359,3210.099,3373.532,3209.727,49061312300
2020-07-17,000001,上证综指,A股整体市场参考,3214.402,3214.129,3252.779,3181.275,35965241300
2020-07-20,000001,上证综指,A股整体市场参考,3243.911,3314.149,3314.149,3220.684,41855530600
2020-07-21,000001,上证综指,A股整体市场参考,3330.547,3320.895,3336.679,3300.572,35925202900
2020-07-22,000001,上证综指,A股整体市场参考,3315.182,3333.164,3381.976,3311.786,39333533500
2020-07-23,000001,上证综指,A股整体市场参考,3306.149,3325.11,3336.3,3257.827,40704249900
2020-07-24,000001,上证综指,A股整体市场参考,3310.645,3196.768,3319.127,3184.965,42705402600
2020-07-27,000001,上证综指,A股整体市场参考,3210.386,3205.227,3221.985,3174.658,29931902100
2020-07-28,000001,上证综指,A股整体市场参考,3226.133,3227.96,3245.297,3208.494,28937786100
2020-07-29,000001,上证综指,A股整体市场参考,3221.988,3294.552,3294.552,3209.99,32492406200
2020-07-30,000001,上证综指,A股整体市场参考,3299.572,3286.822,3312.451,3282.162,34070412100
2020-07-31,000001,上证综指,A股整体市场参考,3280.796,3310.007,3333.786,3261.614,35375897900
2020-08-03,000001,上证综指,A股整体市场参考,3332.183,3367.966,3368.103,3327.677,40746086700
2020-08-04,000001,上证综指,A股整体市场参考,3376.44,3371.688,3391.074,3352.502,44232855100
2020-08-05,000001,上证综指,A股整体市场参考,3363.332,3377.565,3383.637,3333.877,38582302700
2020-08-06,000001,上证综指,A股整体市场参考,3380.762,3386.463,3392.705,3334.334,41530251000
2020-08-07,000001,上证综指,A股整体市场参考,3370.588,3354.035,3374.133,3307.713,40392963300
2020-08-10,000001,上证综指,A股整体市场参考,3341.528,3379.252,3399.932,3335.043,38137963000
2020-08-11,000001,上证综指,A股整体市场参考,3379.487,3340.29,3409.059,3336.095,40045270600
2020-08-12,000001,上证综指,A股整体市场参考,3327.493,3319.266,3335.729,3263.265,37832895900
2020-08-13,000001,上证综指,A股整体市场参考,3328.175,3320.726,3338.152,3309.463,32429127800
2020-08-14,000001,上证综指,A股整体市场参考,3315.669,3360.099,3362.027,3302.736,30599837600
2020-08-17,000001,上证综指,A股整体市场参考,3373.902,3438.801,3450.899,3369.374,43459826000
2020-08-18,000001,上证综指,A股整体市场参考,3441.934,3451.089,3456.721,3432.64,38072927500
2020-08-19,000001,上证综指,A股整体市场参考,3444.565,3408.129,3454.461,3406.164,40572221400
2020-08-20,000001,上证综指,A股整体市场参考,3385.965,3363.899,3394.557,3352.777,33560098200
2020-08-21,000001,上证综指,A股整体市场参考,3380.227,3380.683,3393.918,3358.001,28748834000
2020-08-24,000001,上证综指,A股整体市场参考,3391.113,3385.638,3396.566,3368.026,26622784100
2020-08-25,000001,上证综指,A股整体市场参考,3392.88,3373.578,3408.87,3364.16,27711342100
2020-08-26,000001,上证综指,A股整体市场参考,3371.808,3329.739,3382.603,3320.136,29445103600
2020-08-27,000001,上证综指,A股整体市场参考,3333.491,3350.113,3351.832,3312.986,23709935300
2020-08-28,000001,上证综指,A股整体市场参考,3346.289,3403.807,3405.877,3339.649,27132554900
2020-08-31,000001,上证综指,A股整体市场参考,3416.55,3395.678,3442.736,3395.468,32347389000
2020-09-01,000001,上证综指,A股整体市场参考,3389.742,3410.607,3410.607,3381.711,24699924900
2020-09-02,000001,上证综指,A股整体市场参考,3420.469,3404.802,3421.396,3377.211,26154631900
2020-09-03,000001,上证综指,A股整体市场参考,3404.032,3384.981,3425.629,3374.263,25534627900
2020-09-04,000001,上证综指,A股整体市场参考,3336.408,3355.367,3360.106,3328.552,22163655000
2020-09-07,000001,上证综指,A股整体市场参考,3349.918,3292.591,3368.245,3285.633,26061656700
2020-09-08,000001,上证综指,A股整体市场参考,3301.217,3316.417,3324.393,3276.443,27106627800
2020-09-09,000001,上证综指,A股整体市场参考,3280.997,3254.628,3289.615,3238.561,35150974700
2020-09-10,000001,上证综指,A股整体市场参考,3282.232,3234.823,3285.473,3227.644,31247280400
2020-09-11,000001,上证综指,A股整体市场参考,3225.784,3260.346,3262.498,3220.536,22169883000
2020-09-14,000001,上证综指,A股整体市场参考,3275.918,3278.814,3283.533,3261.148,21392413700
2020-09-15,000001,上证综指,A股整体市场参考,3277.128,3295.68,3297.69,3263.752,19768440000
2020-09-16,000001,上证综指,A股整体市场参考,3293.168,3283.924,3302.456,3271.075,20044336400
2020-09-17,000001,上证综指,A股整体市场参考,3277.324,3270.435,3290.409,3248.499,20293197200
2020-09-18,000001,上证综指,A股整体市场参考,3270.911,3338.09,3338.324,3268.526,25626078800
2020-09-21,000001,上证综指,A股整体市场参考,3348.899,3316.935,3350.589,3313.071,21650309300
2020-09-22,000001,上证综指,A股整体市场参考,3290.666,3274.302,3320.228,3265.703,21401506500
2020-09-23,000001,上证综指,A股整体市场参考,3278.836,3279.711,3289.762,3264.891,16917806800
2020-09-24,000001,上证综指,A股整体市场参考,3262.879,3223.176,3265.345,3221.237,20673601100
2020-09-25,000001,上证综指,A股整体市场参考,3234.374,3219.418,3239.466,3208.035,16482241900
2020-09-28,000001,上证综指,A股整体市场参考,3224.977,3217.535,3238.183,3210.893,15598278300
2020-09-29,000001,上证综指,A股整体市场参考,3231.855,3224.359,3242.794,3219.79,15134987000
2020-09-30,000001,上证综指,A股整体市场参考,3232.71,3218.052,3244.913,3202.344,15350445700
2020-10-09,000001,上证综指,A股整体市场参考,3262.611,3272.076,3280.512,3260.187,18832564800
2020-10-12,000001,上证综指,A股整体市场参考,3287.328,3358.465,3359.153,3286.111,25962240800
2020-10-13,000001,上证综指,A股整体市场参考,3353.121,3359.75,3361.832,3334.499,20492610300
2020-10-14,000001,上证综指,A股整体市场参考,3353.625,3340.778,3353.625,3332.964,19865938200
2020-10-15,000001,上证综指,A股整体市场参考,3342.922,3332.183,3354.578,3330.001,19103128200
2020-10-16,000001,上证综指,A股整体市场参考,3334.457,3336.358,3348.954,3319.11,19429542100
2020-10-19,000001,上证综指,A股整体市场参考,3351.096,3312.667,3371.086,3307.841,21230354000
2020-10-20,000001,上证综指,A股整体市场参考,3307.15,3328.103,3328.103,3293.766,16508476200
2020-10-21,000001,上证综指,A股整体市场参考,3332.147,3325.025,3332.147,3304.169,17763211500
2020-10-22,000001,上证综指,A股整体市场参考,3315.821,3312.501,3320.879,3281.366,16594998700
2020-10-23,000001,上证综指,A股整体市场参考,3308.158,3277.997,3326.049,3276.62,17420898200
2020-10-26,000001,上证综指,A股整体市场参考,3258.703,3251.119,3264.446,3226.602,16773179500
2020-10-27,000001,上证综指,A股整体市场参考,3240.74,3254.316,3258.337,3235.544,14911556600
2020-10-28,000001,上证综指,A股整体市场参考,3256.223,3269.238,3275.871,3238.382,17318196500
2020-10-29,000001,上证综指,A股整体市场参考,3235.765,3272.727,3289.766,3231.124,18470358900
2020-10-30,000001,上证综指,A股整体市场参考,3278.631,3224.533,3279.856,3219.422,23018880300
2020-11-02,000001,上证综指,A股整体市场参考,3228.715,3225.12,3242.804,3209.909,22677913700
2020-11-03,000001,上证综指,A股整体市场参考,3239.806,3271.074,3278.381,3237.854,21529786400
2020-11-04,000001,上证综指,A股整体市场参考,3273.433,3277.44,3286.621,3254.111,18851412800
2020-11-05,000001,上证综指,A股整体市场参考,3305.58,3320.133,3320.408,3291.6,22680146200
2020-11-06,000001,上证综指,A股整体市场参考,3326.465,3312.159,3326.465,3292.151,23486413200
2020-11-09,000001,上证综指,A股整体市场参考,3329.429,3373.734,3380.824,3329.429,31021977100
2020-11-10,000001,上证综指,A股整体市场参考,3387.622,3360.149,3387.622,3346.172,27870111300
2020-11-11,000001,上证综指,A股整体市场参考,3354.025,3342.203,3365.836,3339.041,27120465300
2020-11-12,000001,上证综指,A股整体市场参考,3344.456,3338.679,3350.285,3329.485,21650130900
2020-11-13,000001,上证综指,A股整体市场参考,3327.229,3310.105,3327.229,3291.643,22789836400
2020-11-16,000001,上证综指,A股整体市场参考,3325.621,3346.969,3346.969,3313.647,27959376100
2020-11-17,000001,上证综指,A股整体市场参考,3347.151,3339.895,3347.698,3323.951,28363247900
2020-11-18,000001,上证综指,A股整体市场参考,3337.332,3347.303,3358.894,3333.992,28753125900
2020-11-19,000001,上证综指,A股整体市场参考,3339.086,3363.088,3367.333,3330.45,25326299200
2020-11-20,000001,上证综指,A股整体市场参考,3359.597,3377.727,3380.149,3356.309,26127121900
2020-11-23,000001,上证综指,A股整体市场参考,3384.104,3414.49,3431.653,3377.986,37387204700
2020-11-24,000001,上证综指,A股整体市场参考,3407.409,3402.823,3413.926,3396.244,30099414400
2020-11-25,000001,上证综指,A股整体市场参考,3417.515,3362.327,3423.485,3362.327,32211020700
2020-11-26,000001,上证综指,A股整体市场参考,3360.061,3369.733,3371.454,3344.282,25588682200
2020-11-27,000001,上证综指,A股整体市场参考,3373.843,3408.307,3408.307,3364.492,28064989400
2020-11-30,000001,上证综指,A股整体市场参考,3418.158,3391.755,3456.737,3391.755,38498996800
2020-12-01,000001,上证综指,A股整体市场参考,3388.987,3451.938,3457.635,3386.911,31618898000
2020-12-02,000001,上证综指,A股整体市场参考,3453.518,3449.381,3465.729,3435.871,31281111400
2020-12-03,000001,上证综指,A股整体市场参考,3448.54,3442.136,3452.161,3428.804,29845993000
2020-12-04,000001,上证综指,A股整体市场参考,3436.729,3444.581,3448.404,3417.048,25627670500
2020-12-07,000001,上证综指,A股整体市场参考,3446.648,3416.604,3449.578,3414.314,25452250800
2020-12-08,000001,上证综指,A股整体市场参考,3417.694,3410.177,3428.662,3403.026,22690732800
2020-12-09,000001,上证综指,A股整体市场参考,3416.078,3371.964,3422.536,3371.916,26074742400
2020-12-10,000001,上证综指,A股整体市场参考,3365.731,3373.276,3384.888,3357.753,24730830400
2020-12-11,000001,上证综指,A股整体市场参考,3381.008,3347.191,3383.178,3325.172,29861715800
2020-12-14,000001,上证综指,A股整体市场参考,3349.534,3369.12,3371.129,3338.626,23980792600
2020-12-15,000001,上证综指,A股整体市场参考,3366.581,3367.233,3373.558,3348.419,22566740200
2020-12-16,000001,上证综指,A股整体市场参考,3371.263,3366.983,3378.663,3359.171,22081397600
2020-12-17,000001,上证综指,A股整体市场参考,3367.277,3404.873,3406.155,3354.011,27546363100
2020-12-18,000001,上证综指,A股整体市场参考,3400.486,3394.896,3413.813,3382.751,28099264100
2020-12-21,000001,上证综指,A股整体市场参考,3394.395,3420.569,3423.609,3381.116,28375979400
2020-12-22,000001,上证综指,A股整体市场参考,3410.968,3356.782,3415.754,3353.858,32303765400
2020-12-23,000001,上证综指,A股整体市场参考,3362.472,3382.32,3394.209,3360.202,29952352700
2020-12-24,000001,上证综指,A股整体市场参考,3382.193,3363.113,3394.075,3354.022,27504445000
2020-12-25,000001,上证综指,A股整体市场参考,3351.79,3396.563,3397.007,3348.345,29454689500
2020-12-28,000001,上证综指,A股整体市场参考,3396.359,3397.285,3412.519,3383.654,31618154200
2020-12-29,000001,上证综指,A股整体市场参考,3399.294,3379.036,3407.088,3376.088,31176918500
2020-12-30,000001,上证综指,A股整体市场参考,3375.009,3414.453,3414.454,3374.416,29102354300
2020-12-31,000001,上证综指,A股整体市场参考,3419.727,3473.069,3474.918,3419.727,33567392600
2021-01-04,000001,上证综指,A股整体市场参考,3474.679,3502.958,3511.655,3457.206,38079080000
2021-01-05,000001,上证综指,A股整体市场参考,3492.191,3528.677,3528.677,3484.715,40799593400
2021-01-06,000001,上证综指,A股整体市场参考,3530.907,3550.877,3556.802,3513.126,37023092600
2021-01-07,000001,上证综指,A股整体市场参考,3552.909,3576.205,3576.205,3526.617,40534822600
2021-01-08,000001,上证综指,A股整体市场参考,3577.692,3570.108,3588.063,3544.891,34555789600
2021-01-11,000001,上证综指,A股整体市场参考,3571.321,3531.498,3597.702,3516.986,36247915400
2021-01-12,000001,上证综指,A股整体市场参考,3518.011,3608.339,3608.339,3517.469,32340615300
2021-01-13,000001,上证综指,A股整体市场参考,3613.281,3598.652,3622.348,3575.595,38812779100
2021-01-14,000001,上证综指,A股整体市场参考,3584.932,3565.905,3599.058,3559.6,34766681900
2021-01-15,000001,上证综指,A股整体市场参考,3566.285,3566.378,3589.266,3533.788,32461274400
2021-01-18,000001,上证综指,A股整体市场参考,3554.798,3596.224,3608.767,3544.261,30165256500
2021-01-19,000001,上证综指,A股整体市场参考,3596.356,3566.381,3603.148,3553.024,32343954100
2021-01-20,000001,上证综指,A股整体市场参考,3564.121,3583.092,3589.962,3556.443,27227166100
2021-01-21,000001,上证综指,A股整体市场参考,3590.925,3621.264,3636.244,3585.802,32746699500
2021-01-22,000001,上证综指,A股整体市场参考,3616.54,3606.75,3616.54,3585.034,32446308400
2021-01-25,000001,上证综指,A股整体市场参考,3605.361,3624.238,3637.1,3591.02,32734107000
2021-01-26,000001,上证综指,A股整体市场参考,3610.969,3569.429,3610.969,3564.742,27813988400
2021-01-27,000001,上证综指,A股整体市场参考,3567.549,3573.341,3578.797,3546.492,26410716100
2021-01-28,000001,上证综指,A股整体市场参考,3534.669,3505.176,3549.544,3496.879,27086246100
2021-01-29,000001,上证综指,A股整体市场参考,3521.718,3483.069,3531.598,3446.547,29366266400
2021-02-01,000001,上证综指,A股整体市场参考,3477.172,3505.284,3506.389,3469.875,27756790100
2021-02-02,000001,上证综指,A股整体市场参考,3510.808,3533.685,3535.502,3495.568,26454063000
2021-02-03,000001,上证综指,A股整体市场参考,3531.149,3517.308,3544.009,3508.507,29735171600
2021-02-04,000001,上证综指,A股整体市场参考,3503.779,3501.859,3524.722,3465.771,29883485400
2021-02-05,000001,上证综指,A股整体市场参考,3509.487,3496.333,3536.542,3492.962,29014617400
2021-02-08,000001,上证综指,A股整体市场参考,3504.563,3532.447,3542.208,3492.129,24979961900
2021-02-09,000001,上证综指,A股整体市场参考,3539.773,3603.489,3604.011,3528.676,25382176000
2021-02-10,000001,上证综指,A股整体市场参考,3612.613,3655.088,3662.766,3612.505,25794082400
2021-02-18,000001,上证综指,A股整体市场参考,3721.087,3675.357,3731.687,3663.664,34030906500
2021-02-19,000001,上证综指,A股整体市场参考,3661.783,3696.168,3699.65,3634.015,36105980400
2021-02-22,000001,上证综指,A股整体市场参考,3707.191,3642.445,3717.267,3642.445,48882147800
2021-02-23,000001,上证综指,A股整体市场参考,3617.701,3636.357,3672.151,3617.701,39887317400
2021-02-24,000001,上证综指,A股整体市场参考,3638.936,3564.08,3645.647,3531.594,36215895200
2021-02-25,000001,上证综指,A股整体市场参考,3595.542,3585.046,3608.557,3568.474,36623229900
2021-02-26,000001,上证综指,A股整体市场参考,3514.565,3509.08,3550.406,3500.704,33328006700
2021-03-01,000001,上证综指,A股整体市场参考,3531.48,3551.4,3552.567,3511.989,31548752600
2021-03-02,000001,上证综指,A股整体市场参考,3566.852,3508.591,3566.852,3485.364,33983048600
2021-03-03,000001,上证综指,A股整体市场参考,3500.158,3576.905,3577.622,3498.719,34765684600
2021-03-04,000001,上证综指,A股整体市场参考,3546.641,3503.492,3552.202,3487.376,39361612000
2021-03-05,000001,上证综指,A股整体市场参考,3463.309,3501.987,3523.568,3456.667,35640922300
2021-03-08,000001,上证综指,A股整体市场参考,3524.983,3421.414,3542.304,3421.215,38704795400
2021-03-09,000001,上证综指,A股整体市场参考,3415.339,3359.292,3429.15,3328.312,40765253900
2021-03-10,000001,上证综指,A股整体市场参考,3389.839,3357.737,3397.025,3354.823,29974916600
2021-03-11,000001,上证综指,A股整体市场参考,3369.902,3436.831,3436.831,3369.902,32211204400
2021-03-12,000001,上证综指,A股整体市场参考,3447.203,3453.078,3454.506,3417.239,35802703500
2021-03-15,000001,上证综指,A股整体市场参考,3441.882,3419.946,3457.489,3392.509,36781329300
2021-03-16,000001,上证综指,A股整体市场参考,3424.652,3446.733,3448.883,3406.175,31666874700
2021-03-17,000001,上证综指,A股整体市场参考,3435.732,3445.551,3454.056,3410.282,28005981800
2021-03-18,000001,上证综指,A股整体市场参考,3449.641,3463.068,3478.145,3449.377,28440389100
2021-03-19,000001,上证综指,A股整体市场参考,3423.873,3404.663,3439.524,3389.293,30916171600
2021-03-22,000001,上证综指,A股整体市场参考,3406.123,3443.439,3443.66,3404.234,31255908400
2021-03-23,000001,上证综指,A股整体市场参考,3445.341,3411.509,3445.416,3390.048,32638940900
2021-03-24,000001,上证综指,A股整体市场参考,3394.128,3367.061,3415.295,3362.185,31739869700
2021-03-25,000001,上证综指,A股整体市场参考,3355.071,3363.592,3382.226,3344.97,27067609700
2021-03-26,000001,上证综指,A股整体市场参考,3373.317,3418.327,3423.223,3373.317,27461498700
2021-03-29,000001,上证综指,A股整体市场参考,3429.632,3435.296,3449.834,3409.887,28482424300
2021-03-30,000001,上证综指,A股整体市场参考,3432.529,3456.677,3457.635,3423.315,28542308100
2021-03-31,000001,上证综指,A股整体市场参考,3452.208,3441.912,3452.208,3420.832,28304926100
2021-04-01,000001,上证综指,A股整体市场参考,3444.81,3466.332,3470.031,3438.826,27524429500
2021-04-02,000001,上证综指,A股整体市场参考,3472.628,3484.392,3487.586,3462.832,26265487300
2021-04-06,000001,上证综指,A股整体市场参考,3491.634,3482.967,3493.281,3471.761,23474667100
2021-04-07,000001,上证综指,A股整体市场参考,3483.421,3479.626,3483.421,3453.195,29578697800
2021-04-08,000001,上证综指,A股整体市场参考,3467.487,3482.555,3495.909,3459.325,33175532900
2021-04-09,000001,上证综指,A股整体市场参考,3475.443,3450.677,3475.447,3442.139,28008519600
2021-04-12,000001,上证综指,A股整体市场参考,3445.97,3412.948,3456.158,3403.901,30957723900
2021-04-13,000001,上证综指,A股整体市场参考,3411.293,3396.47,3425.395,3387.902,27062605400
2021-04-14,000001,上证综指,A股整体市场参考,3397.021,3416.721,3420.028,3392.975,23324232700
2021-04-15,000001,上证综指,A股整体市场参考,3409.614,3398.988,3409.614,3373.094,23400505400
2021-04-16,000001,上证综指,A股整体市场参考,3407.188,3426.618,3432.629,3394.134,25857967200
2021-04-19,000001,上证综指,A股整体市场参考,3427.548,3477.549,3479.01,3414.356,30273581900
2021-04-20,000001,上证综指,A股整体市场参考,3467.148,3472.943,3494.298,3463.464,28530008200
2021-04-21,000001,上证综指,A股整体市场参考,3456.299,3472.93,3481.251,3450.111,25377785900
2021-04-22,000001,上证综指,A股整体市场参考,3482.833,3465.114,3485.359,3456.316,25111451000
2021-04-23,000001,上证综指,A股整体市场参考,3462.086,3474.166,3482.359,3456.333,24936043300
2021-04-26,000001,上证综指,A股整体市场参考,3484.107,3441.166,3497.121,3438.572,27697077100
2021-04-27,000001,上证综指,A股整体市场参考,3440.091,3442.611,3443.854,3417.265,25303239300
2021-04-28,000001,上证综指,A股整体市场参考,3432.161,3457.068,3457.068,3423.325,24738112000
2021-04-29,000001,上证综指,A股整体市场参考,3458.082,3474.901,3478.228,3447.588,27663138700
2021-04-30,000001,上证综指,A股整体市场参考,3468.302,3446.856,3469.087,3426.902,31266035400
2021-05-06,000001,上证综指,A股整体市场参考,3446.074,3441.283,3471.24,3426.849,31042419200
2021-05-07,000001,上证综指,A股整体市场参考,3446.407,3418.874,3457.892,3416.776,35378538900
2021-05-10,000001,上证综指,A股整体市场参考,3423.59,3427.991,3429.736,3401.935,37417088400
2021-05-11,000001,上证综指,A股整体市场参考,3406.598,3441.845,3448.096,3384.697,35093411200
2021-05-12,000001,上证综指,A股整体市场参考,3429.754,3462.751,3466.371,3428.394,31144454700
2021-05-13,000001,上证综指,A股整体市场参考,3432.138,3429.536,3448.017,3418.385,31932532700
2021-05-14,000001,上证综指,A股整体市场参考,3436.092,3490.376,3490.644,3422.565,33698230900
2021-05-17,000001,上证综指,A股整体市场参考,3490.409,3517.616,3530.506,3490.144,32213596900
2021-05-18,000001,上证综指,A股整体市场参考,3520.649,3529.014,3529.014,3510.862,27130855800
2021-05-19,000001,上证综指,A股整体市场参考,3521.11,3510.965,3521.11,3503.815,27832111700
2021-05-20,000001,上证综指,A股整体市场参考,3500.877,3506.944,3517.74,3486.066,32600933300
2021-05-21,000001,上证综指,A股整体市场参考,3510.835,3486.557,3518.377,3479.674,28382628500
2021-05-24,000001,上证综指,A股整体市场参考,3486.271,3497.282,3498.304,3469.875,28950924200
2021-05-25,000001,上证综指,A股整体市场参考,3502.539,3581.342,3584.577,3502.443,34124112700
2021-05-26,000001,上证综指,A股整体市场参考,3586.839,3593.357,3603.488,3585.37,34198028800
2021-05-27,000001,上证综指,A股整体市场参考,3585.734,3608.851,3626.358,3579.26,30955148600
2021-05-28,000001,上证综指,A股整体市场参考,3610.767,3600.784,3622.18,3582.358,34920883000
2021-05-31,000001,上证综指,A股整体市场参考,3600.07,3615.477,3615.657,3580.652,33152377000
2021-06-01,000001,上证综指,A股整体市场参考,3608.598,3624.714,3626.074,3581.912,35281141300
2021-06-02,000001,上证综指,A股整体市场参考,3626.328,3597.138,3629.29,3584.596,34855842000
2021-06-03,000001,上证综指,A股整体市场参考,3595.422,3584.212,3618.507,3584.205,35423303100
2021-06-04,000001,上证综指,A股整体市场参考,3565.472,3591.845,3618.8,3561.891,33089303800
2021-06-07,000001,上证综指,A股整体市场参考,3597.141,3599.541,3600.376,3581.899,30371867700
2021-06-08,000001,上证综指,A股整体市场参考,3598.753,3580.106,3621.523,3563.25,30449147000
2021-06-09,000001,上证综指,A股整体市场参考,3576.802,3591.397,3598.708,3572.636,29832329600
2021-06-10,000001,上证综指,A股整体市场参考,3587.528,3610.859,3624.343,3584.133,31817480800
2021-06-11,000001,上证综指,A股整体市场参考,3614.113,3589.748,3614.404,3587.149,36055497000
2021-06-15,000001,上证综指,A股整体市场参考,3587.466,3556.559,3592.947,3547.187,34916856600
2021-06-16,000001,上证综指,A股整体市场参考,3556.714,3518.329,3561.092,3513.559,31259730600
2021-06-17,000001,上证综指,A股整体市场参考,3508.317,3525.604,3534.198,3507.354,27722991800
2021-06-18,000001,上证综指,A股整体市场参考,3520.497,3525.097,3535.622,3503.183,29670858500
2021-06-21,000001,上证综指,A股整体市场参考,3515.501,3529.183,3540.296,3504.008,28089827700
2021-06-22,000001,上证综指,A股整体市场参考,3539.788,3557.412,3560.195,3536.812,30753639900
2021-06-23,000001,上证综指,A股整体市场参考,3559.399,3566.22,3577.466,3549.848,31070951800
2021-06-24,000001,上证综指,A股整体市场参考,3568.576,3566.654,3570.487,3548.816,33544075400
2021-06-25,000001,上证综指,A股整体市场参考,3567.377,3607.562,3614.298,3564.52,34608783200
2021-06-28,000001,上证综指,A股整体市场参考,3612.247,3606.372,3614.357,3594.217,32127497400
2021-06-29,000001,上证综指,A股整体市场参考,3601.677,3573.178,3601.827,3570.525,30607117800
2021-06-30,000001,上证综指,A股整体市场参考,3572.624,3591.197,3594.119,3569.501,26816281800
2021-07-01,000001,上证综指,A股整体市场参考,3600.546,3588.782,3607.705,3573.937,29188319200
2021-07-02,000001,上证综指,A股整体市场参考,3569.892,3518.76,3569.892,3514.339,29194554800
2021-07-05,000001,上证综指,A股整体市场参考,3516.923,3534.322,3534.322,3510.578,28809483700
2021-07-06,000001,上证综指,A股整体市场参考,3533.13,3530.259,3538.347,3496.928,31407021100
2021-07-07,000001,上证综指,A股整体市场参考,3508.59,3553.716,3557.879,3504.472,31883918900
2021-07-08,000001,上证综指,A股整体市场参考,3557.218,3525.504,3558.677,3521.058,35087785700
2021-07-09,000001,上证综指,A股整体市场参考,3512.233,3524.088,3529.31,3485.054,34988431700
2021-07-12,000001,上证综指,A股整体市场参考,3545.198,3547.836,3565.032,3527.393,40363955800
2021-07-13,000001,上证综指,A股整体市场参考,3547.59,3566.523,3567.481,3542.815,36241671100
2021-07-14,000001,上证综指,A股整体市场参考,3560.828,3528.501,3560.828,3525.494,37222172200
2021-07-15,000001,上证综指,A股整体市场参考,3519.063,3564.59,3565.935,3514.258,36325916400
2021-07-16,000001,上证综指,A股整体市场参考,3559.526,3539.304,3565.999,3537.729,36601477900
2021-07-19,000001,上证综指,A股整体市场参考,3530.493,3539.123,3544.879,3506.342,33676094600
2021-07-20,000001,上证综指,A股整体市场参考,3515.072,3536.791,3538.636,3509.192,29378059400
2021-07-21,000001,上证综指,A股整体市场参考,3543.053,3562.661,3569.09,3543.053,33897874800
2021-07-22,000001,上证综指,A股整体市场参考,3563.661,3574.734,3576.473,3558.293,38106705400
2021-07-23,000001,上证综指,A股整体市场参考,3571.715,3550.396,3571.854,3541.51,44642124600
2021-07-26,000001,上证综指,A股整体市场参考,3538.014,3467.441,3538.014,3424.742,44288220300
2021-07-27,000001,上证综指,A股整体市场参考,3467.447,3381.183,3483.874,3380.276,46907544300
2021-07-28,000001,上证综指,A股整体市场参考,3355.819,3361.59,3385.536,3312.721,39582541900
2021-07-29,000001,上证综指,A股整体市场参考,3403.838,3411.724,3416.607,3382.571,34456942800
2021-07-30,000001,上证综指,A股整体市场参考,3398.196,3397.357,3404.881,3370.451,38144095600
2021-08-02,000001,上证综指,A股整体市场参考,3385.69,3464.285,3464.291,3367.643,43292787100
2021-08-03,000001,上证综指,A股整体市场参考,3446.784,3447.991,3470.657,3435.462,40069808100
2021-08-04,000001,上证综指,A股整体市场参考,3442.937,3477.219,3477.597,3440.784,34874421800
2021-08-05,000001,上证综指,A股整体市场参考,3461.719,3466.549,3486.157,3449.389,34843692200
2021-08-06,000001,上证综指,A股整体市场参考,3465.484,3458.228,3466.39,3436.932,33682440000
2021-08-09,000001,上证综指,A股整体市场参考,3441.75,3494.635,3502.841,3438.703,34991009400
2021-08-10,000001,上证综指,A股整体市场参考,3488.664,3529.931,3529.931,3477.064,34511299200
2021-08-11,000001,上证综指,A股整体市场参考,3527.109,3532.621,3544.094,3524.044,38378355400
2021-08-12,000001,上证综指,A股整体市场参考,3522.724,3524.737,3538.396,3513.446,38107459300
2021-08-13,000001,上证综指,A股整体市场参考,3514.467,3516.299,3540.08,3500.8,37818728200
2021-08-16,000001,上证综指,A股整体市场参考,3514.345,3517.345,3537.85,3510.898,39109972100
2021-08-17,000001,上证综指,A股整体市场参考,3512.109,3446.976,3531.725,3438.123,42288580400
2021-08-18,000001,上证综指,A股整体市场参考,3442.347,3485.286,3487.436,3437.691,38920375600
2021-08-19,000001,上证综指,A股整体市场参考,3475.298,3465.555,3480.46,3446.015,38238303100
2021-08-20,000001,上证综指,A股整体市场参考,3442.506,3427.334,3453.153,3394.972,39113691800
2021-08-23,000001,上证综指,A股整体市场参考,3436.796,3477.132,3481.254,3436.671,38472744000
2021-08-24,000001,上证综指,A股整体市场参考,3482.266,3514.471,3522.697,3481.141,43023646300
2021-08-25,000001,上证综指,A股整体市场参考,3517.915,3540.384,3540.395,3510.066,45004701900
2021-08-26,000001,上证综指,A股整体市场参考,3537.314,3501.664,3537.316,3499.453,50290314700
2021-08-27,000001,上证综指,A股整体市场参考,3494.418,3522.157,3530.193,3493.375,45534590600
2021-08-30,000001,上证综指,A股整体市场参考,3535.073,3528.151,3539.494,3512.993,51278571600
2021-08-31,000001,上证综指,A股整体市场参考,3519.025,3543.94,3543.94,3496.389,52420505600
2021-09-01,000001,上证综指,A股整体市场参考,3543.866,3567.101,3582.324,3514.674,66727630500
2021-09-02,000001,上证综指,A股整体市场参考,3559.903,3597.043,3597.366,3557.677,57268403900
2021-09-03,000001,上证综指,A股整体市场参考,3602.742,3581.734,3613.948,3569.399,61453235300
2021-09-06,000001,上证综指,A股整体市场参考,3580.141,3621.859,3626.287,3580.141,52171327600
2021-09-07,000001,上证综指,A股整体市场参考,3621.71,3676.587,3681.925,3615.144,54772187500
2021-09-08,000001,上证综指,A股整体市场参考,3673.402,3675.187,3695.32,3661.0,58643619300
2021-09-09,000001,上证综指,A股整体市场参考,3666.825,3693.13,3693.45,3662.163,60481033000
2021-09-10,000001,上证综指,A股整体市场参考,3691.186,3703.11,3722.873,3681.642,63520043300
2021-09-13,000001,上证综指,A股整体市场参考,3699.253,3715.372,3716.832,3692.816,55748401900
2021-09-14,000001,上证综指,A股整体市场参考,3709.634,3662.602,3723.845,3655.634,56495238600
2021-09-15,000001,上证综指,A股整体市场参考,3651.158,3656.223,3677.527,3638.323,47497000100
2021-09-16,000001,上证综指,A股整体市场参考,3664.841,3607.092,3677.92,3606.728,54674147400
2021-09-17,000001,上证综指,A股整体市场参考,3595.272,3613.966,3620.958,3569.271,51685021000
2021-09-22,000001,上证综指,A股整体市场参考,3563.207,3628.49,3629.454,3560.503,47229605300
2021-09-23,000001,上证综指,A股整体市场参考,3651.266,3642.22,3670.954,3632.282,53499548600
2021-09-24,000001,上证综指,A股整体市场参考,3637.868,3613.067,3651.429,3607.792,50730477200
2021-09-27,000001,上证综指,A股整体市场参考,3625.96,3582.831,3640.808,3559.915,51080279500
2021-09-28,000001,上证综指,A股整体市场参考,3577.886,3602.218,3610.917,3568.819,44416880700
2021-09-29,000001,上证综指,A股整体市场参考,3573.518,3536.294,3573.518,3518.048,45251115100
2021-09-30,000001,上证综指,A股整体市场参考,3541.928,3568.167,3572.426,3541.928,39562962600
2021-10-08,000001,上证综指,A股整体市场参考,3609.087,3592.167,3612.554,3571.734,40716114800
2021-10-11,000001,上证综指,A股整体市场参考,3600.357,3591.709,3614.699,3586.749,39436115900
2021-10-12,000001,上证综指,A股整体市场参考,3581.297,3546.936,3583.639,3515.141,40539374800
2021-10-13,000001,上证综指,A股整体市场参考,3543.492,3561.762,3569.133,3515.648,32505066700
2021-10-14,000001,上证综指,A股整体市场参考,3555.109,3558.28,3569.686,3547.182,29496919600
2021-10-15,000001,上证综指,A股整体市场参考,3551.987,3572.366,3578.766,3542.693,32029298400
2021-10-18,000001,上证综指,A股整体市场参考,3571.048,3568.138,3571.048,3539.478,34095061600
2021-10-19,000001,上证综指,A股整体市场参考,3562.296,3593.153,3596.788,3560.622,33419765200
2021-10-20,000001,上证综指,A股整体市场参考,3583.236,3587.001,3596.05,3574.296,34424500800
2021-10-21,000001,上证综指,A股整体市场参考,3590.05,3594.783,3610.96,3576.355,35231086700
2021-10-22,000001,上证综指,A股整体市场参考,3594.746,3582.604,3607.578,3578.76,35315720300
2021-10-25,000001,上证综指,A股整体市场参考,3574.263,3609.863,3611.091,3564.206,32119681600
2021-10-26,000001,上证综指,A股整体市场参考,3612.833,3597.638,3625.016,3589.706,33727829100
2021-10-27,000001,上证综指,A股整体市场参考,3589.857,3562.305,3589.857,3553.128,35062094000
2021-10-28,000001,上证综指,A股整体市场参考,3548.702,3518.417,3552.042,3509.487,37817166600
2021-10-29,000001,上证综指,A股整体市场参考,3519.328,3547.336,3547.336,3502.801,35880937700
2021-11-01,000001,上证综指,A股整体市场参考,3530.396,3544.48,3556.59,3519.29,38225132500
2021-11-02,000001,上证综指,A股整体市场参考,3543.383,3505.628,3559.048,3477.664,41756317300
2021-11-03,000001,上证综指,A股整体市场参考,3501.105,3498.537,3512.609,3480.488,30660766900
2021-11-04,000001,上证综指,A股整体市场参考,3505.894,3526.866,3527.952,3503.006,31944082900
2021-11-05,000001,上证综指,A股整体市场参考,3520.207,3491.568,3525.872,3491.457,35453356500
2021-11-08,000001,上证综指,A股整体市场参考,3491.971,3498.631,3507.274,3484.24,29818372200
2021-11-09,000001,上证综指,A股整体市场参考,3507.108,3507.002,3514.951,3489.043,28731598900
2021-11-10,000001,上证综指,A股整体市场参考,3498.945,3492.462,3498.945,3448.438,30703070800
2021-11-11,000001,上证综指,A股整体市场参考,3486.451,3532.786,3534.199,3482.829,32208795700
2021-11-12,000001,上证综指,A股整体市场参考,3534.151,3539.1,3543.648,3527.39,30868335400
2021-11-15,000001,上证综指,A股整体市场参考,3542.903,3533.303,3550.444,3521.292,31301761200
2021-11-16,000001,上证综指,A股整体市场参考,3530.458,3521.787,3549.765,3517.807,31039990900
2021-11-17,000001,上证综指,A股整体市场参考,3518.565,3537.366,3537.513,3513.523,27673567100
2021-11-18,000001,上证综指,A股整体市场参考,3531.492,3520.711,3537.976,3513.114,31242692700
2021-11-19,000001,上证综指,A股整体市场参考,3519.276,3560.373,3561.913,3517.651,31798997600
2021-11-22,000001,上证综指,A股整体市场参考,3562.763,3582.08,3585.188,3562.751,33000938500
2021-11-23,000001,上证综指,A股整体市场参考,3580.506,3589.089,3598.375,3577.361,36001159300
2021-11-24,000001,上证综指,A股整体市场参考,3590.019,3592.703,3602.735,3575.288,33677524600
2021-11-25,000001,上证综指,A股整体市场参考,3593.388,3584.179,3597.148,3579.533,30645151800
2021-11-26,000001,上证综指,A股整体市场参考,3576.114,3564.089,3576.114,3554.88,30100006600
2021-11-29,000001,上证综指,A股整体市场参考,3528.672,3562.697,3563.677,3526.355,33361833100
2021-11-30,000001,上证综指,A股整体市场参考,3570.747,3563.887,3582.115,3546.362,34918793800
2021-12-01,000001,上证综指,A股整体市场参考,3561.886,3576.885,3576.885,3558.691,32987351700
2021-12-02,000001,上证综指,A股整体市场参考,3573.247,3573.836,3586.867,3567.137,35404152400
2021-12-03,000001,上证综指,A股整体市场参考,3576.45,3607.432,3608.47,3573.214,37755104800
2021-12-06,000001,上证综指,A股整体市场参考,3615.236,3589.306,3626.126,3586.805,41867674300
2021-12-07,000001,上证综指,A股整体市场参考,3611.217,3595.088,3614.223,3572.569,40384259400
2021-12-08,000001,上证综指,A股整体市场参考,3602.824,3637.568,3637.715,3591.986,36103665700
2021-12-09,000001,上证综指,A股整体市场参考,3641.158,3673.041,3688.397,3638.702,43191815700
2021-12-10,000001,上证综指,A股整体市场参考,3654.368,3666.348,3667.855,3651.353,41998880100
2021-12-13,000001,上证综指,A股整体市场参考,3686.937,3681.082,3708.942,3678.058,42409200900
2021-12-14,000001,上证综指,A股整体市场参考,3669.807,3661.525,3671.678,3654.656,36217193400
2021-12-15,000001,上证综指,A股整体市场参考,3655.049,3647.63,3668.402,3645.243,37747766700
2021-12-16,000001,上证综指,A股整体市场参考,3648.927,3675.016,3675.016,3644.665,38132950700
2021-12-17,000001,上证综指,A股整体市场参考,3670.258,3632.364,3673.654,3631.661,40848783700
2021-12-20,000001,上证综指,A股整体市场参考,3620.037,3593.602,3643.954,3589.36,42385141000
2021-12-21,000001,上证综指,A股整体市场参考,3591.452,3625.125,3627.088,3591.452,40818434800
2021-12-22,000001,上证综指,A股整体市场参考,3632.676,3622.618,3635.899,3616.548,39482517700
2021-12-23,000001,上证综指,A股整体市场参考,3625.47,3643.339,3643.546,3618.048,38292573400
2021-12-24,000001,上证综指,A股整体市场参考,3645.395,3618.054,3648.956,3612.067,39034762500
2021-12-27,000001,上证综指,A股整体市场参考,3613.047,3615.974,3632.188,3601.935,32923529300
2021-12-28,000001,上证综指,A股整体市场参考,3619.642,3630.112,3631.077,3607.364,31620224200
2021-12-29,000001,上证综指,A股整体市场参考,3630.916,3597.0,3630.916,3596.323,30513176600
2021-12-30,000001,上证综指,A股整体市场参考,3596.492,3619.189,3628.918,3595.496,30783929100
2021-12-31,000001,上证综指,A股整体市场参考,3626.242,3639.775,3642.843,3624.942,32968193200
2022-01-04,000001,上证综指,A股整体市场参考,3649.151,3632.329,3651.892,3610.092,40502776900
2022-01-05,000001,上证综指,A股整体市场参考,3628.263,3595.176,3628.263,3583.467,42390202800
2022-01-06,000001,上证综指,A股整体市场参考,3581.218,3586.079,3594.489,3559.88,37154054300
2022-01-07,000001,上证综指,A股整体市场参考,3588.985,3579.543,3607.232,3577.098,43630696100
2022-01-10,000001,上证综指,A股整体市场参考,3572.743,3593.519,3593.519,3555.126,35622261000
2022-01-11,000001,上证综指,A股整体市场参考,3589.904,3567.441,3602.145,3562.754,35976186300
2022-01-12,000001,上证综指,A股整体市场参考,3578.163,3597.432,3599.499,3572.097,34313295600
2022-01-13,000001,上证综指,A股整体市场参考,3601.027,3555.259,3601.073,3555.158,36936836500
2022-01-14,000001,上证综指,A股整体市场参考,3544.065,3521.256,3548.42,3519.322,37693702400
2022-01-17,000001,上证综指,A股整体市场参考,3522.085,3541.666,3546.085,3519.426,31288673300
2022-01-18,000001,上证综指,A股整体市场参考,3541.89,3569.914,3579.313,3531.33,37714643500
2022-01-19,000001,上证综指,A股整体市场参考,3567.631,3558.18,3578.735,3541.662,33323526900
2022-01-20,000001,上证综指,A股整体市场参考,3556.226,3555.063,3576.259,3540.555,37950984600
2022-01-21,000001,上证综指,A股整体市场参考,3546.75,3522.568,3547.0,3514.885,32653488000
2022-01-24,000001,上证综指,A股整体市场参考,3508.244,3524.105,3531.608,3500.139,28026834200
2022-01-25,000001,上证综指,A股整体市场参考,3509.285,3433.061,3519.833,3433.061,32735381300
2022-01-26,000001,上证综指,A股整体市场参考,3442.692,3455.668,3462.123,3417.759,27512282800
2022-01-27,000001,上证综指,A股整体市场参考,3456.102,3394.247,3456.363,3392.015,28060653400
2022-01-28,000001,上证综指,A股整体市场参考,3407.593,3361.44,3417.045,3356.556,29085525700
2022-02-07,000001,上证综指,A股整体市场参考,3407.762,3429.581,3434.026,3407.762,32048521100
2022-02-08,000001,上证综指,A股整体市场参考,3428.542,3452.629,3453.186,3390.458,36609386500
2022-02-09,000001,上证综指,A股整体市场参考,3450.818,3479.946,3484.739,3444.085,35024993600
2022-02-10,000001,上证综指,A股整体市场参考,3481.91,3485.907,3488.855,3464.217,35566626700
2022-02-11,000001,上证综指,A股整体市场参考,3472.276,3462.948,3500.147,3459.33,36135609000
2022-02-14,000001,上证综指,A股整体市场参考,3451.847,3428.882,3457.265,3415.446,31527444800
2022-02-15,000001,上证综指,A股整体市场参考,3428.045,3446.089,3447.492,3421.64,27555932200
2022-02-16,000001,上证综指,A股整体市场参考,3457.073,3465.831,3475.058,3453.801,27499391300
2022-02-17,000001,上证综指,A股整体市场参考,3464.209,3468.035,3480.972,3454.277,29726268200
2022-02-18,000001,上证综指,A股整体市场参考,3451.632,3490.757,3490.757,3447.027,29514996300
2022-02-21,000001,上证综指,A股整体市场参考,3488.406,3490.612,3492.199,3471.686,30154174000
2022-02-22,000001,上证综指,A股整体市场参考,3473.287,3457.146,3473.393,3437.672,32627948400
2022-02-23,000001,上证综指,A股整体市场参考,3458.514,3489.147,3490.763,3458.18,32560489500
2022-02-24,000001,上证综指,A股整体市场参考,3474.369,3429.956,3486.977,3400.214,48835490100
2022-02-25,000001,上证综指,A股整体市场参考,3445.336,3451.406,3480.176,3440.934,37754255600
2022-02-28,000001,上证综指,A股整体市场参考,3450.316,3462.306,3462.306,3425.516,34583838800
2022-03-01,000001,上证综指,A股整体市场参考,3471.365,3488.835,3491.132,3465.715,32600166200
2022-03-02,000001,上证综指,A股整体市场参考,3478.293,3484.192,3486.621,3467.0,32936768400
2022-03-03,000001,上证综指,A股整体市场参考,3495.928,3481.113,3500.287,3473.338,41259428900
2022-03-04,000001,上证综指,A股整体市场参考,3459.985,3447.649,3474.882,3437.696,39352658100
2022-03-07,000001,上证综指,A股整体市场参考,3438.56,3372.855,3438.56,3360.739,39358899900
2022-03-08,000001,上证综指,A股整体市场参考,3372.555,3293.53,3383.633,3287.341,41592676600
2022-03-09,000001,上证综指,A股整体市场参考,3303.706,3256.388,3321.481,3147.677,46628556900
2022-03-10,000001,上证综指,A股整体市场参考,3312.179,3296.092,3326.583,3291.235,37833637600
2022-03-11,000001,上证综指,A股整体市场参考,3259.323,3309.747,3315.66,3217.419,38406712700
2022-03-14,000001,上证综指,A股整体市场参考,3271.89,3223.533,3297.797,3223.533,33796868700
2022-03-15,000001,上证综指,A股整体市场参考,3192.364,3063.965,3196.916,3063.965,46503716400
2022-03-16,000001,上证综指,A股整体市场参考,3107.669,3170.71,3177.788,3023.305,44466718900
2022-03-17,000001,上证综指,A股整体市场参考,3215.011,3215.045,3260.167,3202.934,42081345800
2022-03-18,000001,上证综指,A股整体市场参考,3207.152,3251.072,3260.783,3197.358,37303561100
2022-03-21,000001,上证综指,A股整体市场参考,3255.615,3253.686,3267.498,3223.389,35422848800
2022-03-22,000001,上证综指,A股整体市场参考,3249.543,3259.862,3279.113,3239.532,36119615800
2022-03-23,000001,上证综指,A股整体市场参考,3264.792,3271.033,3279.887,3251.982,34987537000
2022-03-24,000001,上证综指,A股整体市场参考,3256.057,3250.264,3266.887,3236.659,32900665400
2022-03-25,000001,上证综指,A股整体市场参考,3247.157,3212.24,3257.106,3211.645,34002000600
2022-03-28,000001,上证综指,A股整体市场参考,3185.167,3214.503,3230.215,3159.835,34499487300
2022-03-29,000001,上证综指,A股整体市场参考,3216.012,3203.939,3229.177,3196.455,31627364900
2022-03-30,000001,上证综指,A股整体市场参考,3217.592,3266.596,3266.596,3216.302,36675367700
2022-03-31,000001,上证综指,A股整体市场参考,3256.137,3252.203,3272.04,3246.063,39843993400
2022-04-01,000001,上证综指,A股整体市场参考,3234.668,3282.717,3287.229,3226.297,37821046000
2022-04-06,000001,上证综指,A股整体市场参考,3269.427,3283.426,3288.108,3255.689,42964277900
2022-04-07,000001,上证综指,A股整体市场参考,3267.81,3236.695,3290.256,3236.479,40262666000
2022-04-08,000001,上证综指,A股整体市场参考,3239.877,3251.85,3257.094,3208.352,41382679900
2022-04-11,000001,上证综指,A股整体市场参考,3239.855,3167.126,3239.855,3156.507,42416018500
2022-04-12,000001,上证综指,A股整体市场参考,3165.12,3213.33,3214.536,3140.9,41832192300
2022-04-13,000001,上证综指,A股整体市场参考,3199.797,3186.824,3225.467,3183.533,39115692500
2022-04-14,000001,上证综指,A股整体市场参考,3203.634,3225.641,3240.001,3200.235,37124234400
2022-04-15,000001,上证综指,A股整体市场参考,3210.7,3211.245,3229.866,3200.133,40784208200
2022-04-18,000001,上证综指,A股整体市场参考,3185.943,3195.524,3204.027,3166.978,34736512300
2022-04-19,000001,上证综指,A股整体市场参考,3192.092,3194.029,3207.828,3174.714,33994410400
2022-04-20,000001,上证综指,A股整体市场参考,3189.891,3151.05,3191.832,3142.049,36204703700
2022-04-21,000001,上证综指,A股整体市场参考,3138.428,3079.808,3160.899,3069.681,39193469400
2022-04-22,000001,上证综指,A股整体市场参考,3058.404,3086.919,3105.655,3049.356,34200056300
2022-04-25,000001,上证综指,A股整体市场参考,3034.267,2928.512,3043.816,2928.51,43360610800
2022-04-26,000001,上证综指,A股整体市场参考,2930.453,2886.426,2957.68,2878.256,40161515400
2022-04-27,000001,上证综指,A股整体市场参考,2866.816,2958.282,2959.178,2863.65,42306019100
2022-04-28,000001,上证综指,A股整体市场参考,2945.811,2975.485,2991.51,2936.794,37537177500
2022-04-29,000001,上证综指,A股整体市场参考,2986.061,3047.062,3048.494,2968.334,42393279400
2022-05-05,000001,上证综指,A股整体市场参考,3044.849,3067.759,3082.23,3042.116,38307287500
2022-05-06,000001,上证综指,A股整体市场参考,3011.319,3001.561,3030.693,2992.715,34326421800
2022-05-09,000001,上证综指,A股整体市场参考,2990.199,3004.141,3015.943,2983.612,29206155600
2022-05-10,000001,上证综指,A股整体市场参考,2965.776,3035.844,3043.779,2957.397,37066098000
2022-05-11,000001,上证综指,A股整体市场参考,3035.389,3058.703,3100.9,3034.675,42399191200
2022-05-12,000001,上证综指,A股整体市场参考,3044.8,3054.994,3072.157,3032.945,34444047700
2022-05-13,000001,上证综指,A股整体市场参考,3068.033,3084.285,3086.096,3059.253,33173785200
2022-05-16,000001,上证综指,A股整体市场参考,3100.55,3073.749,3102.577,3063.398,33810849200
2022-05-17,000001,上证综指,A股整体市场参考,3076.498,3093.697,3093.697,3057.641,33035653700
2022-05-18,000001,上证综指,A股整体市场参考,3095.886,3085.977,3105.842,3071.305,31503792300
2022-05-19,000001,上证综指,A股整体市场参考,3046.71,3096.965,3096.965,3042.674,33660074900
2022-05-20,000001,上证综指,A股整体市场参考,3107.094,3146.567,3146.567,3107.094,37233663600
2022-05-23,000001,上证综指,A股整体市场参考,3150.49,3146.857,3150.509,3127.899,35337632500
2022-05-24,000001,上证综指,A股整体市场参考,3149.059,3070.927,3153.13,3070.927,41631215800
2022-05-25,000001,上证综指,A股整体市场参考,3070.17,3107.464,3107.628,3069.946,34225922700
2022-05-26,000001,上证综指,A股整体市场参考,3111.482,3123.108,3133.277,3079.481,37030551800
2022-05-27,000001,上证综指,A股整体市场参考,3135.032,3130.239,3151.047,3112.544,35946386600
2022-05-30,000001,上证综指,A股整体市场参考,3141.956,3149.061,3150.892,3123.15,34936228500
2022-05-31,000001,上证综指,A股整体市场参考,3149.944,3186.427,3188.603,3142.004,37452326500
2022-06-01,000001,上证综指,A股整体市场参考,3179.695,3182.157,3190.609,3160.04,36566443200
2022-06-02,000001,上证综指,A股整体市场参考,3170.306,3195.458,3197.282,3163.756,36177063200
2022-06-06,000001,上证综指,A股整体市场参考,3196.955,3236.372,3237.071,3181.647,42202783500
2022-06-07,000001,上证综指,A股整体市场参考,3235.416,3241.764,3253.093,3222.635,40220322000
2022-06-08,000001,上证综指,A股整体市场参考,3245.017,3263.793,3266.63,3216.015,43418327000
2022-06-09,000001,上证综指,A股整体市场参考,3259.49,3238.954,3270.557,3223.475,42272837200
2022-06-10,000001,上证综指,A股整体市场参考,3214.185,3284.834,3286.62,3210.808,43986573000
2022-06-13,000001,上证综指,A股整体市场参考,3256.275,3255.551,3272.991,3229.309,43857831200
2022-06-14,000001,上证综指,A股整体市场参考,3224.214,3288.907,3289.134,3195.819,45038818700
2022-06-15,000001,上证综指,A股整体市场参考,3289.104,3305.407,3358.545,3288.851,55058413100
2022-06-16,000001,上证综指,A股整体市场参考,3306.835,3285.385,3319.689,3277.531,43322086800
2022-06-17,000001,上证综指,A股整体市场参考,3265.512,3316.786,3323.28,3262.894,39530070000
2022-06-20,000001,上证综指,A股整体市场参考,3315.783,3315.43,3333.903,3292.928,41346041000
2022-06-21,000001,上证综指,A股整体市场参考,3313.787,3306.719,3329.39,3279.827,39445689100
2022-06-22,000001,上证综指,A股整体市场参考,3309.118,3267.202,3311.021,3266.543,37552978200
2022-06-23,000001,上证综指,A股整体市场参考,3269.055,3320.149,3320.149,3262.294,40061421100
2022-06-24,000001,上证综指,A股整体市场参考,3324.736,3349.747,3356.715,3322.95,39081973400
2022-06-27,000001,上证综指,A股整体市场参考,3364.003,3379.185,3393.309,3364.003,41411773800
2022-06-28,000001,上证综指,A股整体市场参考,3377.679,3409.21,3412.102,3358.867,41205651600
2022-06-29,000001,上证综指,A股整体市场参考,3399.678,3361.518,3414.647,3358.468,44057355900
2022-06-30,000001,上证综指,A股整体市场参考,3358.934,3398.616,3417.009,3358.934,38124317800
2022-07-01,000001,上证综指,A股整体市场参考,3400.262,3387.637,3404.052,3378.362,35048929900
2022-07-04,000001,上证综指,A股整体市场参考,3381.819,3405.427,3405.619,3364.095,35773791900
2022-07-05,000001,上证综指,A股整体市场参考,3411.13,3404.025,3424.837,3372.062,41169967200
2022-07-06,000001,上证综指,A股整体市场参考,3391.027,3355.35,3391.027,3333.097,38463004700
2022-07-07,000001,上证综指,A股整体市场参考,3353.128,3364.398,3375.86,3332.309,33440020200
2022-07-08,000001,上证综指,A股整体市场参考,3380.369,3356.078,3386.315,3354.121,32292107200
2022-07-11,000001,上证综指,A股整体市场参考,3341.102,3313.584,3341.102,3297.005,34266919300
2022-07-12,000001,上证综指,A股整体市场参考,3307.221,3281.467,3319.251,3277.079,33460053900
2022-07-13,000001,上证综指,A股整体市场参考,3279.603,3284.292,3297.019,3266.481,33184566900
2022-07-14,000001,上证综指,A股整体市场参考,3277.455,3281.744,3299.251,3261.493,35592643200
2022-07-15,000001,上证综指,A股整体市场参考,3261.383,3228.061,3288.92,3228.061,38015637100
2022-07-18,000001,上证综指,A股整体市场参考,3235.088,3278.103,3278.472,3226.232,34834602200
2022-07-19,000001,上证综指,A股整体市场参考,3278.722,3279.431,3283.93,3256.015,31565191800
2022-07-20,000001,上证综指,A股整体市场参考,3291.551,3304.724,3308.347,3287.744,30151512300
2022-07-21,000001,上证综指,A股整体市场参考,3297.661,3272.001,3300.535,3272.001,33235870700
2022-07-22,000001,上证综指,A股整体市场参考,3276.197,3269.974,3293.644,3246.731,30069006600
2022-07-25,000001,上证综指,A股整体市场参考,3269.707,3250.388,3273.184,3243.031,27124574400
2022-07-26,000001,上证综指,A股整体市场参考,3254.185,3277.436,3282.413,3246.044,25946867600
2022-07-27,000001,上证综指,A股整体市场参考,3271.783,3275.755,3282.574,3265.727,24913148500
2022-07-28,000001,上证综指,A股整体市场参考,3287.502,3282.576,3305.706,3277.108,28805505600
2022-07-29,000001,上证综指,A股整体市场参考,3282.811,3253.238,3294.805,3246.368,30733104700
2022-08-01,000001,上证综指,A股整体市场参考,3246.616,3259.959,3264.304,3225.553,29220480500
2022-08-02,000001,上证综指,A股整体市场参考,3231.262,3186.266,3231.262,3155.187,39417616800
2022-08-03,000001,上证综指,A股整体市场参考,3188.891,3163.674,3217.55,3159.457,32488567300
2022-08-04,000001,上证综指,A股整体市场参考,3179.428,3189.039,3190.999,3155.704,26089894300
2022-08-05,000001,上证综指,A股整体市场参考,3195.227,3227.027,3228.886,3184.455,27468372900
2022-08-08,000001,上证综指,A股整体市场参考,3218.851,3236.934,3237.969,3214.083,25426805000
2022-08-09,000001,上证综指,A股整体市场参考,3235.735,3247.432,3248.772,3227.539,25960546700
2022-08-10,000001,上证综指,A股整体市场参考,3242.362,3230.02,3253.166,3217.807,25758359200
2022-08-11,000001,上证综指,A股整体市场参考,3243.472,3281.665,3281.665,3237.904,30060537600
2022-08-12,000001,上证综指,A股整体市场参考,3275.77,3276.888,3288.223,3272.841,29993292800
2022-08-15,000001,上证综指,A股整体市场参考,3268.365,3276.087,3286.891,3261.815,28710677300
2022-08-16,000001,上证综指,A股整体市场参考,3278.676,3277.885,3295.023,3271.57,30359227400
2022-08-17,000001,上证综指,A股整体市场参考,3282.101,3292.526,3295.998,3263.348,32612475900
2022-08-18,000001,上证综指,A股整体市场参考,3286.367,3277.544,3289.142,3270.558,30169477800
2022-08-19,000001,上证综指,A股整体市场参考,3275.623,3258.078,3286.491,3258.064,33353547100
2022-08-22,000001,上证综指,A股整体市场参考,3249.705,3277.794,3278.166,3247.187,31453786900
2022-08-23,000001,上证综指,A股整体市场参考,3274.427,3276.223,3284.596,3262.633,31656635600
2022-08-24,000001,上证综指,A股整体市场参考,3279.172,3215.203,3281.875,3212.386,36614057700
2022-08-25,000001,上证综指,A股整体市场参考,3223.465,3246.248,3248.351,3199.124,33619616500
2022-08-26,000001,上证综指,A股整体市场参考,3250.628,3236.223,3266.274,3232.277,30992755400
2022-08-29,000001,上证综指,A股整体市场参考,3203.102,3240.728,3240.728,3198.996,29701509700
2022-08-30,000001,上证综指,A股整体市场参考,3240.184,3227.22,3243.746,3212.635,29431891400
2022-08-31,000001,上证综指,A股整体市场参考,3216.526,3202.138,3232.016,3184.394,34440882900
2022-09-01,000001,上证综指,A股整体市场参考,3196.537,3184.98,3214.558,3181.626,27466054100
2022-09-02,000001,上证综指,A股整体市场参考,3189.644,3186.478,3198.281,3173.793,25045691100
2022-09-05,000001,上证综指,A股整体市场参考,3183.946,3199.912,3199.912,3172.039,28067563300
2022-09-06,000001,上证综指,A股整体市场参考,3207.933,3243.447,3244.635,3203.816,31886968900
2022-09-07,000001,上证综指,A股整体市场参考,3232.137,3246.294,3253.767,3227.823,30101446600
2022-09-08,000001,上证综指,A股整体市场参考,3245.557,3235.586,3253.701,3233.801,28168035800
2022-09-09,000001,上证综指,A股整体市场参考,3241.181,3262.054,3266.197,3236.508,28382766500
2022-09-13,000001,上证综指,A股整体市场参考,3272.049,3263.797,3278.166,3259.664,27618982300
2022-09-14,000001,上证综指,A股整体市场参考,3224.678,3237.542,3250.802,3221.961,25519336500
2022-09-15,000001,上证综指,A股整体市场参考,3248.972,3199.919,3254.179,3174.39,32520612100
2022-09-16,000001,上证综指,A股整体市场参考,3189.827,3126.398,3191.827,3126.397,31647589300
2022-09-19,000001,上证综指,A股整体市场参考,3122.755,3115.602,3135.557,3101.221,24911366200
2022-09-20,000001,上证综指,A股整体市场参考,3127.836,3122.406,3140.025,3114.037,21994253400
2022-09-21,000001,上证综指,A股整体市场参考,3116.007,3117.177,3129.825,3091.297,23297249600
2022-09-22,000001,上证综指,A股整体市场参考,3098.768,3108.91,3125.68,3092.819,22114068900
2022-09-23,000001,上证综指,A股整体市场参考,3106.806,3088.37,3124.658,3072.241,24305771900
2022-09-26,000001,上证综指,A股整体市场参考,3067.569,3051.226,3102.654,3048.514,26269862800
2022-09-27,000001,上证综指,A股整体市场参考,3056.392,3093.862,3094.039,3048.365,23273530300
2022-09-28,000001,上证综指,A股整体市场参考,3089.098,3045.067,3089.098,3044.864,23009865000
2022-09-29,000001,上证综指,A股整体市场参考,3067.473,3041.205,3076.762,3026.079,23003041600
2022-09-30,000001,上证综指,A股整体市场参考,3042.166,3024.391,3054.613,3021.931,20411533600
2022-10-10,000001,上证综指,A股整体市场参考,3026.935,2974.145,3029.448,2968.281,24340482800
2022-10-11,000001,上证综指,A股整体市场参考,2978.062,2979.793,2986.912,2953.495,20863595000
2022-10-12,000001,上证综指,A股整体市场参考,2976.717,3025.506,3025.506,2934.092,24801355700
2022-10-13,000001,上证综指,A股整体市场参考,3008.302,3016.356,3036.249,3004.496,24968328100
2022-10-14,000001,上证综指,A股整体市场参考,3035.034,3071.987,3084.272,3035.034,27730406100
2022-10-17,000001,上证综指,A股整体市场参考,3060.518,3084.942,3087.194,3052.715,26260861800
2022-10-18,000001,上证综指,A股整体市场参考,3094.927,3080.957,3099.918,3074.216,24563475700
2022-10-19,000001,上证综指,A股整体市场参考,3073.262,3044.378,3081.39,3044.378,23089531000
2022-10-20,000001,上证综指,A股整体市场参考,3029.303,3035.05,3070.265,3013.693,24473614500
2022-10-21,000001,上证综指,A股整体市场参考,3038.036,3038.929,3055.416,3026.96,24525412200
2022-10-24,000001,上证综指,A股整体市场参考,3034.746,2977.555,3064.421,2965.168,29808535600
2022-10-25,000001,上证综指,A股整体市场参考,2969.156,2976.283,3001.715,2944.261,25555416000
2022-10-26,000001,上证综指,A股整体市场参考,2977.564,2999.504,3028.348,2977.564,26868949200
2022-10-27,000001,上证综指,A股整体市场参考,3005.037,2982.903,3017.263,2981.689,26560825400
2022-10-28,000001,上证综指,A股整体市场参考,2967.022,2915.926,2974.236,2908.983,29253130800
2022-10-31,000001,上证综指,A股整体市场参考,2893.196,2893.483,2926.015,2885.089,30199420300
2022-11-01,000001,上证综指,A股整体市场参考,2899.499,2969.2,2969.2,2896.757,31980957800
2022-11-02,000001,上证综指,A股整体市场参考,2960.647,3003.37,3019.049,2954.948,32507824800
2022-11-03,000001,上证综指,A股整体市场参考,2981.204,2997.806,3003.721,2977.716,25934856700
2022-11-04,000001,上证综指,A股整体市场参考,2996.997,3070.796,3081.59,2996.997,32980674000
2022-11-07,000001,上证综指,A股整体市场参考,3062.859,3077.817,3088.193,3054.457,32056709700
2022-11-08,000001,上证综指,A股整体市场参考,3077.306,3064.493,3078.276,3047.462,25652200700
2022-11-09,000001,上证综指,A股整体市场参考,3064.463,3048.168,3073.918,3046.188,23563732400
2022-11-10,000001,上证综指,A股整体市场参考,3031.692,3036.132,3047.98,3022.851,27037179800
2022-11-11,000001,上证综指,A股整体市场参考,3099.65,3087.293,3117.742,3070.301,40960453400
2022-11-14,000001,上证综指,A股整体市场参考,3100.867,3083.401,3121.406,3075.215,36178821600
2022-11-15,000001,上证综指,A股整体市场参考,3081.135,3134.078,3135.59,3074.498,33147057700
2022-11-16,000001,上证综指,A股整体市场参考,3133.65,3119.98,3145.753,3115.345,30342984400
2022-11-17,000001,上证综指,A股整体市场参考,3110.965,3115.435,3115.435,3087.174,28702840700
2022-11-18,000001,上证综指,A股整体市场参考,3116.729,3097.243,3126.711,3096.886,29995427600
2022-11-21,000001,上证综指,A股整体市场参考,3078.057,3085.044,3085.243,3056.17,25604554900
2022-11-22,000001,上证综指,A股整体市场参考,3084.233,3088.943,3118.12,3076.321,32756592700
2022-11-23,000001,上证综指,A股整体市场参考,3084.74,3096.907,3108.244,3075.324,32615544900
2022-11-24,000001,上证综指,A股整体市场参考,3104.096,3089.31,3113.239,3084.855,26748292800
2022-11-25,000001,上证综指,A股整体市场参考,3085.461,3101.693,3111.421,3077.967,31143197900
2022-11-28,000001,上证综指,A股整体市场参考,3055.29,3078.549,3080.184,3034.705,30581128400
2022-11-29,000001,上证综指,A股整体市场参考,3096.113,3149.748,3152.003,3096.113,39144974800
2022-11-30,000001,上证综指,A股整体市场参考,3141.399,3151.335,3158.573,3137.369,37271832100
2022-12-01,000001,上证综指,A股整体市场参考,3187.99,3165.471,3198.409,3164.535,38701305600
2022-12-02,000001,上证综指,A股整体市场参考,3160.579,3156.144,3170.898,3149.841,30781248400
2022-12-05,000001,上证综指,A股整体市场参考,3181.916,3211.814,3213.44,3177.064,44739843700
2022-12-06,000001,上证综指,A股整体市场参考,3200.275,3212.533,3224.822,3195.079,37359029600
2022-12-07,000001,上证综指,A股整体市场参考,3204.935,3199.619,3226.082,3188.671,35411307800
2022-12-08,000001,上证综指,A股整体市场参考,3196.016,3197.35,3206.715,3187.257,32096929400
2022-12-09,000001,上证综指,A股整体市场参考,3197.118,3206.95,3212.106,3182.907,37334320900
2022-12-12,000001,上证综指,A股整体市场参考,3195.868,3179.042,3196.725,3176.575,33338179200
2022-12-13,000001,上证综指,A股整体市场参考,3179.435,3176.326,3187.204,3171.483,28582120000
2022-12-14,000001,上证综指,A股整体市场参考,3178.554,3176.525,3189.835,3168.593,26562356900
2022-12-15,000001,上证综指,A股整体市场参考,3177.2,3168.648,3179.1,3158.452,24302333300
2022-12-16,000001,上证综指,A股整体市场参考,3156.135,3167.858,3175.353,3151.609,25977179500
2022-12-19,000001,上证综指,A股整体市场参考,3165.309,3107.115,3170.255,3096.098,27851354100
2022-12-20,000001,上证综指,A股整体市场参考,3098.953,3073.766,3100.748,3061.51,21883676600
2022-12-21,000001,上证综指,A股整体市场参考,3078.331,3068.411,3085.795,3060.554,18906792000
2022-12-22,000001,上证综指,A股整体市场参考,3085.8,3054.431,3096.245,3044.599,22363953700
2022-12-23,000001,上证综指,A股整体市场参考,3038.842,3045.866,3061.867,3031.536,19202030500
2022-12-26,000001,上证综指,A股整体市场参考,3048.196,3065.563,3071.836,3047.349,20650389300
2022-12-27,000001,上证综指,A股整体市场参考,3077.747,3095.568,3098.078,3074.313,22221832200
2022-12-28,000001,上证综指,A股整体市场参考,3088.617,3087.4,3098.65,3079.434,22455415100
2022-12-29,000001,上证综指,A股整体市场参考,3076.726,3073.702,3086.005,3064.459,21557067600
2022-12-30,000001,上证综指,A股整体市场参考,3084.523,3089.258,3096.314,3082.196,21754534400
2023-01-03,000001,上证综指,A股整体市场参考,3087.513,3116.512,3119.856,3073.054,28137036200
2023-01-04,000001,上证综指,A股整体市场参考,3117.571,3123.516,3129.094,3109.451,27331362600
2023-01-05,000001,上证综指,A股整体市场参考,3132.761,3155.216,3159.427,3130.23,25700301800
2023-01-06,000001,上证综指,A股整体市场参考,3155.075,3157.637,3170.742,3151.841,25738025500
2023-01-09,000001,上证综指,A股整体市场参考,3169.374,3176.085,3183.583,3165.428,25811521800
2023-01-10,000001,上证综指,A股整体市场参考,3178.022,3169.507,3178.157,3165.145,23298417500
2023-01-11,000001,上证综指,A股整体市场参考,3172.376,3161.838,3184.757,3160.89,23774286900
2023-01-12,000001,上证综指,A股整体市场参考,3167.273,3163.451,3171.591,3153.404,21667130500
2023-01-13,000001,上证综指,A股整体市场参考,3170.355,3195.306,3195.307,3167.51,22022689700
2023-01-16,000001,上证综指,A股整体市场参考,3198.519,3227.592,3251.374,3197.319,30674954900
2023-01-17,000001,上证综指,A股整体市场参考,3229.435,3224.245,3231.265,3211.757,22659223000
2023-01-18,000001,上证综指,A股整体市场参考,3227.595,3224.406,3234.817,3220.37,21210973000
2023-01-19,000001,上证综指,A股整体市场参考,3221.518,3240.279,3240.279,3210.383,22646503000
2023-01-20,000001,上证综指,A股整体市场参考,3247.203,3264.814,3267.058,3247.203,27321918200
2023-01-30,000001,上证综指,A股整体市场参考,3308.869,3269.318,3310.49,3266.758,35332582900
2023-01-31,000001,上证综指,A股整体市场参考,3266.144,3255.669,3277.252,3252.015,30016295700
2023-02-01,000001,上证综指,A股整体市场参考,3262.196,3284.921,3284.922,3245.411,33950941000
2023-02-02,000001,上证综指,A股整体市场参考,3291.783,3285.671,3295.764,3272.414,33341313300
2023-02-03,000001,上证综指,A股整体市场参考,3275.658,3263.406,3275.658,3235.353,29334281400
2023-02-06,000001,上证综指,A股整体市场参考,3244.701,3238.698,3250.351,3226.211,26705310700
2023-02-07,000001,上证综指,A股整体市场参考,3245.23,3248.094,3250.033,3233.833,25094645000
2023-02-08,000001,上证综指,A股整体市场参考,3251.501,3232.106,3257.114,3230.439,23453048100
2023-02-09,000001,上证综指,A股整体市场参考,3227.728,3270.383,3270.383,3225.772,25475452900
2023-02-10,000001,上证综指,A股整体市场参考,3266.437,3260.673,3269.994,3247.23,26062692600
2023-02-13,000001,上证综指,A股整体市场参考,3256.988,3284.16,3285.091,3252.633,29721318800
2023-02-14,000001,上证综指,A股整体市场参考,3288.974,3293.283,3293.734,3279.189,27097416800
2023-02-15,000001,上证综指,A股整体市场参考,3294.015,3280.492,3296.2,3274.551,26993912300
2023-02-16,000001,上证综指,A股整体市场参考,3281.735,3249.03,3308.828,3231.342,38086354500
2023-02-17,000001,上证综指,A股整体市场参考,3244.733,3224.024,3262.473,3223.258,27845123700
2023-02-20,000001,上证综指,A股整体市场参考,3230.473,3290.338,3291.039,3225.843,32500773300
2023-02-21,000001,上证综指,A股整体市场参考,3291.631,3306.524,3308.791,3282.436,32440944900
2023-02-22,000001,上证综指,A股整体市场参考,3292.049,3291.148,3307.034,3286.721,25540398500
2023-02-23,000001,上证综指,A股整体市场参考,3293.522,3287.477,3307.439,3275.362,26232430400
2023-02-24,000001,上证综指,A股整体市场参考,3287.255,3267.16,3288.392,3253.975,23420630600
2023-02-27,000001,上证综指,A股整体市场参考,3257.0,3258.034,3276.579,3251.721,24285534400
2023-02-28,000001,上证综指,A股整体市场参考,3265.742,3279.605,3280.415,3246.145,25162503200
2023-03-01,000001,上证综指,A股整体市场参考,3279.136,3312.348,3315.16,3272.035,31839870400
2023-03-02,000001,上证综指,A股整体市场参考,3308.011,3310.654,3320.744,3306.455,32852001600
2023-03-03,000001,上证综指,A股整体市场参考,3314.773,3328.393,3330.605,3302.623,34399691900
2023-03-06,000001,上证综指,A股整体市场参考,3332.024,3322.026,3333.062,3308.726,34053044600
2023-03-07,000001,上证综指,A股整体市场参考,3320.211,3285.099,3342.859,3284.41,38995795600
2023-03-08,000001,上证综指,A股整体市场参考,3271.88,3283.248,3283.248,3263.693,26044354700
2023-03-09,000001,上证综指,A股整体市场参考,3285.943,3276.094,3289.06,3260.0,26402185900
2023-03-10,000001,上证综指,A股整体市场参考,3255.512,3230.077,3262.147,3229.496,28113541000
2023-03-13,000001,上证综指,A股整体市场参考,3228.124,3268.696,3268.696,3228.124,29492808700
2023-03-14,000001,上证综指,A股整体市场参考,3261.922,3245.312,3262.003,3216.993,31990603300
2023-03-15,000001,上证综指,A股整体市场参考,3261.028,3263.315,3273.123,3256.857,30516879800
2023-03-16,000001,上证综指,A股整体市场参考,3244.47,3226.891,3257.433,3224.722,32738963200
2023-03-17,000001,上证综指,A股整体市场参考,3245.26,3250.546,3279.923,3240.157,34300102200
2023-03-20,000001,上证综指,A股整体市场参考,3253.93,3234.91,3267.993,3231.646,39251739100
2023-03-21,000001,上证综指,A股整体市场参考,3240.839,3255.651,3256.0,3237.893,30181077900
2023-03-22,000001,上证综指,A股整体市场参考,3263.413,3265.748,3279.394,3255.739,29084046200
2023-03-23,000001,上证综指,A股整体市场参考,3258.779,3286.649,3286.649,3252.992,30611839300
2023-03-24,000001,上证综指,A股整体市场参考,3282.739,3265.654,3282.739,3260.844,32451333700
2023-03-27,000001,上证综指,A股整体市场参考,3261.824,3251.397,3261.824,3229.704,33786120600
2023-03-28,000001,上证综指,A股整体市场参考,3256.602,3245.376,3264.098,3241.737,29568266000
2023-03-29,000001,上证综指,A股整体市场参考,3253.621,3240.057,3254.556,3229.585,29690050800
2023-03-30,000001,上证综指,A股整体市场参考,3243.068,3261.249,3263.738,3220.985,29989829500
2023-03-31,000001,上证综指,A股整体市场参考,3263.406,3272.86,3278.423,3260.04,28361374600
2023-04-03,000001,上证综指,A股整体市场参考,3277.34,3296.396,3299.732,3276.416,35767677500
2023-04-04,000001,上证综指,A股整体市场参考,3297.183,3312.558,3312.562,3290.993,38587161700
2023-04-06,000001,上证综指,A股整体市场参考,3302.751,3312.628,3314.526,3296.055,32715542400
2023-04-07,000001,上证综指,A股整体市场参考,3312.481,3327.646,3328.846,3308.061,28303224700
2023-04-10,000001,上证综指,A股整体市场参考,3331.505,3315.358,3332.715,3309.917,34081984500
2023-04-11,000001,上证综指,A股整体市场参考,3317.077,3313.571,3317.448,3298.25,32056605500
2023-04-12,000001,上证综指,A股整体市场参考,3316.862,3327.182,3330.708,3315.399,34302531500
2023-04-13,000001,上证综指,A股整体市场参考,3321.273,3318.364,3334.47,3309.252,34786210600
2023-04-14,000001,上证综指,A股整体市场参考,3326.37,3338.153,3340.076,3316.81,33829927500
2023-04-17,000001,上证综指,A股整体市场参考,3337.061,3385.61,3385.61,3336.388,40280992600
2023-04-18,000001,上证综指,A股整体市场参考,3379.227,3393.331,3396.175,3375.78,34839948600
2023-04-19,000001,上证综指,A股整体市场参考,3391.355,3370.128,3394.959,3364.642,34612344300
2023-04-20,000001,上证综指,A股整体市场参考,3367.053,3367.031,3371.368,3344.016,35035496500
2023-04-21,000001,上证综指,A股整体市场参考,3363.999,3301.258,3367.609,3301.258,38739509800
2023-04-24,000001,上证综指,A股整体市场参考,3300.813,3275.413,3303.091,3264.935,35425562600
2023-04-25,000001,上证综指,A股整体市场参考,3276.403,3264.872,3288.569,3229.446,38089572900
2023-04-26,000001,上证综指,A股整体市场参考,3255.217,3264.101,3277.98,3239.989,35791784200
2023-04-27,000001,上证综指,A股整体市场参考,3256.228,3285.884,3299.301,3253.112,34159053400
2023-04-28,000001,上证综指,A股整体市场参考,3283.122,3323.275,3324.881,3283.122,40155478500
2023-05-04,000001,上证综指,A股整体市场参考,3306.483,3350.459,3352.746,3302.028,48336491600
2023-05-05,000001,上证综指,A股整体市场参考,3350.654,3334.503,3364.142,3321.187,43650449400
2023-05-08,000001,上证综指,A股整体市场参考,3340.99,3395.004,3400.177,3340.99,53410365900
2023-05-09,000001,上证综指,A股整体市场参考,3402.394,3357.671,3418.953,3356.118,57301330900
2023-05-10,000001,上证综指,A股整体市场参考,3347.702,3319.151,3349.721,3305.251,45173973100
2023-05-11,000001,上证综指,A股整体市场参考,3323.658,3309.551,3333.25,3307.289,35425827100
2023-05-12,000001,上证综指,A股整体市场参考,3304.458,3272.362,3319.131,3271.431,34731498300
2023-05-15,000001,上证综指,A股整体市场参考,3269.878,3310.737,3310.737,3235.868,38804588700
2023-05-16,000001,上证综指,A股整体市场参考,3310.161,3290.987,3317.901,3282.492,32247941000
2023-05-17,000001,上证综指,A股整体市场参考,3281.966,3284.232,3298.519,3269.894,28574405000
2023-05-18,000001,上证综指,A股整体市场参考,3288.411,3297.32,3313.862,3284.168,30996747200
2023-05-19,000001,上证综指,A股整体市场参考,3288.891,3283.542,3302.342,3268.224,28540406400
2023-05-22,000001,上证综指,A股整体市场参考,3278.596,3296.47,3308.533,3276.54,27388999800
2023-05-23,000001,上证综指,A股整体市场参考,3294.788,3246.238,3298.226,3246.238,27527908300
2023-05-24,000001,上证综指,A股整体市场参考,3237.705,3204.749,3237.705,3204.381,28872025700
2023-05-25,000001,上证综指,A股整体市场参考,3197.364,3201.261,3207.021,3168.572,28358892500
2023-05-26,000001,上证综指,A股整体市场参考,3198.883,3212.504,3220.774,3179.822,26170047900
2023-05-29,000001,上证综指,A股整体市场参考,3219.755,3221.448,3230.971,3208.955,29738948700
2023-05-30,000001,上证综指,A股整体市场参考,3214.673,3224.213,3230.632,3186.626,30353246000
2023-05-31,000001,上证综指,A股整体市场参考,3214.655,3204.564,3216.36,3190.274,29457333800
2023-06-01,000001,上证综指,A股整体市场参考,3196.155,3204.635,3225.093,3189.517,31233075900
2023-06-02,000001,上证综指,A股整体市场参考,3212.449,3230.069,3233.992,3211.737,29466709800
2023-06-05,000001,上证综指,A股整体市场参考,3231.811,3232.441,3244.18,3221.625,27806020300
2023-06-06,000001,上证综指,A股整体市场参考,3228.407,3195.34,3247.349,3189.269,30828587200
2023-06-07,000001,上证综指,A股整体市场参考,3197.468,3197.759,3210.33,3188.005,25806340000
2023-06-08,000001,上证综指,A股整体市场参考,3194.835,3213.586,3225.526,3180.535,29353074100
2023-06-09,000001,上证综指,A股整体市场参考,3213.033,3231.406,3231.406,3206.103,31415550100
2023-06-12,000001,上证综指,A股整体市场参考,3225.305,3228.834,3239.437,3210.714,31378444400
2023-06-13,000001,上证综指,A股整体市场参考,3223.896,3233.673,3235.085,3215.499,28062845400
2023-06-14,000001,上证综指,A股整体市场参考,3238.119,3228.989,3248.461,3226.774,30353726000
2023-06-15,000001,上证综指,A股整体市场参考,3230.451,3252.975,3252.975,3229.145,31325575200
2023-06-16,000001,上证综指,A股整体市场参考,3256.299,3273.334,3276.552,3255.499,32628184600
2023-06-19,000001,上证综指,A股整体市场参考,3271.164,3255.806,3271.164,3251.779,32775304700
2023-06-20,000001,上证综指,A股整体市场参考,3252.544,3240.365,3252.844,3237.786,29826059600
2023-06-21,000001,上证综指,A股整体市场参考,3230.114,3197.901,3236.363,3197.901,29437737200
2023-06-26,000001,上证综指,A股整体市场参考,3177.229,3150.619,3181.076,3144.248,30812981100
2023-06-27,000001,上证综指,A股整体市场参考,3153.313,3189.443,3194.409,3148.266,28760432700
2023-06-28,000001,上证综指,A股整体市场参考,3183.487,3189.376,3192.659,3157.123,27623194800
2023-06-29,000001,上证综指,A股整体市场参考,3185.424,3182.381,3196.503,3179.525,25034007400
2023-06-30,000001,上证综指,A股整体市场参考,3178.924,3202.062,3212.993,3177.991,26537987300
2023-07-03,000001,上证综指,A股整体市场参考,3209.162,3243.975,3246.861,3209.162,31237139500
2023-07-04,000001,上证综指,A股整体市场参考,3241.231,3245.349,3246.958,3233.99,27924872100
2023-07-05,000001,上证综指,A股整体市场参考,3240.049,3222.947,3241.835,3218.602,26401642600
2023-07-06,000001,上证综指,A股整体市场参考,3215.863,3205.575,3229.48,3199.716,24611903200
2023-07-07,000001,上证综指,A股整体市场参考,3197.472,3196.609,3212.047,3189.211,25568846900
2023-07-10,000001,上证综指,A股整体市场参考,3208.735,3203.696,3216.535,3192.658,23656036700
2023-07-11,000001,上证综指,A股整体市场参考,3211.122,3221.367,3221.68,3200.385,22760046700
2023-07-12,000001,上证综指,A股整体市场参考,3220.376,3196.134,3224.331,3193.437,27142338600
2023-07-13,000001,上证综指,A股整体市场参考,3202.699,3236.48,3238.468,3202.699,27662050800
2023-07-14,000001,上证综指,A股整体市场参考,3240.97,3237.701,3248.385,3233.999,27332749400
2023-07-17,000001,上证综指,A股整体市场参考,3219.016,3209.63,3219.016,3195.886,25020837600
2023-07-18,000001,上证综指,A股整体市场参考,3206.786,3197.82,3210.248,3190.005,23503025900
2023-07-19,000001,上证综指,A股整体市场参考,3195.009,3198.836,3204.361,3181.561,21735586000
2023-07-20,000001,上证综指,A股整体市场参考,3201.911,3169.522,3209.055,3165.674,23893289100
2023-07-21,000001,上证综指,A股整体市场参考,3163.421,3167.745,3185.636,3157.334,22533136300
2023-07-24,000001,上证综指,A股整体市场参考,3157.469,3164.161,3178.734,3151.125,21659521100
2023-07-25,000001,上证综指,A股整体市场参考,3201.458,3231.521,3231.749,3201.458,34861771400
2023-07-26,000001,上证综指,A股整体市场参考,3228.087,3223.028,3229.892,3212.88,31720605100
2023-07-27,000001,上证综指,A股整体市场参考,3225.476,3216.671,3245.603,3210.47,32711886700
2023-07-28,000001,上证综指,A股整体市场参考,3206.741,3275.926,3280.278,3200.994,41106843400
2023-07-31,000001,上证综指,A股整体市场参考,3287.209,3291.04,3322.129,3281.013,45903099400
2023-08-01,000001,上证综指,A股整体市场参考,3288.76,3290.949,3305.34,3279.566,45989083300
2023-08-02,000001,上证综指,A股整体市场参考,3281.858,3261.69,3290.82,3252.304,40534149900
2023-08-03,000001,上证综指,A股整体市场参考,3254.565,3280.463,3280.864,3247.272,38469131700
2023-08-04,000001,上证综指,A股整体市场参考,3296.094,3288.084,3315.049,3281.734,47092769700
2023-08-07,000001,上证综指,A股整体市场参考,3276.776,3268.831,3276.776,3258.537,36034148400
2023-08-08,000001,上证综指,A股整体市场参考,3260.722,3260.62,3274.519,3246.675,31652073300
2023-08-09,000001,上证综指,A股整体市场参考,3251.152,3244.487,3257.082,3240.289,27121853800
2023-08-10,000001,上证综指,A股整体市场参考,3242.206,3254.56,3257.03,3234.116,28741214200
2023-08-11,000001,上证综指,A股整体市场参考,3254.475,3189.248,3254.475,3189.248,33013775000
2023-08-14,000001,上证综指,A股整体市场参考,3159.714,3178.427,3180.507,3141.655,29984032700
2023-08-15,000001,上证综指,A股整体市场参考,3180.558,3176.176,3186.234,3147.346,27325192200
2023-08-16,000001,上证综指,A股整体市场参考,3164.702,3150.128,3176.626,3149.723,28172829200
2023-08-17,000001,上证综指,A股整体市场参考,3137.351,3163.739,3167.446,3123.25,29469258600
2023-08-18,000001,上证综指,A股整体市场参考,3165.1,3131.953,3179.116,3131.953,29439035200
2023-08-21,000001,上证综指,A股整体市场参考,3125.99,3092.978,3134.957,3092.978,26575342300
2023-08-22,000001,上证综指,A股整体市场参考,3103.781,3120.334,3126.784,3074.531,30931633500
2023-08-23,000001,上证综指,A股整体市场参考,3116.266,3078.402,3116.377,3077.606,27224412400
2023-08-24,000001,上证综指,A股整体市场参考,3085.911,3082.244,3106.182,3072.951,30002463700
2023-08-25,000001,上证综指,A股整体市场参考,3068.615,3064.075,3085.047,3053.037,29334768600
2023-08-28,000001,上证综指,A股整体市场参考,3219.043,3098.636,3219.043,3089.119,48560776400
2023-08-29,000001,上证综指,A股整体市场参考,3091.938,3135.887,3145.761,3090.438,39887578000
2023-08-30,000001,上证综指,A股整体市场参考,3144.407,3137.138,3153.689,3126.902,34751186700
2023-08-31,000001,上证综指,A股整体市场参考,3134.553,3119.876,3139.98,3113.946,31344824200
2023-09-01,000001,上证综指,A股整体市场参考,3126.023,3133.247,3143.846,3123.19,29231099200
2023-09-04,000001,上证综指,A股整体市场参考,3145.944,3177.06,3177.06,3143.379,36639114000
2023-09-05,000001,上证综指,A股整体市场参考,3169.738,3154.369,3169.738,3150.075,29406184900
2023-09-06,000001,上证综指,A股整体市场参考,3147.136,3158.077,3162.155,3136.9,26700223000
2023-09-07,000001,上证综指,A股整体市场参考,3152.203,3122.352,3152.266,3120.823,26926473300
2023-09-08,000001,上证综指,A股整体市场参考,3114.23,3116.719,3126.041,3104.674,22812506400
2023-09-11,000001,上证综指,A股整体市场参考,3119.61,3142.779,3155.103,3113.816,29044291700
2023-09-12,000001,上证综指,A股整体市场参考,3140.341,3137.059,3147.514,3134.318,23467205100
2023-09-13,000001,上证综指,A股整体市场参考,3137.772,3123.067,3143.758,3106.969,24970103800
2023-09-14,000001,上证综指,A股整体市场参考,3124.848,3126.551,3135.025,3111.859,26399013800
2023-09-15,000001,上证综指,A股整体市场参考,3133.588,3117.743,3141.964,3107.448,29202636500
2023-09-18,000001,上证综指,A股整体市场参考,3110.44,3125.932,3128.701,3098.496,25944425700
2023-09-19,000001,上证综指,A股整体市场参考,3123.986,3124.957,3131.13,3113.525,25365276100
2023-09-20,000001,上证综指,A股整体市场参考,3118.667,3108.568,3122.128,3108.158,22812446200
2023-09-21,000001,上证综指,A股整体市场参考,3103.175,3084.701,3113.494,3084.701,22865910000
2023-09-22,000001,上证综指,A股整体市场参考,3084.757,3132.432,3132.558,3078.801,28597835100
2023-09-25,000001,上证综指,A股整体市场参考,3131.208,3115.607,3131.208,3112.151,25807188500
2023-09-26,000001,上证综指,A股整体市场参考,3114.021,3102.273,3120.289,3102.273,22264431300
2023-09-27,000001,上证综指,A股整体市场参考,3104.04,3107.316,3125.447,3103.844,24049583000
2023-09-28,000001,上证综指,A股整体市场参考,3117.755,3110.475,3121.835,3105.94,23632998100
2023-10-09,000001,上证综指,A股整体市场参考,3100.0,3096.922,3103.36,3072.642,26442220500
2023-10-10,000001,上证综指,A股整体市场参考,3104.365,3075.236,3109.982,3073.186,25532737900
2023-10-11,000001,上证综指,A股整体市场参考,3085.699,3078.956,3095.659,3071.936,25991869200
2023-10-12,000001,上证综指,A股整体市场参考,3101.705,3107.901,3109.99,3092.177,27482799800
2023-10-13,000001,上证综指,A股整体市场参考,3091.997,3088.099,3094.915,3080.548,25508523500
2023-10-16,000001,上证综指,A股整体市场参考,3091.065,3073.813,3091.126,3063.686,26388236300
2023-10-17,000001,上证综指,A股整体市场参考,3076.428,3083.496,3084.073,3064.89,25901958800
2023-10-18,000001,上证综指,A股整体市场参考,3076.58,3058.71,3076.58,3057.059,26864715500
2023-10-19,000001,上证综指,A股整体市场参考,3043.196,3005.393,3043.196,3004.775,30403891000
2023-10-20,000001,上证综指,A股整体市场参考,2995.358,2983.059,3006.275,2977.173,26711359400
2023-10-23,000001,上证综指,A股整体市场参考,2969.786,2939.291,2973.661,2923.511,27890412800
2023-10-24,000001,上证综指,A股整体市场参考,2944.311,2962.244,2964.761,2929.088,31098538900
2023-10-25,000001,上证综指,A股整体市场参考,2986.407,2974.114,2993.295,2972.418,33239200400
2023-10-26,000001,上证综指,A股整体市场参考,2960.104,2988.299,2990.328,2956.006,29181451100
2023-10-27,000001,上证综指,A股整体市场参考,2978.403,3017.784,3029.21,2974.88,32180371700
2023-10-30,000001,上证综指,A股整体市场参考,3009.61,3021.553,3028.264,3002.348,36060423800
2023-10-31,000001,上证综指,A股整体市场参考,3019.646,3018.771,3023.001,3006.609,31985996700
2023-11-01,000001,上证综指,A股整体市场参考,3038.182,3023.077,3038.33,3013.933,28011044500
2023-11-02,000001,上证综指,A股整体市场参考,3028.665,3009.406,3038.642,3009.121,26879458100
2023-11-03,000001,上证综指,A股整体市场参考,3012.465,3030.798,3040.981,3012.465,26848634700
2023-11-06,000001,上证综指,A股整体市场参考,3047.13,3058.411,3058.989,3037.694,37294963000
2023-11-07,000001,上证综指,A股整体市场参考,3052.92,3057.27,3064.577,3042.469,32685345500
2023-11-08,000001,上证综指,A股整体市场参考,3051.153,3052.373,3062.991,3037.289,33567783400
2023-11-09,000001,上证综指,A股整体市场参考,3047.653,3053.279,3063.467,3045.834,31562176400
2023-11-10,000001,上证综指,A股整体市场参考,3043.559,3038.97,3044.001,3027.088,28554649700
2023-11-13,000001,上证综指,A股整体市场参考,3044.032,3046.533,3048.621,3028.168,29043058800
2023-11-14,000001,上证综指,A股整体市场参考,3046.817,3056.07,3059.529,3044.426,29484473300
2023-11-15,000001,上证综指,A股整体市场参考,3077.029,3072.835,3080.128,3064.346,30425010700
2023-11-16,000001,上证综指,A股整体市场参考,3066.855,3050.926,3071.452,3050.926,27107946000
2023-11-17,000001,上证综指,A股整体市场参考,3043.617,3054.366,3055.856,3033.747,26760639300
2023-11-20,000001,上证综指,A股整体市场参考,3056.927,3068.319,3072.513,3043.515,28755699800
2023-11-21,000001,上证综指,A股整体市场参考,3074.828,3067.933,3089.774,3063.345,33073310200
2023-11-22,000001,上证综指,A股整体市场参考,3060.498,3043.611,3067.963,3043.611,28905649000
2023-11-23,000001,上证综指,A股整体市场参考,3041.678,3061.856,3062.867,3034.297,27659205900
2023-11-24,000001,上证综指,A股整体市场参考,3060.331,3040.972,3060.331,3037.201,28778841300
2023-11-27,000001,上证综指,A股整体市场参考,3038.186,3031.7,3038.358,3015.008,31051786800
2023-11-28,000001,上证综指,A股整体市场参考,3028.598,3038.555,3039.695,3020.231,26892074600
2023-11-29,000001,上证综指,A股整体市场参考,3038.464,3021.687,3038.977,3017.661,27795644800
2023-11-30,000001,上证综指,A股整体市场参考,3021.103,3029.673,3030.909,3013.768,28294535700
2023-12-01,000001,上证综指,A股整体市场参考,3027.353,3031.636,3035.76,3010.233,28608970000
2023-12-04,000001,上证综指,A股整体市场参考,3033.298,3022.914,3038.979,3022.348,28816205300
2023-12-05,000001,上证综指,A股整体市场参考,3017.01,2972.296,3017.01,2972.296,29394327800
2023-12-06,000001,上证综指,A股整体市场参考,2966.948,2968.933,2985.314,2959.603,29410418700
2023-12-07,000001,上证综指,A股整体市场参考,2965.652,2966.206,2976.015,2949.144,29624368700
2023-12-08,000001,上证综指,A股整体市场参考,2965.39,2969.559,2980.834,2962.327,36913870500
2023-12-11,000001,上证综指,A股整体市场参考,2956.291,2991.439,2995.67,2930.422,36021634400
2023-12-12,000001,上证综指,A股整体市场参考,2986.328,3003.438,3003.746,2980.446,28763876200
2023-12-13,000001,上证综指,A股整体市场参考,2997.336,2968.761,2997.336,2968.761,28275409800
2023-12-14,000001,上证综指,A股整体市场参考,2979.699,2958.986,2986.177,2958.066,27145765000
2023-12-15,000001,上证综指,A股整体市场参考,2966.302,2942.557,2976.309,2940.027,28932764200
2023-12-18,000001,上证综指,A股整体市场参考,2936.575,2930.804,2951.148,2924.325,29308699900
2023-12-19,000001,上证综指,A股整体市场参考,2928.763,2932.391,2940.501,2914.125,26592698000
2023-12-20,000001,上证综指,A股整体市场参考,2932.119,2902.11,2937.101,2902.04,26556245400
2023-12-21,000001,上证综指,A股整体市场参考,2892.02,2918.715,2924.256,2882.02,28254182700
2023-12-22,000001,上证综指,A股整体市场参考,2919.288,2914.775,2935.7,2906.509,29662836700
2023-12-25,000001,上证综指,A股整体市场参考,2909.875,2918.813,2920.632,2903.987,22981417800
2023-12-26,000001,上证综指,A股整体市场参考,2917.971,2898.879,2917.971,2892.837,22814085500
2023-12-27,000001,上证综指,A股整体市场参考,2900.149,2914.614,2917.956,2890.165,24790088200
2023-12-28,000001,上证综指,A股整体市场参考,2913.11,2954.704,2961.648,2909.389,33921311600
2023-12-29,000001,上证综指,A股整体市场参考,2950.837,2974.935,2975.032,2950.017,29067268700
2024-01-02,000001,上证综指,A股整体市场参考,2972.775,2962.276,2976.268,2962.276,30414179300
2024-01-03,000001,上证综指,A股整体市场参考,2957.112,2967.247,2971.283,2953.29,28545594500
2024-01-04,000001,上证综指,A股整体市场参考,2965.509,2954.349,2966.683,2936.635,26498092400
2024-01-05,000001,上证综指,A股整体市场参考,2949.822,2929.183,2967.968,2916.721,30104023900
2024-01-08,000001,上证综指,A股整体市场参考,2923.457,2887.538,2924.456,2887.538,27027505500
2024-01-09,000001,上证综指,A股整体市场参考,2887.11,2893.251,2900.727,2878.412,26295597500
2024-01-10,000001,上证综指,A股整体市场参考,2886.981,2877.702,2903.162,2870.416,24404652600
2024-01-11,000001,上证综指,A股整体市场参考,2873.798,2886.65,2896.179,2867.722,26705076400
2024-01-12,000001,上证综指,A股整体市场参考,2880.04,2881.977,2904.174,2878.875,26160293100
2024-01-15,000001,上证综指,A股整体市场参考,2872.556,2886.291,2904.464,2869.224,24461123600
2024-01-16,000001,上证综指,A股整体市场参考,2881.56,2893.989,2896.683,2861.13,28628671400
2024-01-17,000001,上证综指,A股整体市场参考,2887.292,2833.615,2887.489,2833.615,26125130800
2024-01-18,000001,上证综指,A股整体市场参考,2822.667,2845.784,2849.256,2760.978,39039685500
2024-01-19,000001,上证综指,A股整体市场参考,2836.975,2832.279,2849.876,2822.843,26666438800
2024-01-22,000001,上证综指,A股整体市场参考,2826.503,2756.34,2828.32,2735.372,35016575800
2024-01-23,000001,上证综指,A股整体市场参考,2746.892,2770.976,2784.841,2724.157,30874941700
2024-01-24,000001,上证综指,A股整体市场参考,2782.142,2820.772,2823.695,2743.397,36907060000
2024-01-25,000001,上证综指,A股整体市场参考,2823.826,2906.109,2906.794,2821.709,44200904500
2024-01-26,000001,上证综指,A股整体市场参考,2897.915,2910.223,2924.307,2890.482,42110908400
2024-01-29,000001,上证综指,A股整体市场参考,2910.607,2883.356,2923.899,2883.333,41058131100
2024-01-30,000001,上证综指,A股整体市场参考,2866.28,2830.527,2881.347,2829.25,33566122600
2024-01-31,000001,上证综指,A股整体市场参考,2815.504,2788.548,2834.011,2782.587,37710396500
2024-02-01,000001,上证综指,A股整体市场参考,2773.424,2770.74,2805.015,2752.782,35288918500
2024-02-02,000001,上证综指,A股整体市场参考,2773.295,2730.152,2791.676,2666.334,42623019900
2024-02-05,000001,上证综指,A股整体市场参考,2716.081,2702.185,2739.738,2635.09,47899029200
2024-02-06,000001,上证综指,A股整体市场参考,2680.485,2789.486,2802.931,2669.673,50284931300
2024-02-07,000001,上证综指,A股整体市场参考,2791.515,2829.696,2829.696,2770.529,54711743900
2024-02-08,000001,上证综指,A股整体市场参考,2832.486,2865.903,2867.474,2827.902,53110889300
2024-02-19,000001,上证综指,A股整体市场参考,2886.587,2910.544,2910.544,2867.71,45896770400
2024-02-20,000001,上证综指,A股整体市场参考,2902.877,2922.73,2927.308,2887.474,35013873500
2024-02-21,000001,上证综指,A股整体市场参考,2906.024,2950.956,2994.615,2898.05,44424546300
2024-02-22,000001,上证综指,A股整体市场参考,2945.447,2988.358,2988.358,2944.499,35413253600
2024-02-23,000001,上证综指,A股整体市场参考,2992.912,3004.881,3009.136,2979.973,38008327000
2024-02-26,000001,上证综指,A股整体市场参考,3002.118,2977.022,3009.479,2967.057,40902655800
2024-02-27,000001,上证综指,A股整体市场参考,2966.417,3015.481,3015.481,2961.148,37298468700
2024-02-28,000001,上证综指,A股整体市场参考,3016.256,2957.852,3031.488,2957.852,54410909300
2024-02-29,000001,上证综指,A股整体市场参考,2943.624,3015.171,3015.171,2943.624,40969637400
2024-03-01,000001,上证综指,A股整体市场参考,3013.823,3027.02,3032.232,3003.763,37913218400
2024-03-04,000001,上证综指,A股整体市场参考,3026.607,3039.306,3040.345,3007.683,38776000200
2024-03-05,000001,上证综指,A股整体市场参考,3027.103,3047.793,3052.541,3022.178,38350995500
2024-03-06,000001,上证综指,A股整体市场参考,3041.752,3039.931,3060.563,3034.354,34098273900
2024-03-07,000001,上证综指,A股整体市场参考,3040.211,3027.401,3063.692,3023.118,37715439100
2024-03-08,000001,上证综指,A股整体市场参考,3026.165,3046.019,3049.194,3016.903,31920439200
2024-03-11,000001,上证综指,A股整体市场参考,3042.619,3068.455,3068.455,3035.445,36160882100
2024-03-12,000001,上证综指,A股整体市场参考,3068.182,3055.935,3075.131,3044.857,41574391400
2024-03-13,000001,上证综指,A股整体市场参考,3053.341,3043.835,3061.951,3031.899,36504745300
2024-03-14,000001,上证综指,A股整体市场参考,3042.413,3038.234,3059.998,3020.637,36407229000
2024-03-15,000001,上证综指,A股整体市场参考,3031.523,3054.636,3056.447,3023.215,36026846300
2024-03-18,000001,上证综指,A股整体市场参考,3057.209,3084.926,3085.312,3055.922,40665350800
2024-03-19,000001,上证综指,A股整体市场参考,3077.981,3062.756,3090.046,3062.628,38412368000
2024-03-20,000001,上证综指,A股整体市场参考,3058.648,3079.686,3081.755,3056.645,34918772900
2024-03-21,000001,上证综指,A股整体市场参考,3084.412,3077.113,3090.051,3069.272,36687796800
2024-03-22,000001,上证综指,A股整体市场参考,3070.548,3048.034,3073.206,3027.762,39474048600
2024-03-25,000001,上证综指,A股整体市场参考,3040.501,3026.306,3065.261,3026.306,38748538900
2024-03-26,000001,上证综指,A股整体市场参考,3026.922,3031.481,3036.494,3006.26,34592878700
2024-03-27,000001,上证综指,A股整体市场参考,3026.814,2993.139,3030.45,2993.139,34319801000
2024-03-28,000001,上证综指,A股整体市场参考,2988.59,3010.664,3033.367,2984.12,35320002600
2024-03-29,000001,上证综指,A股整体市场参考,3008.376,3041.167,3041.298,3008.167,33482278500
2024-04-01,000001,上证综指,A股整体市场参考,3049.021,3077.379,3078.488,3049.021,37539364000
2024-04-02,000001,上证综指,A股整体市场参考,3076.875,3074.959,3085.537,3063.981,36730426200
2024-04-03,000001,上证综指,A股整体市场参考,3074.893,3069.296,3079.02,3057.397,36321138000
2024-04-08,000001,上证综指,A股整体市场参考,3057.326,3047.053,3077.351,3045.469,40293674000
2024-04-09,000001,上证综指,A股整体市场参考,3044.614,3048.537,3051.585,3033.209,33348996500
2024-04-10,000001,上证综指,A股整体市场参考,3045.961,3027.335,3049.607,3013.59,34899172100
2024-04-11,000001,上证综指,A股整体市场参考,3013.573,3034.246,3050.337,3009.897,34089439200
2024-04-12,000001,上证综指,A股整体市场参考,3035.577,3019.474,3043.56,3014.83,33422977100
2024-04-15,000001,上证综指,A股整体市场参考,3013.672,3057.378,3066.941,2995.542,46123924400
2024-04-16,000001,上证综指,A股整体市场参考,3043.551,3007.068,3052.435,3005.34,44807047300
2024-04-17,000001,上证综指,A股整体市场参考,3008.061,3071.381,3071.381,3002.056,41335836800
2024-04-18,000001,上证综指,A股整体市场参考,3060.031,3074.225,3102.553,3057.761,41632134900
2024-04-19,000001,上证综指,A股整体市场参考,3060.299,3065.261,3080.323,3055.058,37554385500
2024-04-22,000001,上证综指,A股整体市场参考,3059.065,3044.595,3078.423,3042.542,35721639900
2024-04-23,000001,上证综指,A股整体市场参考,3038.612,3021.978,3044.944,3016.517,32559512800
2024-04-24,000001,上证综指,A股整体市场参考,3029.403,3044.822,3045.64,3019.124,30526409300
2024-04-25,000001,上证综指,A股整体市场参考,3037.927,3052.9,3060.264,3034.65,29228014800
2024-04-26,000001,上证综指,A股整体市场参考,3054.979,3088.636,3092.43,3054.979,43938256300
2024-04-29,000001,上证综指,A股整体市场参考,3086.682,3113.043,3119.686,3080.586,50692544500
2024-04-30,000001,上证综指,A股整体市场参考,3110.159,3104.825,3123.288,3104.294,44021321300
2024-05-06,000001,上证综指,A股整体市场参考,3132.512,3140.72,3142.382,3126.769,45065689900
2024-05-07,000001,上证综指,A股整体市场参考,3139.664,3147.738,3151.219,3133.69,37910256400
2024-05-08,000001,上证综指,A股整体市场参考,3141.487,3128.48,3144.986,3126.173,33400032000
2024-05-09,000001,上证综指,A股整体市场参考,3128.164,3154.32,3158.465,3128.164,36088146200
2024-05-10,000001,上证综指,A股整体市场参考,3158.589,3154.547,3163.144,3137.152,38428749500
2024-05-13,000001,上证综指,A股整体市场参考,3139.475,3148.021,3157.366,3126.17,39703056500
2024-05-14,000001,上证综指,A股整体市场参考,3148.849,3145.774,3155.807,3137.609,34352619400
2024-05-15,000001,上证综指,A股整体市场参考,3141.252,3119.902,3142.973,3117.929,32102796200
2024-05-16,000001,上证综指,A股整体市场参考,3127.184,3122.401,3137.878,3116.163,36741736100
2024-05-17,000001,上证综指,A股整体市场参考,3121.713,3154.026,3154.026,3116.784,38391524400
2024-05-20,000001,上证综指,A股整体市场参考,3156.148,3171.145,3174.266,3155.99,42686728000
2024-05-21,000001,上证综指,A股整体市场参考,3164.683,3157.966,3165.224,3148.342,33578357200
2024-05-22,000001,上证综指,A股整体市场参考,3157.189,3158.54,3166.919,3152.457,35409808200
2024-05-23,000001,上证综指,A股整体市场参考,3149.875,3116.387,3150.628,3110.277,35394372700
2024-05-24,000001,上证综指,A股整体市场参考,3110.753,3088.871,3130.425,3087.794,30653227900
2024-05-27,000001,上证综指,A股整体市场参考,3094.14,3124.043,3125.506,3091.989,31939676500
2024-05-28,000001,上证综指,A股整体市场参考,3122.388,3109.572,3130.31,3106.365,31006697400
2024-05-29,000001,上证综指,A股整体市场参考,3108.027,3111.018,3128.137,3100.98,28997034600
2024-05-30,000001,上证综指,A股整体市场参考,3103.708,3091.678,3121.218,3085.384,30238076200
2024-05-31,000001,上证综指,A股整体市场参考,3094.759,3086.813,3107.604,3086.813,27607281600
2024-06-03,000001,上证综指,A股整体市场参考,3085.981,3078.489,3097.204,3061.277,35756336200
2024-06-04,000001,上证综指,A股整体市场参考,3071.32,3091.199,3095.322,3063.588,30928759800
2024-06-05,000001,上证综指,A股整体市场参考,3086.051,3065.403,3092.346,3064.736,29054234400
2024-06-06,000001,上证综指,A股整体市场参考,3069.439,3048.794,3077.673,3040.83,36986710400
2024-06-07,000001,上证综指,A股整体市场参考,3053.915,3051.279,3065.025,3031.044,31634248400
2024-06-11,000001,上证综指,A股整体市场参考,3042.134,3028.045,3043.2,3013.861,31048194200
2024-06-12,000001,上证综指,A股整体市场参考,3025.296,3037.468,3042.042,3021.309,27945210600
2024-06-13,000001,上证综指,A股整体市场参考,3038.086,3028.919,3040.402,3022.822,29786246300
2024-06-14,000001,上证综指,A股整体市场参考,3020.959,3032.633,3037.905,3011.577,34874675300
2024-06-17,000001,上证综指,A股整体市场参考,3017.717,3015.891,3026.624,3012.045,29576344800
2024-06-18,000001,上证综指,A股整体市场参考,3015.071,3030.246,3031.976,3012.523,27362599900
2024-06-19,000001,上证综指,A股整体市场参考,3029.099,3018.049,3030.226,3015.326,26129624800
2024-06-20,000001,上证综指,A股整体市场参考,3015.722,3005.437,3028.514,3001.768,29551590700
2024-06-21,000001,上证综指,A股整体市场参考,2998.241,2998.138,3011.914,2985.929,25500125100
2024-06-24,000001,上证综指,A股整体市场参考,2982.826,2963.099,2990.643,2960.127,29865388400
2024-06-25,000001,上证综指,A股整体市场参考,2962.765,2949.996,2971.653,2935.538,27320993800
2024-06-26,000001,上证综指,A股整体市场参考,2943.447,2972.525,2976.669,2933.33,28238840900
2024-06-27,000001,上证综指,A股整体市场参考,2962.696,2945.852,2963.064,2944.898,27054851900
2024-06-28,000001,上证综指,A股整体市场参考,2940.303,2967.403,2985.468,2939.984,31520143200
2024-07-01,000001,上证综指,A股整体市场参考,2965.245,2994.73,2996.409,2961.856,29778223500
2024-07-02,000001,上证综指,A股整体市场参考,2992.856,2997.011,3004.987,2989.47,28136468300
2024-07-03,000001,上证综指,A股整体市场参考,2995.664,2982.376,2998.537,2978.069,24628464200
2024-07-04,000001,上证综指,A股整体市场参考,2984.83,2957.567,2995.57,2955.29,27426878900
2024-07-05,000001,上证综指,A股整体市场参考,2954.372,2949.933,2957.107,2920.205,27232455600
2024-07-08,000001,上证综指,A股整体市场参考,2939.837,2922.45,2947.61,2917.232,27753342400
2024-07-09,000001,上证综指,A股整体市场参考,2919.573,2959.372,2963.782,2904.039,31506203100
2024-07-10,000001,上证综指,A股整体市场参考,2949.026,2939.364,2958.859,2935.33,30154945600
2024-07-11,000001,上证综指,A股整体市场参考,2957.25,2970.387,2971.361,2947.403,32837242400
2024-07-12,000001,上证综指,A股整体市场参考,2965.612,2971.295,2977.142,2963.303,30371301400
2024-07-15,000001,上证综指,A股整体市场参考,2963.847,2974.011,2977.313,2959.129,26899259700
2024-07-16,000001,上证综指,A股整体市场参考,2963.9,2976.304,2977.361,2959.666,26078363000
2024-07-17,000001,上证综指,A股整体市场参考,2970.808,2962.855,2972.795,2957.948,28230799100
2024-07-18,000001,上证综指,A股整体市场参考,2951.143,2977.133,2978.092,2937.905,27802266500
2024-07-19,000001,上证综指,A股整体市场参考,2963.514,2982.309,2986.243,2955.12,28093241300
2024-07-22,000001,上证综指,A股整体市场参考,2978.193,2964.216,2978.601,2946.561,27874955900
2024-07-23,000001,上证综指,A股整体市场参考,2960.5,2915.369,2960.5,2915.368,29629599400
2024-07-24,000001,上证综指,A股整体市场参考,2909.152,2901.952,2922.03,2894.289,30611885300
2024-07-25,000001,上证综指,A股整体市场参考,2891.892,2886.742,2897.767,2872.85,27463950000
2024-07-26,000001,上证综指,A股整体市场参考,2885.995,2890.897,2899.116,2875.396,27838753600
2024-07-29,000001,上证综指,A股整体市场参考,2889.473,2891.845,2898.951,2878.583,25689972700
2024-07-30,000001,上证综指,A股整体市场参考,2885.215,2879.3,2885.215,2865.149,26247883700
2024-07-31,000001,上证综指,A股整体市场参考,2877.541,2938.749,2940.593,2876.301,41272341700
2024-08-01,000001,上证综指,A股整体市场参考,2940.12,2932.387,2947.877,2928.826,34662113700
2024-08-02,000001,上证综指,A股整体市场参考,2913.02,2905.338,2931.259,2902.72,31220503900
2024-08-05,000001,上证综指,A股整体市场参考,2889.363,2860.698,2919.025,2860.698,35554057200
2024-08-06,000001,上证综指,A股整体市场参考,2878.651,2867.284,2888.201,2845.335,29730080300
2024-08-07,000001,上证综指,A股整体市场参考,2864.01,2869.834,2886.942,2857.725,26309715000
2024-08-08,000001,上证综指,A股整体市场参考,2864.758,2869.901,2886.399,2850.875,28912863200
2024-08-09,000001,上证综指,A股整体市场参考,2879.873,2862.194,2887.849,2862.194,28425391600
2024-08-12,000001,上证综指,A股整体市场参考,2858.895,2858.205,2869.269,2851.295,24424137100
2024-08-13,000001,上证综指,A股整体市场参考,2860.41,2867.946,2867.946,2845.31,23167460100
2024-08-14,000001,上证综指,A股整体市场参考,2866.243,2850.654,2866.243,2850.401,21788517000
2024-08-15,000001,上证综指,A股整体市场参考,2844.201,2877.358,2889.087,2839.388,27190000000
2024-08-16,000001,上证综指,A股整体市场参考,2877.94,2879.43,2888.675,2873.06,26365344100
2024-08-19,000001,上证综指,A股整体市场参考,2877.954,2893.674,2905.155,2877.771,26168773000
2024-08-20,000001,上证综指,A股整体市场参考,2895.551,2866.661,2896.519,2855.329,26365800200
2024-08-21,000001,上证综指,A股整体市场参考,2858.939,2856.584,2863.891,2848.151,22920002700
2024-08-22,000001,上证综指,A股整体市场参考,2856.2,2848.772,2861.607,2845.502,24539941500
2024-08-23,000001,上证综指,A股整体市场参考,2844.77,2854.368,2860.733,2839.337,22669256500
2024-08-26,000001,上证综指,A股整体市场参考,2855.474,2855.52,2860.655,2844.383,22735152300
2024-08-27,000001,上证综指,A股整体市场参考,2850.877,2848.731,2853.78,2843.158,23069300600
2024-08-28,000001,上证综指,A股整体市场参考,2844.327,2837.429,2852.562,2830.962,22873062300
2024-08-29,000001,上证综指,A股整体市场参考,2829.451,2823.106,2831.431,2815.383,27751053400
2024-08-30,000001,上证综指,A股整体市场参考,2819.65,2842.214,2867.965,2817.014,39751697500
2024-09-02,000001,上证综指,A股整体市场参考,2832.35,2811.035,2839.278,2810.374,34071419300
2024-09-03,000001,上证综指,A股整体市场参考,2809.173,2802.979,2814.903,2794.911,27573613900
2024-09-04,000001,上证综指,A股整体市场参考,2786.505,2784.278,2800.607,2781.935,25745350000
2024-09-05,000001,上证综指,A股整体市场参考,2785.264,2788.314,2796.019,2777.471,24204094800
2024-09-06,000001,上证综指,A股整体市场参考,2791.765,2765.807,2804.093,2765.639,25364537500
2024-09-09,000001,上证综指,A股整体市场参考,2754.724,2736.488,2756.556,2726.967,26146884700
2024-09-10,000001,上证综指,A股整体市场参考,2737.881,2744.192,2750.118,2718.627,26215901500
2024-09-11,000001,上证综指,A股整体市场参考,2732.731,2721.795,2732.731,2710.621,24226490000
2024-09-12,000001,上证综指,A股整体市场参考,2722.138,2717.123,2734.683,2716.555,24008431500
2024-09-13,000001,上证综指,A股整体市场参考,2718.986,2704.09,2728.78,2703.369,25127003800
2024-09-18,000001,上证综指,A股整体市场参考,2705.345,2717.281,2724.114,2689.695,24781713200
2024-09-19,000001,上证综指,A股整体市场参考,2723.205,2736.022,2747.74,2697.776,31520838900
2024-09-20,000001,上证综指,A股整体市场参考,2734.228,2736.814,2741.155,2717.945,28564462700
2024-09-23,000001,上证综指,A股整体市场参考,2735.39,2748.918,2760.48,2731.357,25764215400
2024-09-24,000001,上证综指,A股整体市场参考,2770.754,2863.126,2863.152,2761.372,47761954500
2024-09-25,000001,上证综指,A股整体市场参考,2901.419,2896.306,2952.451,2889.048,56825981600
2024-09-26,000001,上证综指,A股整体市场参考,2893.745,3000.953,3000.953,2889.014,57631926100
2024-09-27,000001,上证综指,A股整体市场参考,3049.103,3087.529,3087.529,3017.445,49228716300
2024-09-30,000001,上证综指,A股整体市场参考,3194.722,3336.497,3358.588,3153.697,110233791700
2024-10-08,000001,上证综指,A股整体市场参考,3674.405,3489.775,3674.405,3372.187,131346019500
2024-10-09,000001,上证综指,A股整体市场参考,3427.22,3258.858,3437.157,3249.159,99275725600
2024-10-10,000001,上证综指,A股整体市场参考,3277.692,3301.926,3379.805,3228.125,83450025700
2024-10-11,000001,上证综指,A股整体市场参考,3287.873,3217.738,3297.752,3187.988,60602743300
2024-10-14,000001,上证综指,A股整体市场参考,3241.428,3284.323,3294.62,3203.901,63146685900
2024-10-15,000001,上证综指,A股整体市场参考,3265.746,3201.292,3285.215,3201.292,56605455800
2024-10-16,000001,上证综指,A股整体市场参考,3169.169,3202.948,3236.848,3167.736,51581399700
2024-10-17,000001,上证综指,A股整体市场参考,3220.733,3169.384,3241.568,3169.384,52861177200
2024-10-18,000001,上证综指,A股整体市场参考,3165.975,3261.563,3313.978,3152.821,69301462300
2024-10-21,000001,上证综指,A股整体市场参考,3276.06,3268.11,3300.664,3239.097,66815029900
2024-10-22,000001,上证综指,A股整体市场参考,3263.822,3285.867,3294.961,3255.138,57491378100
2024-10-23,000001,上证综指,A股整体市场参考,3285.247,3302.803,3331.082,3277.066,65044412800
2024-10-24,000001,上证综指,A股整体市场参考,3287.824,3280.263,3292.945,3266.882,51982707400
2024-10-25,000001,上证综指,A股整体市场参考,3280.762,3299.7,3319.357,3276.13,59565170700
2024-10-28,000001,上证综指,A股整体市场参考,3300.463,3322.198,3322.198,3279.715,67237313100
2024-10-29,000001,上证综指,A股整体市场参考,3328.089,3286.407,3340.458,3284.211,72532615400
2024-10-30,000001,上证综指,A股整体市场参考,3273.642,3266.238,3291.68,3244.806,66901809000
2024-10-31,000001,上证综指,A股整体市场参考,3267.975,3279.824,3295.742,3252.39,78464909400
2024-11-01,000001,上证综指,A股整体市场参考,3275.577,3272.014,3305.318,3258.735,85205532000
2024-11-04,000001,上证综指,A股整体市场参考,3275.679,3310.207,3310.207,3263.842,66507745400
2024-11-05,000001,上证综指,A股整体市场参考,3306.81,3386.987,3386.987,3302.047,82112490200
2024-11-06,000001,上证综指,A股整体市场参考,3395.222,3383.806,3420.999,3367.081,89585593000
2024-11-07,000001,上证综指,A股整体市场参考,3359.985,3470.661,3470.661,3356.258,95955668000
2024-11-08,000001,上证综指,A股整体市场参考,3502.133,3452.297,3509.818,3443.193,96403456200
2024-11-11,000001,上证综指,A股整体市场参考,3432.367,3470.066,3471.122,3416.727,81802543600
2024-11-12,000001,上证综指,A股整体市场参考,3469.891,3421.97,3489.424,3402.042,81792652400
2024-11-13,000001,上证综指,A股整体市场参考,3406.916,3439.278,3442.298,3404.525,67366234800
2024-11-14,000001,上证综指,A股整体市场参考,3429.505,3379.839,3441.775,3376.153,63155669000
2024-11-15,000001,上证综指,A股整体市场参考,3369.809,3330.726,3391.32,3330.726,63028558300
2024-11-18,000001,上证综指,A股整体市场参考,3344.69,3323.849,3386.903,3309.008,74395069200
2024-11-19,000001,上证综指,A股整体市场参考,3324.883,3346.01,3346.758,3284.133,62502415100
2024-11-20,000001,上证综指,A股整体市场参考,3337.678,3367.989,3375.248,3333.002,56615428900
2024-11-21,000001,上证综指,A股整体市场参考,3362.944,3370.404,3378.518,3348.855,53033183000
2024-11-22,000001,上证综指,A股整体市场参考,3368.043,3267.192,3372.003,3267.192,63068779000
2024-11-25,000001,上证综指,A股整体市场参考,3274.884,3263.76,3285.456,3232.918,53889739000
2024-11-26,000001,上证综指,A股整体市场参考,3256.858,3259.757,3285.328,3252.866,47221930400
2024-11-27,000001,上证综指,A股整体市场参考,3250.591,3309.779,3309.881,3227.355,51120230300
2024-11-28,000001,上证综指,A股整体市场参考,3308.28,3295.698,3319.256,3290.364,51195304700
2024-11-29,000001,上证综指,A股整体市场参考,3295.21,3326.456,3357.501,3293.69,58022710200
2024-12-02,000001,上证综指,A股整体市场参考,3328.482,3363.982,3369.303,3323.009,66847776200
2024-12-03,000001,上证综指,A股整体市场参考,3366.285,3378.806,3386.618,3348.374,66303013900
2024-12-04,000001,上证综指,A股整体市场参考,3376.572,3364.65,3388.024,3352.943,62102886200
2024-12-05,000001,上证综指,A股整体市场参考,3353.057,3368.855,3377.055,3353.057,54388574600
2024-12-06,000001,上证综指,A股整体市场参考,3370.941,3404.076,3418.261,3364.206,69818657200
2024-12-09,000001,上证综指,A股整体市场参考,3402.629,3402.534,3426.645,3385.959,69490520500
2024-12-10,000001,上证综指,A股整体市场参考,3490.289,3422.661,3494.867,3417.765,79466803400
2024-12-11,000001,上证综指,A股整体市场参考,3416.087,3432.49,3437.81,3416.087,68154461000
2024-12-12,000001,上证综指,A股整体市场参考,3432.279,3461.5,3464.116,3425.976,70009668900
2024-12-13,000001,上证综指,A股整体市场参考,3442.926,3391.878,3442.926,3390.754,77746414400
2024-12-16,000001,上证综指,A股整体市场参考,3390.083,3386.331,3401.926,3376.536,62557899600
2024-12-17,000001,上证综指,A股整体市场参考,3381.814,3361.485,3396.207,3357.769,56894150500
2024-12-18,000001,上证综指,A股整体市场参考,3371.296,3382.208,3396.46,3371.296,51252497900
2024-12-19,000001,上证综指,A股整体市场参考,3355.904,3370.033,3377.532,3346.469,51390906300
2024-12-20,000001,上证综指,A股整体市场参考,3364.481,3368.069,3390.618,3362.819,49096462100
2024-12-23,000001,上证综指,A股整体市场参考,3367.904,3351.257,3384.992,3348.277,55674724800
2024-12-24,000001,上证综指,A股整体市场参考,3353.535,3393.528,3394.904,3352.947,47199267300
2024-12-25,000001,上证综指,A股整体市场参考,3395.107,3393.35,3406.213,3374.011,47131559200
2024-12-26,000001,上证综指,A股整体市场参考,3389.338,3398.077,3401.095,3380.255,42217727100
2024-12-27,000001,上证综指,A股整体市场参考,3397.294,3400.142,3418.952,3388.322,50048813000
2024-12-30,000001,上证综指,A股整体市场参考,3395.396,3407.326,3412.841,3394.965,45526238300
2024-12-31,000001,上证综指,A股整体市场参考,3406.965,3351.763,3413.455,3351.763,50273106200
2025-01-02,000001,上证综指,A股整体市场参考,3347.939,3262.561,3351.722,3242.087,56137519900
2025-01-03,000001,上证综指,A股整体市场参考,3267.077,3211.43,3273.566,3205.776,51759201400
2025-01-06,000001,上证综指,A股整体市场参考,3209.783,3206.923,3219.488,3185.463,43097840300
2025-01-07,000001,上证综指,A股整体市场参考,3203.307,3229.644,3230.853,3190.461,40966052900
2025-01-08,000001,上证综指,A股整体市场参考,3218.858,3230.168,3246.291,3175.725,47286439000
2025-01-09,000001,上证综指,A股整体市场参考,3220.721,3211.393,3228.973,3205.91,38294355700
2025-01-10,000001,上证综指,A股整体市场参考,3211.707,3168.524,3220.107,3168.524,40366334800
2025-01-13,000001,上证综指,A股整体市场参考,3148.826,3160.755,3172.7,3140.978,37274202300
2025-01-14,000001,上证综指,A股整体市场参考,3165.161,3240.94,3245.22,3159.432,46921270400
2025-01-15,000001,上证综指,A股整体市场参考,3234.715,3227.117,3245.904,3222.236,40472319900
2025-01-16,000001,上证综指,A股整体市场参考,3239.026,3236.032,3265.282,3217.097,43065553900
2025-01-17,000001,上证综指,A股整体市场参考,3226.762,3241.821,3256.507,3219.773,38359926000
2025-01-20,000001,上证综指,A股整体市场参考,3256.149,3244.378,3268.263,3238.121,40333794800
2025-01-21,000001,上证综指,A股整体市场参考,3256.833,3242.623,3258.61,3229.069,38458371800
2025-01-22,000001,上证综指,A股整体市场参考,3235.493,3213.624,3235.501,3203.38,36481751800
2025-01-23,000001,上证综指,A股整体市场参考,3237.599,3230.164,3273.52,3229.572,45824680300
2025-01-24,000001,上证综指,A股整体市场参考,3222.877,3252.626,3260.011,3221.712,39865303300
2025-01-27,000001,上证综指,A股整体市场参考,3256.614,3250.601,3274.392,3250.601,38746764200
2025-02-05,000001,上证综指,A股整体市场参考,3270.16,3229.488,3271.022,3220.279,40638818100
2025-02-06,000001,上证综指,A股整体市场参考,3226.575,3270.659,3271.427,3225.846,46084273000
2025-02-07,000001,上证综指,A股整体市场参考,3269.227,3303.667,3324.428,3262.509,60055845100
2025-02-10,000001,上证综指,A股整体市场参考,3308.04,3322.17,3325.356,3299.243,54658974900
2025-02-11,000001,上证综指,A股整体市场参考,3323.669,3318.057,3324.173,3304.444,51194354100
2025-02-12,000001,上证综指,A股整体市场参考,3312.257,3346.385,3346.385,3310.39,51343782800
2025-02-13,000001,上证综指,A股整体市场参考,3343.235,3332.483,3359.181,3332.483,56863116100
2025-02-14,000001,上证综指,A股整体市场参考,3328.483,3346.724,3349.084,3322.529,53233296500
2025-02-17,000001,上证综指,A股整体市场参考,3355.417,3355.83,3357.121,3333.195,58954656900
2025-02-18,000001,上证综指,A股整体市场参考,3348.983,3324.491,3366.012,3314.301,56267924000
2025-02-19,000001,上证综指,A股整体市场参考,3320.78,3351.539,3352.087,3320.581,50291296500
2025-02-20,000001,上证综指,A股整体市场参考,3347.589,3350.783,3355.557,3338.034,50435711400
2025-02-21,000001,上证综指,A股整体市场参考,3356.695,3379.113,3381.058,3339.026,60819020600
2025-02-24,000001,上证综指,A股整体市场参考,3374.081,3373.028,3384.811,3355.869,59818820300
2025-02-25,000001,上证综指,A股整体市场参考,3345.653,3346.04,3369.558,3337.845,52757856200
2025-02-26,000001,上证综指,A股整体市场参考,3351.209,3380.214,3380.214,3351.209,55399203100
2025-02-27,000001,上证综指,A股整体市场参考,3378.449,3388.062,3388.781,3353.571,57581502000
2025-02-28,000001,上证综指,A股整体市场参考,3374.664,3320.897,3383.191,3318.716,56831950400
2025-03-03,000001,上证综指,A股整体市场参考,3328.396,3316.925,3349.017,3304.593,50241786200
2025-03-04,000001,上证综指,A股整体市场参考,3300.498,3324.21,3327.824,3297.53,42999611100
2025-03-05,000001,上证综指,A股整体市场参考,3324.696,3341.965,3342.714,3314.148,46095269600
2025-03-06,000001,上证综指,A股整体市场参考,3353.57,3381.098,3387.054,3348.684,53999270900
2025-03-07,000001,上证综指,A股整体市场参考,3373.181,3372.546,3390.944,3363.929,51766355100
2025-03-10,000001,上证综指,A股整体市场参考,3373.259,3366.163,3375.798,3347.186,45038083200
2025-03-11,000001,上证综指,A股整体市场参考,3335.439,3379.828,3379.829,3334.831,44846832300
2025-03-12,000001,上证综指,A股整体市场参考,3385.685,3371.924,3392.409,3370.22,50219510000
2025-03-13,000001,上证综指,A股整体市场参考,3371.095,3358.729,3377.118,3341.118,51901347900
2025-03-14,000001,上证综指,A股整体市场参考,3361.686,3419.562,3421.233,3360.606,58266338800
2025-03-17,000001,上证综指,A股整体市场参考,3430.809,3426.129,3436.352,3422.462,51568513800
2025-03-18,000001,上证综指,A股整体市场参考,3434.565,3429.759,3437.065,3423.301,45491606300
2025-03-19,000001,上证综指,A股整体市场参考,3424.173,3426.429,3439.046,3414.593,44031629900
2025-03-20,000001,上证综指,A股整体市场参考,3425.216,3408.948,3427.045,3404.662,45163068200
2025-03-21,000001,上证综指,A股整体市场参考,3401.759,3364.831,3414.709,3355.84,52086263000
2025-03-24,000001,上证综指,A股整体市场参考,3364.834,3370.028,3373.694,3340.238,51331026000
2025-03-25,000001,上证综指,A股整体市场参考,3370.001,3369.976,3379.988,3361.046,45635739300
2025-03-26,000001,上证综指,A股整体市场参考,3365.666,3368.697,3382.342,3365.666,42853377000
2025-03-27,000001,上证综指,A股整体市场参考,3362.712,3373.749,3394.035,3351.174,41477631400
2025-03-28,000001,上证综指,A股整体市场参考,3372.039,3351.307,3375.053,3346.081,41228428900
2025-03-31,000001,上证综指,A股整体市场参考,3343.344,3335.746,3361.742,3317.738,47257197800
2025-04-01,000001,上证综指,A股整体市场参考,3340.712,3348.435,3357.622,3338.779,42258867000
2025-04-02,000001,上证综指,A股整体市场参考,3344.171,3350.127,3361.134,3343.116,35012736400
2025-04-03,000001,上证综指,A股整体市场参考,3319.606,3342.008,3358.426,3319.606,40051782700
2025-04-07,000001,上证综指,A股整体市场参考,3193.102,3096.576,3217.782,3040.693,66219958400
2025-04-08,000001,上证综指,A股整体市场参考,3094.262,3145.549,3145.549,3085.123,66224238700
2025-04-09,000001,上证综指,A股整体市场参考,3110.01,3186.81,3186.81,3070.078,68479717400
2025-04-10,000001,上证综指,A股整体市场参考,3227.836,3223.638,3239.941,3201.571,59120827300
2025-04-11,000001,上证综指,A股整体市场参考,3219.505,3238.227,3249.854,3211.35,47553180400
2025-04-14,000001,上证综指,A股整体市场参考,3251.978,3262.808,3272.72,3244.733,47137322000
2025-04-15,000001,上证综指,A股整体市场参考,3260.685,3267.662,3268.985,3246.337,39666289500
2025-04-16,000001,上证综指,A股整体市场参考,3267.665,3276.004,3276.005,3233.791,42953485400
2025-04-17,000001,上证综指,A股整体市场参考,3261.718,3280.341,3285.915,3258.145,38201269800
2025-04-18,000001,上证综指,A股整体市场参考,3270.353,3276.73,3283.09,3262.392,35883619300
2025-04-21,000001,上证综指,A股整体市场参考,3273.138,3291.434,3298.64,3270.013,37930758800
2025-04-22,000001,上证综指,A股整体市场参考,3289.166,3299.757,3311.153,3288.332,40316761500
2025-04-23,000001,上证综指,A股整体市场参考,3308.151,3296.355,3312.192,3293.063,41163321200
2025-04-24,000001,上证综指,A股整体市场参考,3295.149,3297.288,3313.509,3286.236,39284474900
2025-04-25,000001,上证综指,A股整体市场参考,3300.392,3295.06,3305.262,3288.755,41104319200
2025-04-28,000001,上证综指,A股整体市场参考,3292.056,3288.415,3296.932,3279.877,41066586300
2025-04-29,000001,上证综指,A股整体市场参考,3281.445,3286.655,3294.982,3277.627,38896167200
2025-04-30,000001,上证综指,A股整体市场参考,3284.081,3279.031,3292.2,3277.55,43579433500
2025-05-06,000001,上证综指,A股整体市场参考,3295.25,3316.114,3316.448,3286.989,47436961700
2025-05-07,000001,上证综指,A股整体市场参考,3354.974,3342.665,3356.688,3324.809,51115960600
2025-05-08,000001,上证综指,A股整体市场参考,3331.205,3351.996,3359.731,3327.902,42837776600
2025-05-09,000001,上证综指,A股整体市场参考,3350.405,3341.999,3351.22,3335.127,39890919100
2025-05-12,000001,上证综指,A股整体市场参考,3352.97,3369.245,3372.472,3344.269,41823991000
2025-05-13,000001,上证综指,A股整体市场参考,3386.234,3374.871,3386.234,3370.252,42624070000
2025-05-14,000001,上证综指,A股整体市场参考,3374.235,3403.948,3417.314,3368.078,46493444100
2025-05-15,000001,上证综指,A股整体市场参考,3398.427,3380.821,3402.866,3378.021,42410091600
2025-05-16,000001,上证综指,A股整体市场参考,3374.706,3367.462,3380.29,3356.661,39540103000
2025-05-19,000001,上证综指,A股整体市场参考,3365.882,3367.583,3373.599,3356.648,40307480500
2025-05-20,000001,上证综指,A股整体市场参考,3371.689,3380.478,3387.804,3369.963,40554453400
2025-05-21,000001,上证综指,A股整体市场参考,3380.209,3387.574,3394.754,3380.209,41249616500
2025-05-22,000001,上证综指,A股整体市场参考,3381.865,3380.189,3390.593,3376.233,39421720600
2025-05-23,000001,上证综指,A股整体市场参考,3376.869,3348.372,3389.469,3348.372,40022700400
2025-05-26,000001,上证综指,A股整体市场参考,3346.561,3346.839,3362.307,3336.355,34756210100
2025-05-27,000001,上证综指,A股整体市场参考,3346.503,3340.687,3351.572,3332.49,34407115700
2025-05-28,000001,上证综指,A股整体市场参考,3341.852,3339.932,3348.234,3336.727,34155544300
2025-05-29,000001,上证综指,A股整体市场参考,3340.401,3363.446,3368.633,3337.415,39323380600
2025-05-30,000001,上证综指,A股整体市场参考,3358.809,3347.487,3361.275,3341.648,38560217000
2025-06-03,000001,上证综指,A股整体市场参考,3340.067,3361.976,3366.997,3340.067,39806077200
2025-06-04,000001,上证综指,A股整体市场参考,3363.391,3376.203,3379.64,3363.391,38649464300
2025-06-05,000001,上证综指,A股整体市场参考,3378.217,3384.099,3387.765,3371.146,40625209300
2025-06-06,000001,上证综指,A股整体市场参考,3384.295,3385.358,3391.451,3379.764,38012288600
2025-06-09,000001,上证综指,A股整体市场参考,3388.778,3399.772,3402.05,3383.074,42734794700
2025-06-10,000001,上证综指,A股整体市场参考,3402.013,3384.816,3406.452,3365.667,48161856800
2025-06-11,000001,上证综指,A股整体市场参考,3385.457,3402.316,3413.513,3385.457,42409031300
2025-06-12,000001,上证综指,A股整体市场参考,3397.972,3402.658,3408.205,3388.866,40949061000
2025-06-13,000001,上证综指,A股整体市场参考,3397.484,3376.996,3401.553,3370.592,51006522100
2025-06-16,000001,上证综指,A股整体市场参考,3369.366,3388.729,3389.756,3368.876,40538327800
2025-06-17,000001,上证综指,A股整体市场参考,3388.18,3387.405,3393.313,3376.42,39001244700
2025-06-18,000001,上证综指,A股整体市场参考,3386.136,3388.809,3391.709,3369.986,37868489100
2025-06-19,000001,上证综指,A股整体市场参考,3384.293,3362.108,3386.919,3353.936,41532765500
2025-06-20,000001,上证综指,A股整体市场参考,3358.913,3359.895,3370.798,3357.706,35022366200
2025-06-23,000001,上证综指,A股整体市场参考,3349.46,3381.582,3389.452,3347.651,38456139700
2025-06-24,000001,上证综指,A股整体市场参考,3380.08,3420.566,3423.784,3380.08,46096380000
2025-06-25,000001,上证综指,A股整体市场参考,3419.091,3455.974,3459.009,3417.411,50938406400
2025-06-26,000001,上证综指,A股整体市场参考,3451.719,3448.453,3462.752,3446.186,49654107700
2025-06-27,000001,上证综指,A股整体市场参考,3450.686,3424.227,3462.627,3421.04,52312943200
2025-06-30,000001,上证综指,A股整体市场参考,3423.474,3444.426,3447.46,3420.112,45734804900
2025-07-01,000001,上证综指,A股整体市场参考,3445.846,3457.747,3459.587,3441.038,44435673900
2025-07-02,000001,上证综指,A股整体市场参考,3458.171,3454.792,3461.328,3447.956,49811677600
2025-07-03,000001,上证综指,A股整体市场参考,3456.152,3461.151,3463.62,3446.974,43854346500
2025-07-04,000001,上证综指,A股整体市场参考,3459.592,3472.319,3497.225,3455.494,50019521000
2025-07-07,000001,上证综指,A股整体市场参考,3467.985,3473.127,3474.801,3462.792,43663134000
2025-07-08,000001,上证综指,A股整体市场参考,3474.632,3497.475,3499.886,3474.632,49348477300
2025-07-09,000001,上证综指,A股整体市场参考,3498.724,3493.05,3512.669,3491.201,52392008800
2025-07-10,000001,上证综指,A股整体市场参考,3491.497,3509.682,3526.59,3491.497,56415980500
2025-07-11,000001,上证综指,A股整体市场参考,3511.366,3510.177,3555.218,3506.799,66418524900
2025-07-14,000001,上证综指,A股整体市场参考,3513.252,3519.65,3532.118,3513.252,57208470500
2025-07-15,000001,上证综指,A股整体市场参考,3519.805,3504.999,3527.038,3483.38,57207472600
2025-07-16,000001,上证综指,A股整体市场参考,3502.899,3503.777,3511.806,3489.137,47087857800
2025-07-17,000001,上证综指,A股整体市场参考,3500.372,3516.826,3517.285,3499.186,47221105600
2025-07-18,000001,上证综指,A股整体市场参考,3519.475,3534.483,3536.014,3518.231,49348408800
2025-07-21,000001,上证综指,A股整体市场参考,3542.816,3559.791,3560.629,3542.568,63364973600
2025-07-22,000001,上证综指,A股整体市场参考,3561.632,3581.861,3584.719,3547.252,71615523000
2025-07-23,000001,上证综指,A股整体市场参考,3588.878,3582.298,3613.022,3577.594,76767238800
2025-07-24,000001,上证综指,A股整体市场参考,3578.912,3605.727,3608.728,3577.113,77326583500
2025-07-25,000001,上证综指,A股整体市场参考,3604.451,3593.655,3610.029,3586.22,69718954900
2025-07-28,000001,上证综指,A股整体市场参考,3594.231,3597.937,3606.274,3582.149,59418787700
2025-07-29,000001,上证综指,A股整体市场参考,3595.81,3609.711,3611.353,3585.944,61064205800
2025-07-30,000001,上证综指,A股整体市场参考,3608.354,3615.717,3636.166,3593.734,63722191600
2025-07-31,000001,上证综指,A股整体市场参考,3604.696,3573.208,3606.374,3562.607,65450934900
2025-08-01,000001,上证综指,A股整体市场参考,3568.261,3559.952,3581.746,3550.043,50956308000
2025-08-04,000001,上证综指,A股整体市场参考,3547.163,3583.309,3583.309,3547.163,45857361800
2025-08-05,000001,上证综指,A股整体市场参考,3588.808,3617.598,3617.598,3586.969,49979778000
2025-08-06,000001,上证综指,A股整体市场参考,3615.808,3633.995,3634.314,3613.989,51246727300
2025-08-07,000001,上证综指,A股整体市场参考,3637.781,3639.667,3645.117,3622.522,53550120200
2025-08-08,000001,上证综指,A股整体市场参考,3634.855,3635.128,3645.367,3625.451,52640757200
2025-08-11,000001,上证综指,A股整体市场参考,3637.053,3647.547,3656.852,3629.627,55139334800
2025-08-12,000001,上证综指,A股整体市场参考,3647.963,3665.918,3669.038,3647.963,53662373900
2025-08-13,000001,上证综指,A股整体市场参考,3668.658,3683.465,3688.628,3666.547,61352888400
2025-08-14,000001,上证综指,A股整体市场参考,3685.522,3666.443,3704.772,3662.57,64782958700
2025-08-15,000001,上证综指,A股整体市场参考,3659.815,3696.771,3702.255,3658.376,67852170300
2025-08-18,000001,上证综指,A股整体市场参考,3712.495,3728.027,3745.939,3702.38,77601666900
2025-08-19,000001,上证综指,A股整体市场参考,3728.485,3727.288,3746.669,3718.147,69609975000
2025-08-20,000001,上证综指,A股整体市场参考,3716.685,3766.21,3767.43,3704.991,67983642600
2025-08-21,000001,上证综指,A股整体市场参考,3770.676,3771.099,3787.981,3757.992,69155295900
2025-08-22,000001,上证综指,A股整体市场参考,3772.277,3825.759,3825.759,3772.277,69813627700
2025-08-25,000001,上证综指,A股整体市场参考,3848.163,3883.562,3883.562,3839.972,88547480200
2025-08-26,000001,上证综指,A股整体市场参考,3871.471,3868.382,3888.599,3859.758,73456530500
2025-08-27,000001,上证综指,A股整体市场参考,3869.612,3800.35,3887.198,3800.35,85863349900
2025-08-28,000001,上证综指,A股整体市场参考,3796.711,3843.597,3845.087,3761.422,78835194700
2025-08-29,000001,上证综指,A股整体市场参考,3842.823,3857.927,3867.606,3839.206,73946236600
2025-09-01,000001,上证综指,A股整体市场参考,3869.746,3875.53,3879.045,3853.658,74770953600
2025-09-02,000001,上证综指,A股整体市场参考,3877.086,3858.133,3885.315,3828.678,76261883300
2025-09-03,000001,上证综指,A股整体市场参考,3865.286,3813.557,3868.388,3794.884,64566851000
2025-09-04,000001,上证综指,A股整体市场参考,3807.757,3765.876,3808.396,3732.84,71022793300
2025-09-05,000001,上证综指,A股整体市场参考,3761.88,3812.514,3817.159,3745.309,62622338000
2025-09-08,000001,上证综指,A股整体市场参考,3811.669,3826.841,3833.143,3803.603,66006689800
2025-09-09,000001,上证综指,A股整体市场参考,3816.657,3807.292,3834.671,3791.724,60023938000
2025-09-10,000001,上证综指,A股整体市场参考,3806.584,3812.221,3826.996,3794.057,53453982500
2025-09-11,000001,上证综指,A股整体市场参考,3806.056,3875.309,3875.309,3796.435,61701293000
2025-09-12,000001,上证综指,A股整体市场参考,3875.507,3870.598,3892.738,3866.539,70064178400
2025-09-15,000001,上证综指,A股整体市场参考,3876.097,3860.504,3879.737,3855.973,64479394400
2025-09-16,000001,上证综指,A股整体市场参考,3865.98,3861.865,3876.69,3838.648,67343972300
2025-09-17,000001,上证综指,A股整体市场参考,3854.073,3876.341,3882.669,3848.946,66343471300
2025-09-18,000001,上证综指,A股整体市场参考,3876.059,3831.656,3899.959,3800.995,87602738900
2025-09-19,000001,上证综指,A股整体市场参考,3830.444,3820.089,3843.17,3811.903,68229261300
2025-09-22,000001,上证综指,A股整体市场参考,3822.01,3828.576,3831.74,3806.202,56832568600
2025-09-23,000001,上证综指,A股整体市场参考,3830.138,3821.833,3838.606,3774.528,70190286800
2025-09-24,000001,上证综指,A股整体市场参考,3804.483,3853.642,3854.923,3804.328,60205667000
2025-09-25,000001,上证综指,A股整体市场参考,3852.431,3853.302,3866.106,3840.459,58995053100
2025-09-26,000001,上证综指,A股整体市场参考,3839.855,3828.106,3856.606,3828.106,55127533500
2025-09-29,000001,上证综指,A股整体市场参考,3828.166,3862.532,3881.002,3809.535,60846639900
2025-09-30,000001,上证综指,A股整体市场参考,3869.705,3882.777,3887.57,3866.281,56973463100
2025-10-09,000001,上证综指,A股整体市场参考,3898.307,3933.972,3936.576,3885.744,72521850100
2025-10-10,000001,上证综指,A股整体市场参考,3915.475,3897.028,3933.005,3886.305,71891767300
2025-10-13,000001,上证综指,A股整体市场参考,3800.106,3889.502,3895.83,3800.106,70950610100
2025-10-14,000001,上证综指,A股整体市场参考,3910.783,3865.229,3918.436,3851.121,80083963100
2025-10-15,000001,上证综指,A股整体市场参考,3867.536,3912.21,3912.291,3857.667,64501295500
2025-10-16,000001,上证综指,A股整体市场参考,3900.683,3916.228,3931.05,3899.167,59545149100
2025-10-17,000001,上证综指,A股整体市场参考,3912.04,3839.755,3921.065,3835.365,61756301800
2025-10-20,000001,上证综指,A股整体市场参考,3865.552,3863.893,3877.722,3850.367,54926171200
2025-10-21,000001,上证综指,A股整体市场参考,3870.749,3916.332,3919.318,3868.145,59941571300
2025-10-22,000001,上证综指,A股整体市场参考,3896.074,3913.758,3918.592,3893.325,54311734400
2025-10-23,000001,上证综指,A股整体市场参考,3904.159,3922.41,3926.217,3877.529,56518926400
2025-10-24,000001,上证综指,A股整体市场参考,3929.115,3950.312,3950.312,3928.96,56785844300
2025-10-27,000001,上证综指,A股整体市场参考,3969.22,3996.945,3999.067,3963.102,63758954500
2025-10-28,000001,上证综指,A股整体市场参考,3986.891,3988.224,4010.728,3976.833,57735768400
2025-10-29,000001,上证综指,A股整体市场参考,3990.266,4016.331,4016.331,3986.941,61291746600
2025-10-30,000001,上证综指,A股整体市场参考,4007.821,3986.901,4025.705,3984.828,66848560900
2025-10-31,000001,上证综指,A股整体市场参考,3985.064,3954.79,3986.743,3951.731,67561540600
2025-11-03,000001,上证综指,A股整体市场参考,3954.078,3976.521,3977.305,3937.022,64124594500
2025-11-04,000001,上证综指,A股整体市场参考,3973.458,3960.186,3985.882,3938.52,61549379200
2025-11-05,000001,上证综指,A股整体市场参考,3922.584,3969.248,3979.754,3922.584,61499161800
2025-11-06,000001,上证综指,A股整体市场参考,3973.349,4007.76,4008.799,3973.349,62736754700
2025-11-07,000001,上证综指,A股整体市场参考,3994.317,3997.556,4012.005,3993.691,59650703400
2025-11-10,000001,上证综指,A股整体市场参考,4001.794,4018.597,4018.696,3990.836,63404999300
2025-11-11,000001,上证综指,A股整体市场参考,4023.877,4002.758,4024.939,3991.516,58199492100
2025-11-12,000001,上证综指,A股整体市场参考,3996.565,4000.14,4020.378,3980.676,58619322800
2025-11-13,000001,上证综指,A股整体市场参考,3996.514,4029.501,4030.398,3994.771,61303106100
2025-11-14,000001,上证综指,A股整体市场参考,4007.126,3990.492,4034.079,3990.307,62201711800
2025-11-17,000001,上证综指,A股整体市场参考,3988.556,3972.035,3992.404,3958.948,59201795000
2025-11-18,000001,上证综指,A股整体市场参考,3962.444,3939.813,3966.885,3926.589,59441104600
2025-11-19,000001,上证综指,A股整体市场参考,3937.92,3946.742,3960.052,3930.075,53114960100
2025-11-20,000001,上证综指,A股整体市场参考,3960.699,3931.051,3967.971,3927.512,53474954000
2025-11-21,000001,上证综指,A股整体市场参考,3896.665,3834.891,3912.006,3834.749,63164625100
2025-11-24,000001,上证综指,A股整体市场参考,3848.657,3836.766,3854.331,3816.576,50460171600
2025-11-25,000001,上证综指,A股整体市场参考,3850.571,3870.023,3882.03,3845.138,47872761100
2025-11-26,000001,上证综指,A股整体市场参考,3867.429,3864.184,3879.923,3861.177,45758975500
2025-11-27,000001,上证综指,A股整体市场参考,3867.197,3875.259,3895.589,3864.131,44402194700
2025-11-28,000001,上证综指,A股整体市场参考,3870.944,3888.596,3888.889,3856.25,44993197300
2025-12-01,000001,上证综指,A股整体市场参考,3894.213,3914.006,3914.464,3890.949,53755413300
2025-12-02,000001,上证综指,A股整体市场参考,3908.456,3897.712,3908.769,3888.328,45558449400
2025-12-03,000001,上证综指,A股整体市场参考,3894.156,3878.0,3901.696,3869.953,48561727000
2025-12-04,000001,上证综指,A股整体市场参考,3879.742,3875.793,3888.86,3859.049,44504029000
2025-12-05,000001,上证综指,A股整体市场参考,3873.121,3902.808,3907.782,3863.314,50036876800
2025-12-08,000001,上证综指,A股整体市场参考,3909.226,3924.078,3936.311,3904.738,54734978900
2025-12-09,000001,上证综指,A股整体市场参考,3916.509,3909.522,3923.899,3902.128,52453825600
2025-12-10,000001,上证综指,A股整体市场参考,3901.128,3900.496,3906.116,3876.475,49733150400
2025-12-11,000001,上证综指,A股整体市场参考,3903.895,3873.318,3904.963,3862.821,52565860000
2025-12-12,000001,上证综指,A股整体市场参考,3869.413,3889.346,3891.807,3850.597,57394713000
2025-12-15,000001,上证综指,A股整体市场参考,3865.402,3867.921,3896.977,3863.63,50092279000
2025-12-16,000001,上证综指,A股整体市场参考,3861.515,3824.812,3862.427,3815.844,51249482700
2025-12-17,000001,上证综指,A股整体市场参考,3822.509,3870.278,3881.752,3817.996,51231369200
2025-12-18,000001,上证综指,A股整体市场参考,3857.257,3876.371,3888.285,3856.423,46117262500
2025-12-19,000001,上证综指,A股整体市场参考,3878.227,3890.448,3902.671,3871.777,51351189300
2025-12-22,000001,上证综指,A股整体市场参考,3900.535,3917.364,3920.012,3900.515,52293899200
2025-12-23,000001,上证综指,A股整体市场参考,3919.106,3919.979,3937.127,3910.745,52115695200
2025-12-24,000001,上证综指,A股整体市场参考,3920.347,3940.947,3947.041,3912.311,47489644700
2025-12-25,000001,上证综指,A股整体市场参考,3937.72,3959.621,3964.073,3936.078,46931309300
2025-12-26,000001,上证综指,A股整体市场参考,3957.833,3963.679,3977.706,3945.524,55548959200
2025-12-29,000001,上证综指,A股整体市场参考,3964.651,3965.28,3983.979,3956.946,56368719700
2025-12-30,000001,上证综指,A股整体市场参考,3947.871,3965.116,3979.99,3947.419,52593258800
2025-12-31,000001,上证综指,A股整体市场参考,3968.726,3968.84,3977.536,3955.487,49075149000
2026-01-05,000001,上证综指,A股整体市场参考,3986.972,4023.417,4025.263,3983.576,59695045500
2026-01-06,000001,上证综指,A股整体市场参考,4026.016,4083.667,4083.667,4025.088,70247227000
2026-01-07,000001,上证综指,A股整体市场参考,4083.843,4085.772,4098.777,4069.436,68338435200
2026-01-08,000001,上证综指,A股整体市场参考,4077.715,4082.979,4093.872,4067.122,66613133700
2026-01-09,000001,上证综指,A股整体市场参考,4086.762,4120.426,4121.723,4083.616,72983798500
2026-01-12,000001,上证综指,A股整体市场参考,4134.893,4165.287,4168.357,4119.879,83945608900
2026-01-13,000001,上证综指,A股整体市场参考,4169.704,4138.759,4179.702,4126.234,86838271700
2026-01-14,000001,上证综指,A股整体市场参考,4138.645,4126.093,4190.866,4103.621,95255128900
2026-01-15,000001,上证综指,A股整体市场参考,4106.224,4112.601,4133.073,4096.85,68025079100
2026-01-16,000001,上证综指,A股整体市场参考,4127.063,4101.913,4140.225,4091.811,76358846500
2026-01-19,000001,上证综指,A股整体市场参考,4090.719,4114.0,4126.518,4090.057,68890587000
2026-01-20,000001,上证综指,A股整体市场参考,4116.366,4113.649,4128.93,4080.294,73436249600
2026-01-21,000001,上证综指,A股整体市场参考,4103.529,4116.94,4135.959,4103.529,66698950700
2026-01-22,000001,上证综指,A股整体市场参考,4126.072,4122.576,4140.838,4109.923,70969540900
2026-01-23,000001,上证综指,A股整体市场参考,4130.108,4136.164,4143.75,4120.204,78211545400
2026-01-26,000001,上证综指,A股整体市场参考,4144.778,4132.605,4160.985,4124.7,88743973100
2026-01-27,000001,上证综指,A股整体市场参考,4125.216,4139.904,4158.802,4101.83,75499086900
2026-01-28,000001,上证综指,A股整体市场参考,4150.215,4151.238,4170.147,4138.019,82302674800
2026-01-29,000001,上证综指,A股整体市场参考,4155.919,4157.985,4170.214,4138.299,90590837100
2026-01-30,000001,上证综指,A股整体市场参考,4131.993,4117.948,4152.85,4064.777,80434274600
2026-02-02,000001,上证综指,A股整体市场参考,4079.708,4015.746,4103.407,4013.656,73295369800
2026-02-03,000001,上证综指,A股整体市场参考,4043.906,4067.738,4069.418,4002.782,63768424900
2026-02-04,000001,上证综指,A股整体市场参考,4064.677,4102.202,4104.621,4062.683,67425424400
2026-02-05,000001,上证综指,A股整体市场参考,4075.025,4075.917,4088.904,4048.939,59672223600
2026-02-06,000001,上证综指,A股整体市场参考,4040.299,4065.583,4095.03,4029.973,55670980100
2026-02-09,000001,上证综指,A股整体市场参考,4103.54,4123.09,4123.159,4093.056,57263258200
2026-02-10,000001,上证综指,A股整体市场参考,4127.766,4128.373,4134.338,4117.564,52462096900
2026-02-11,000001,上证综指,A股整体市场参考,4124.428,4131.985,4142.561,4122.428,50068527800
2026-02-12,000001,上证综指,A股整体市场参考,4136.99,4134.018,4140.593,4124.131,52937011600
2026-02-13,000001,上证综指,A股整体市场参考,4115.924,4082.073,4123.844,4079.77,50079947200
2026-02-24,000001,上证综指,A股整体市场参考,4129.134,4117.409,4131.55,4105.937,56632224900
2026-02-25,000001,上证综指,A股整体市场参考,4123.781,4147.231,4167.844,4122.699,72478721400
2026-02-26,000001,上证综指,A股整体市场参考,4151.068,4146.631,4152.193,4127.153,65170282600
2026-02-27,000001,上证综指,A股整体市场参考,4128.897,4162.882,4166.234,4128.36,68204764600
2026-03-02,000001,上证综指,A股整体市场参考,4151.801,4182.591,4188.77,4131.368,86157921800
2026-03-03,000001,上证综指,A股整体市场参考,4189.408,4122.676,4197.228,4116.011,92113917000
2026-03-04,000001,上证综指,A股整体市场参考,4087.632,4082.474,4106.04,4055.413,76516953100
2026-03-05,000001,上证综指,A股整体市场参考,4109.777,4108.567,4125.617,4090.621,68974653500
2026-03-06,000001,上证综指,A股整体市场参考,4085.895,4124.194,4129.465,4085.895,64676576000
2026-03-09,000001,上证综指,A股整体市场参考,4098.699,4096.602,4106.534,4052.545,79780355600
2026-03-10,000001,上证综指,A股整体市场参考,4098.587,4123.138,4123.958,4098.587,67492219400
2026-03-11,000001,上证综指,A股整体市场参考,4123.666,4133.433,4135.839,4112.8,70772716900
2026-03-12,000001,上证综指,A股整体市场参考,4133.2,4129.103,4141.649,4103.164,78615118200
2026-03-13,000001,上证综指,A股整体市场参考,4117.574,4095.449,4134.079,4086.847,79205476400
2026-03-16,000001,上证综指,A股整体市场参考,4092.249,4084.786,4096.133,4048.087,73222709800
2026-03-17,000001,上证综指,A股整体市场参考,4086.295,4049.907,4108.4,4049.58,67877122400
2026-03-18,000001,上证综指,A股整体市场参考,4053.305,4062.984,4065.373,4023.03,62387310200
2026-03-19,000001,上证综指,A股整体市场参考,4028.542,4006.552,4042.022,3994.165,66725542200
2026-03-20,000001,上证综指,A股整体市场参考,4004.573,3957.053,4022.703,3955.711,66679838700
2026-03-23,000001,上证综指,A股整体市场参考,3904.951,3813.283,3906.622,3794.684,80473885000
2026-03-24,000001,上证综指,A股整体市场参考,3849.631,3881.28,3881.424,3807.994,68062203900
2026-03-25,000001,上证综指,A股整体市场参考,3892.269,3931.838,3933.061,3891.816,68834362600
2026-03-26,000001,上证综指,A股整体市场参考,3924.962,3889.084,3937.104,3880.573,61597398100
2026-03-27,000001,上证综指,A股整体市场参考,3852.094,3913.724,3924.108,3852.094,56134296300
2026-03-30,000001,上证综指,A股整体市场参考,3884.277,3923.287,3924.289,3872.776,59558947900
2026-03-31,000001,上证综指,A股整体市场参考,3924.067,3891.861,3948.811,3891.861,60670498300
2026-04-01,000001,上证综指,A股整体市场参考,3939.566,3948.552,3955.943,3929.921,56461159800
2026-04-02,000001,上证综指,A股整体市场参考,3940.799,3919.285,3952.576,3900.116,54421283500
2026-04-03,000001,上证综指,A股整体市场参考,3927.592,3880.097,3929.529,3871.3,49269908200
2026-04-07,000001,上证综指,A股整体市场参考,3884.151,3890.165,3902.607,3875.684,47361507600
2026-04-08,000001,上证综指,A股整体市场参考,3930.251,3994.998,3994.998,3926.249,64413535200
2026-04-09,000001,上证综指,A股整体市场参考,3967.63,3966.171,3979.127,3955.246,54156980100
2026-04-10,000001,上证综指,A股整体市场参考,3985.464,3986.225,4011.024,3979.814,54641554100
2026-04-13,000001,上证综指,A股整体市场参考,3971.199,3988.558,3991.262,3966.198,54578176800
2026-04-14,000001,上证综指,A股整体市场参考,4006.727,4026.626,4026.626,3992.407,57025900300
2026-04-15,000001,上证综指,A股整体市场参考,4039.471,4027.21,4050.621,4020.904,56945858900
2026-04-16,000001,上证综指,A股整体市场参考,4030.138,4055.547,4057.831,4028.909,54587696700
2026-04-17,000001,上证综指,A股整体市场参考,4043.381,4051.425,4058.604,4038.429,54879140600
2026-04-20,000001,上证综指,A股整体市场参考,4053.375,4082.127,4083.19,4051.685,58984137900
2026-04-21,000001,上证综指,A股整体市场参考,4075.845,4085.077,4086.637,4062.133,57668945000
2026-04-22,000001,上证综指,A股整体市场参考,4074.813,4106.258,4106.844,4074.68,58246634600
2026-04-23,000001,上证综指,A股整体市场参考,4110.788,4093.25,4114.844,4070.46,67116609200
2026-04-24,000001,上证综指,A股整体市场参考,4081.033,4079.9,4092.613,4061.145,60503179800
2026-04-27,000001,上证综指,A股整体市场参考,4074.811,4086.344,4092.831,4071.08,58995086700
2026-04-28,000001,上证综指,A股整体市场参考,4076.143,4078.637,4090.201,4062.872,60050749800
2026-04-29,000001,上证综指,A股整体市场参考,4061.822,4107.514,4112.152,4061.822,61422145100
2026-04-30,000001,上证综指,A股整体市场参考,4107.297,4112.159,4118.755,4100.966,65691272800
2026-05-06,000001,上证综指,A股整体市场参考,4135.451,4160.174,4166.147,4129.911,70117748000
2026-05-07,000001,上证综指,A股整体市场参考,4168.447,4180.092,4180.21,4163.137,68557424900
2026-05-08,000001,上证综指,A股整体市场参考,4163.854,4179.952,4183.063,4154.246,69701909400
2026-05-11,000001,上证综指,A股整体市场参考,4201.347,4225.021,4229.58,4186.082,76273628700
2026-05-12,000001,上证综指,A股整体市场参考,4229.283,4214.489,4230.184,4199.344,71898400200
2026-05-13,000001,上证综指,A股整体市场参考,4192.315,4242.572,4245.068,4192.315,70501873900
2026-05-14,000001,上证综指,A股整体市场参考,4256.157,4177.918,4258.863,4177.918,76423500400
2026-05-15,000001,上证综指,A股整体市场参考,4174.175,4135.389,4191.807,4114.086,73316235700
