日期,指标代码,指标名称,数值,单位,频率,来源
2020-01-09,CPI_YOY,CPI同比增速,4.5,%,月度,AkShare: ak.macro_china_cpi_yearly()
2020-02-10,CPI_YOY,CPI同比增速,5.4,%,月度,AkShare: ak.macro_china_cpi_yearly()
2020-03-10,CPI_YOY,CPI同比增速,5.2,%,月度,AkShare: ak.macro_china_cpi_yearly()
2020-04-10,CPI_YOY,CPI同比增速,4.3,%,月度,AkShare: ak.macro_china_cpi_yearly()
2020-05-12,CPI_YOY,CPI同比增速,3.3,%,月度,AkShare: ak.macro_china_cpi_yearly()
2020-06-10,CPI_YOY,CPI同比增速,2.4,%,月度,AkShare: ak.macro_china_cpi_yearly()
2020-07-09,CPI_YOY,CPI同比增速,2.5,%,月度,AkShare: ak.macro_china_cpi_yearly()
2020-08-10,CPI_YOY,CPI同比增速,2.7,%,月度,AkShare: ak.macro_china_cpi_yearly()
2020-09-09,CPI_YOY,CPI同比增速,2.4,%,月度,AkShare: ak.macro_china_cpi_yearly()
2020-10-15,CPI_YOY,CPI同比增速,1.7,%,月度,AkShare: ak.macro_china_cpi_yearly()
2020-11-10,CPI_YOY,CPI同比增速,0.5,%,月度,AkShare: ak.macro_china_cpi_yearly()
2020-12-09,CPI_YOY,CPI同比增速,-0.5,%,月度,AkShare: ak.macro_china_cpi_yearly()
2021-01-11,CPI_YOY,CPI同比增速,0.2,%,月度,AkShare: ak.macro_china_cpi_yearly()
2021-02-10,CPI_YOY,CPI同比增速,-0.3,%,月度,AkShare: ak.macro_china_cpi_yearly()
2021-03-10,CPI_YOY,CPI同比增速,-0.2,%,月度,AkShare: ak.macro_china_cpi_yearly()
2021-04-09,CPI_YOY,CPI同比增速,0.4,%,月度,AkShare: ak.macro_china_cpi_yearly()
2021-05-11,CPI_YOY,CPI同比增速,0.9,%,月度,AkShare: ak.macro_china_cpi_yearly()
2021-06-09,CPI_YOY,CPI同比增速,1.3,%,月度,AkShare: ak.macro_china_cpi_yearly()
2021-07-09,CPI_YOY,CPI同比增速,1.1,%,月度,AkShare: ak.macro_china_cpi_yearly()
2021-08-09,CPI_YOY,CPI同比增速,1.0,%,月度,AkShare: ak.macro_china_cpi_yearly()
2021-09-09,CPI_YOY,CPI同比增速,0.8,%,月度,AkShare: ak.macro_china_cpi_yearly()
2021-10-14,CPI_YOY,CPI同比增速,0.7,%,月度,AkShare: ak.macro_china_cpi_yearly()
2021-11-10,CPI_YOY,CPI同比增速,1.5,%,月度,AkShare: ak.macro_china_cpi_yearly()
2021-12-09,CPI_YOY,CPI同比增速,2.3,%,月度,AkShare: ak.macro_china_cpi_yearly()
2022-01-12,CPI_YOY,CPI同比增速,1.5,%,月度,AkShare: ak.macro_china_cpi_yearly()
2022-02-16,CPI_YOY,CPI同比增速,0.9,%,月度,AkShare: ak.macro_china_cpi_yearly()
2022-03-09,CPI_YOY,CPI同比增速,0.9,%,月度,AkShare: ak.macro_china_cpi_yearly()
2022-04-11,CPI_YOY,CPI同比增速,1.5,%,月度,AkShare: ak.macro_china_cpi_yearly()
2022-05-11,CPI_YOY,CPI同比增速,2.1,%,月度,AkShare: ak.macro_china_cpi_yearly()
2022-06-10,CPI_YOY,CPI同比增速,2.1,%,月度,AkShare: ak.macro_china_cpi_yearly()
2022-07-09,CPI_YOY,CPI同比增速,2.5,%,月度,AkShare: ak.macro_china_cpi_yearly()
2022-08-10,CPI_YOY,CPI同比增速,2.7,%,月度,AkShare: ak.macro_china_cpi_yearly()
2022-09-09,CPI_YOY,CPI同比增速,2.5,%,月度,AkShare: ak.macro_china_cpi_yearly()
2022-10-14,CPI_YOY,CPI同比增速,2.8,%,月度,AkShare: ak.macro_china_cpi_yearly()
2022-11-09,CPI_YOY,CPI同比增速,2.1,%,月度,AkShare: ak.macro_china_cpi_yearly()
2022-12-09,CPI_YOY,CPI同比增速,1.6,%,月度,AkShare: ak.macro_china_cpi_yearly()
2023-01-12,CPI_YOY,CPI同比增速,1.8,%,月度,AkShare: ak.macro_china_cpi_yearly()
2023-02-10,CPI_YOY,CPI同比增速,2.1,%,月度,AkShare: ak.macro_china_cpi_yearly()
2023-03-09,CPI_YOY,CPI同比增速,1.0,%,月度,AkShare: ak.macro_china_cpi_yearly()
2023-04-11,CPI_YOY,CPI同比增速,0.7,%,月度,AkShare: ak.macro_china_cpi_yearly()
2023-05-11,CPI_YOY,CPI同比增速,0.1,%,月度,AkShare: ak.macro_china_cpi_yearly()
2023-06-09,CPI_YOY,CPI同比增速,0.2,%,月度,AkShare: ak.macro_china_cpi_yearly()
2023-07-10,CPI_YOY,CPI同比增速,0.0,%,月度,AkShare: ak.macro_china_cpi_yearly()
2023-08-09,CPI_YOY,CPI同比增速,-0.3,%,月度,AkShare: ak.macro_china_cpi_yearly()
2023-09-09,CPI_YOY,CPI同比增速,0.1,%,月度,AkShare: ak.macro_china_cpi_yearly()
2023-10-13,CPI_YOY,CPI同比增速,0.0,%,月度,AkShare: ak.macro_china_cpi_yearly()
2023-11-09,CPI_YOY,CPI同比增速,-0.2,%,月度,AkShare: ak.macro_china_cpi_yearly()
2023-12-09,CPI_YOY,CPI同比增速,-0.5,%,月度,AkShare: ak.macro_china_cpi_yearly()
2024-01-12,CPI_YOY,CPI同比增速,-0.3,%,月度,AkShare: ak.macro_china_cpi_yearly()
2024-02-08,CPI_YOY,CPI同比增速,-0.8,%,月度,AkShare: ak.macro_china_cpi_yearly()
2024-03-09,CPI_YOY,CPI同比增速,0.7,%,月度,AkShare: ak.macro_china_cpi_yearly()
2024-04-11,CPI_YOY,CPI同比增速,0.1,%,月度,AkShare: ak.macro_china_cpi_yearly()
2024-05-11,CPI_YOY,CPI同比增速,0.3,%,月度,AkShare: ak.macro_china_cpi_yearly()
2024-06-12,CPI_YOY,CPI同比增速,0.3,%,月度,AkShare: ak.macro_china_cpi_yearly()
2024-07-10,CPI_YOY,CPI同比增速,0.2,%,月度,AkShare: ak.macro_china_cpi_yearly()
2024-08-09,CPI_YOY,CPI同比增速,0.5,%,月度,AkShare: ak.macro_china_cpi_yearly()
2024-09-09,CPI_YOY,CPI同比增速,0.6,%,月度,AkShare: ak.macro_china_cpi_yearly()
2024-10-13,CPI_YOY,CPI同比增速,0.4,%,月度,AkShare: ak.macro_china_cpi_yearly()
2024-11-09,CPI_YOY,CPI同比增速,0.3,%,月度,AkShare: ak.macro_china_cpi_yearly()
2024-12-09,CPI_YOY,CPI同比增速,0.2,%,月度,AkShare: ak.macro_china_cpi_yearly()
2025-01-09,CPI_YOY,CPI同比增速,0.1,%,月度,AkShare: ak.macro_china_cpi_yearly()
2025-02-09,CPI_YOY,CPI同比增速,0.5,%,月度,AkShare: ak.macro_china_cpi_yearly()
2025-03-09,CPI_YOY,CPI同比增速,-0.7,%,月度,AkShare: ak.macro_china_cpi_yearly()
2025-04-10,CPI_YOY,CPI同比增速,-0.1,%,月度,AkShare: ak.macro_china_cpi_yearly()
2025-05-10,CPI_YOY,CPI同比增速,-0.1,%,月度,AkShare: ak.macro_china_cpi_yearly()
2025-06-09,CPI_YOY,CPI同比增速,-0.1,%,月度,AkShare: ak.macro_china_cpi_yearly()
2025-07-09,CPI_YOY,CPI同比增速,0.1,%,月度,AkShare: ak.macro_china_cpi_yearly()
2025-08-09,CPI_YOY,CPI同比增速,0.0,%,月度,AkShare: ak.macro_china_cpi_yearly()
2020-01-02,USD_CNY,人民币/美元汇率（USD/CNY，1美元兑人民币）,6.9638,人民币/美元,日度,Frankfurter API
2020-01-03,USD_CNY,人民币/美元汇率（USD/CNY，1美元兑人民币）,6.9716,人民币/美元,日度,Frankfurter API
2020-01-06,USD_CNY,人民币/美元汇率（USD/CNY，1美元兑人民币）,6.9724,人民币/美元,日度,Frankfurter API
2020-01-07,USD_CNY,人民币/美元汇率（USD/CNY，1美元兑人民币）,6.9425,人民币/美元,日度,Frankfurter API
2020-01-08,USD_CNY,人民币/美元汇率（USD/CNY，1美元兑人民币）,6.9441,人民币/美元,日度,Frankfurter API
2020-01-09,USD_CNY,人民币/美元汇率（USD/CNY，1美元兑人民币）,6.9317,人民币/美元,日度,Frankfurter API
2020-01-10,USD_CNY,人民币/美元汇率（USD/CNY，1美元兑人民币）,6.9221,人民币/美元,日度,Frankfurter API
2020-01-13,USD_CNY,人民币/美元汇率（USD/CNY，1美元兑人民币）,6.8935,人民币/美元,日度,Frankfurter API
2020-01-14,USD_CNY,人民币/美元汇率（USD/CNY，1美元兑人民币）,6.8858,人民币/美元,日度,Frankfurter API
2020-01-15,USD_CNY,人民币/美元汇率（USD/CNY，1美元兑人民币）,6.888,人民币/美元,日度,Frankfurter API
2020-01-16,USD_CNY,人民币/美元汇率（USD/CNY，1美元兑人民币）,6.8795,人民币/美元,日度,Frankfurter API
2020-01-17,USD_CNY,人民币/美元汇率（USD/CNY，1美元兑人民币）,6.8587,人民币/美元,日度,Frankfurter API
2020-01-20,USD_CNY,人民币/美元汇率（USD/CNY，1美元兑人民币）,6.8662,人民币/美元,日度,Frankfurter API
2020-01-21,USD_CNY,人民币/美元汇率（USD/CNY，1美元兑人民币）,6.9035,人民币/美元,日度,Frankfurter API
2020-01-22,USD_CNY,人民币/美元汇率（USD/CNY，1美元兑人民币）,6.9021,人民币/美元,日度,Frankfurter API
2020-01-23,USD_CNY,人民币/美元汇率（USD/CNY，1美元兑人民币）,6.9333,人民币/美元,日度,Frankfurter API
2020-01-24,USD_CNY,人民币/美元汇率（USD/CNY，1美元兑人民币）,6.9333,人民币/美元,日度,Frankfurter API
2020-01-27,USD_CNY,人民币/美元汇率（USD/CNY，1美元兑人民币）,6.9367,人民币/美元,日度,Frankfurter API
2020-01-28,USD_CNY,人民币/美元汇率（USD/CNY，1美元兑人民币）,6.9367,人民币/美元,日度,Frankfurter API
2020-01-29,USD_CNY,人民币/美元汇率（USD/CNY，1美元兑人民币）,6.9366,人民币/美元,日度,Frankfurter API
2020-01-30,USD_CNY,人民币/美元汇率（USD/CNY，1美元兑人民币）,6.9366,人民币/美元,日度,Frankfurter API
2020-01-31,USD_CNY,人民币/美元汇率（USD/CNY，1美元兑人民币）,6.9367,人民币/美元,日度,Frankfurter API
2020-02-03,USD_CNY,人民币/美元汇率（USD/CNY，1美元兑人民币）,7.0198,人民币/美元,日度,Frankfurter API
2020-02-04,USD_CNY,人民币/美元汇率（USD/CNY，1美元兑人民币）,6.9966,人民币/美元,日度,Frankfurter API
2020-02-05,USD_CNY,人民币/美元汇率（USD/CNY，1美元兑人民币）,6.9725,人民币/美元,日度,Frankfurter API
2020-02-06,USD_CNY,人民币/美元汇率（USD/CNY，1美元兑人民币）,6.9686,人民币/美元,日度,Frankfurter API
2020-02-07,USD_CNY,人民币/美元汇率（USD/CNY，1美元兑人民币）,6.9934,人民币/美元,日度,Frankfurter API
2020-02-10,USD_CNY,人民币/美元汇率（USD/CNY，1美元兑人民币）,6.983,人民币/美元,日度,Frankfurter API
2020-02-11,USD_CNY,人民币/美元汇率（USD/CNY，1美元兑人民币）,6.9741,人民币/美元,日度,Frankfurter API
2020-02-12,USD_CNY,人民币/美元汇率（USD/CNY，1美元兑人民币）,6.9702,人民币/美元,日度,Frankfurter API
2020-02-13,USD_CNY,人民币/美元汇率（USD/CNY，1美元兑人民币）,6.9835,人民币/美元,日度,Frankfurter API
2020-02-14,USD_CNY,人民币/美元汇率（USD/CNY，1美元兑人民币）,6.9874,人民币/美元,日度,Frankfurter API
2020-02-17,USD_CNY,人民币/美元汇率（USD/CNY，1美元兑人民币）,6.9815,人民币/美元,日度,Frankfurter API
2020-02-18,USD_CNY,人民币/美元汇率（USD/CNY，1美元兑人民币）,7.0018,人民币/美元,日度,Frankfurter API
2020-02-19,USD_CNY,人民币/美元汇率（USD/CNY，1美元兑人民币）,6.9943,人民币/美元,日度,Frankfurter API
2020-02-20,USD_CNY,人民币/美元汇率（USD/CNY，1美元兑人民币）,7.0238,人民币/美元,日度,Frankfurter API
2020-02-21,USD_CNY,人民币/美元汇率（USD/CNY，1美元兑人民币）,7.0313,人民币/美元,日度,Frankfurter API
2020-02-24,USD_CNY,人民币/美元汇率（USD/CNY，1美元兑人民币）,7.0348,人民币/美元,日度,Frankfurter API
2020-02-25,USD_CNY,人民币/美元汇率（USD/CNY，1美元兑人民币）,7.0152,人民币/美元,日度,Frankfurter API
2020-02-26,USD_CNY,人民币/美元汇率（USD/CNY，1美元兑人民币）,7.0188,人民币/美元,日度,Frankfurter API
2020-02-27,USD_CNY,人民币/美元汇率（USD/CNY，1美元兑人民币）,7.0059,人民币/美元,日度,Frankfurter API
2020-02-28,USD_CNY,人民币/美元汇率（USD/CNY，1美元兑人民币）,6.9839,人民币/美元,日度,Frankfurter API
2020-03-02,USD_CNY,人民币/美元汇率（USD/CNY，1美元兑人民币）,6.9654,人民币/美元,日度,Frankfurter API
2020-03-03,USD_CNY,人民币/美元汇率（USD/CNY，1美元兑人民币）,6.9778,人民币/美元,日度,Frankfurter API
2020-03-04,USD_CNY,人民币/美元汇率（USD/CNY，1美元兑人民币）,6.9226,人民币/美元,日度,Frankfurter API
2020-03-05,USD_CNY,人民币/美元汇率（USD/CNY，1美元兑人民币）,6.9347,人民币/美元,日度,Frankfurter API
2020-03-06,USD_CNY,人民币/美元汇率（USD/CNY，1美元兑人民币）,6.9258,人民币/美元,日度,Frankfurter API
2020-03-09,USD_CNY,人民币/美元汇率（USD/CNY，1美元兑人民币）,6.9483,人民币/美元,日度,Frankfurter API
2020-03-10,USD_CNY,人民币/美元汇率（USD/CNY，1美元兑人民币）,6.957,人民币/美元,日度,Frankfurter API
2020-03-11,USD_CNY,人民币/美元汇率（USD/CNY，1美元兑人民币）,6.9514,人民币/美元,日度,Frankfurter API
2020-03-12,USD_CNY,人民币/美元汇率（USD/CNY，1美元兑人民币）,7.0175,人民币/美元,日度,Frankfurter API
2020-03-13,USD_CNY,人民币/美元汇率（USD/CNY，1美元兑人民币）,6.9873,人民币/美元,日度,Frankfurter API
2020-03-16,USD_CNY,人民币/美元汇率（USD/CNY，1美元兑人民币）,7.0226,人民币/美元,日度,Frankfurter API
2020-03-17,USD_CNY,人民币/美元汇率（USD/CNY，1美元兑人民币）,7.0201,人民币/美元,日度,Frankfurter API
2020-03-18,USD_CNY,人民币/美元汇率（USD/CNY，1美元兑人民币）,7.0354,人民币/美元,日度,Frankfurter API
2020-03-19,USD_CNY,人民币/美元汇率（USD/CNY，1美元兑人民币）,7.115,人民币/美元,日度,Frankfurter API
2020-03-20,USD_CNY,人民币/美元汇率（USD/CNY，1美元兑人民币）,7.0906,人民币/美元,日度,Frankfurter API
2020-03-23,USD_CNY,人民币/美元汇率（USD/CNY，1美元兑人民币）,7.0838,人民币/美元,日度,Frankfurter API
2020-03-24,USD_CNY,人民币/美元汇率（USD/CNY，1美元兑人民币）,7.0598,人民币/美元,日度,Frankfurter API
2020-03-25,USD_CNY,人民币/美元汇率（USD/CNY，1美元兑人民币）,7.0974,人民币/美元,日度,Frankfurter API
2020-03-26,USD_CNY,人民币/美元汇率（USD/CNY，1美元兑人民币）,7.0736,人民币/美元,日度,Frankfurter API
2020-03-27,USD_CNY,人民币/美元汇率（USD/CNY，1美元兑人民币）,7.0961,人民币/美元,日度,Frankfurter API
2020-03-30,USD_CNY,人民币/美元汇率（USD/CNY，1美元兑人民币）,7.0996,人民币/美元,日度,Frankfurter API
2020-03-31,USD_CNY,人民币/美元汇率（USD/CNY，1美元兑人民币）,7.0997,人民币/美元,日度,Frankfurter API
2020-04-01,USD_CNY,人民币/美元汇率（USD/CNY，1美元兑人民币）,7.1007,人民币/美元,日度,Frankfurter API
2020-04-02,USD_CNY,人民币/美元汇率（USD/CNY，1美元兑人民币）,7.0958,人民币/美元,日度,Frankfurter API
2020-04-03,USD_CNY,人民币/美元汇率（USD/CNY，1美元兑人民币）,7.091,人民币/美元,日度,Frankfurter API
2020-04-06,USD_CNY,人民币/美元汇率（USD/CNY，1美元兑人民币）,7.091,人民币/美元,日度,Frankfurter API
2020-04-07,USD_CNY,人民币/美元汇率（USD/CNY，1美元兑人民币）,7.0558,人民币/美元,日度,Frankfurter API
2020-04-08,USD_CNY,人民币/美元汇率（USD/CNY，1美元兑人民币）,7.0663,人民币/美元,日度,Frankfurter API
2020-04-09,USD_CNY,人民币/美元汇率（USD/CNY，1美元兑人民币）,7.0589,人民币/美元,日度,Frankfurter API
2020-04-14,USD_CNY,人民币/美元汇率（USD/CNY，1美元兑人民币）,7.057,人民币/美元,日度,Frankfurter API
2020-04-15,USD_CNY,人民币/美元汇率（USD/CNY，1美元兑人民币）,7.0621,人民币/美元,日度,Frankfurter API
2020-04-16,USD_CNY,人民币/美元汇率（USD/CNY，1美元兑人民币）,7.0712,人民币/美元,日度,Frankfurter API
2020-04-17,USD_CNY,人民币/美元汇率（USD/CNY，1美元兑人民币）,7.0738,人民币/美元,日度,Frankfurter API
2020-04-20,USD_CNY,人民币/美元汇率（USD/CNY，1美元兑人民币）,7.0736,人民币/美元,日度,Frankfurter API
2020-04-21,USD_CNY,人民币/美元汇率（USD/CNY，1美元兑人民币）,7.095,人民币/美元,日度,Frankfurter API
2020-04-22,USD_CNY,人民币/美元汇率（USD/CNY，1美元兑人民币）,7.0824,人民币/美元,日度,Frankfurter API
2020-04-23,USD_CNY,人民币/美元汇率（USD/CNY，1美元兑人民币）,7.0794,人民币/美元,日度,Frankfurter API
2020-04-24,USD_CNY,人民币/美元汇率（USD/CNY，1美元兑人民币）,7.0792,人民币/美元,日度,Frankfurter API
2020-04-27,USD_CNY,人民币/美元汇率（USD/CNY，1美元兑人民币）,7.0826,人民币/美元,日度,Frankfurter API
2020-04-28,USD_CNY,人民币/美元汇率（USD/CNY，1美元兑人民币）,7.077,人民币/美元,日度,Frankfurter API
2020-04-29,USD_CNY,人民币/美元汇率（USD/CNY，1美元兑人民币）,7.0765,人民币/美元,日度,Frankfurter API
2020-04-30,USD_CNY,人民币/美元汇率（USD/CNY，1美元兑人民币）,7.049,人民币/美元,日度,Frankfurter API
2020-05-04,USD_CNY,人民币/美元汇率（USD/CNY，1美元兑人民币）,7.0622,人民币/美元,日度,Frankfurter API
2020-05-05,USD_CNY,人民币/美元汇率（USD/CNY，1美元兑人民币）,7.0622,人民币/美元,日度,Frankfurter API
2020-05-06,USD_CNY,人民币/美元汇率（USD/CNY，1美元兑人民币）,7.0979,人民币/美元,日度,Frankfurter API
2020-05-07,USD_CNY,人民币/美元汇率（USD/CNY，1美元兑人民币）,7.0877,人民币/美元,日度,Frankfurter API
2020-05-08,USD_CNY,人民币/美元汇率（USD/CNY，1美元兑人民币）,7.0754,人民币/美元,日度,Frankfurter API
2020-05-11,USD_CNY,人民币/美元汇率（USD/CNY，1美元兑人民币）,7.0938,人民币/美元,日度,Frankfurter API
2020-05-12,USD_CNY,人民币/美元汇率（USD/CNY，1美元兑人民币）,7.0854,人民币/美元,日度,Frankfurter API
2020-05-13,USD_CNY,人民币/美元汇率（USD/CNY，1美元兑人民币）,7.0898,人民币/美元,日度,Frankfurter API
2020-05-14,USD_CNY,人民币/美元汇率（USD/CNY，1美元兑人民币）,7.1029,人民币/美元,日度,Frankfurter API
2020-05-15,USD_CNY,人民币/美元汇率（USD/CNY，1美元兑人民币）,7.1086,人民币/美元,日度,Frankfurter API
2020-05-18,USD_CNY,人民币/美元汇率（USD/CNY，1美元兑人民币）,7.1148,人民币/美元,日度,Frankfurter API
2020-05-19,USD_CNY,人民币/美元汇率（USD/CNY，1美元兑人民币）,7.1065,人民币/美元,日度,Frankfurter API
2020-05-20,USD_CNY,人民币/美元汇率（USD/CNY，1美元兑人民币）,7.1004,人民币/美元,日度,Frankfurter API
2020-05-21,USD_CNY,人民币/美元汇率（USD/CNY，1美元兑人民币）,7.1048,人民币/美元,日度,Frankfurter API
2020-05-22,USD_CNY,人民币/美元汇率（USD/CNY，1美元兑人民币）,7.1347,人民币/美元,日度,Frankfurter API
2020-05-25,USD_CNY,人民币/美元汇率（USD/CNY，1美元兑人民币）,7.1362,人民币/美元,日度,Frankfurter API
2020-05-26,USD_CNY,人民币/美元汇率（USD/CNY，1美元兑人民币）,7.1316,人民币/美元,日度,Frankfurter API
2020-05-27,USD_CNY,人民币/美元汇率（USD/CNY，1美元兑人民币）,7.1588,人民币/美元,日度,Frankfurter API
2020-05-28,USD_CNY,人民币/美元汇率（USD/CNY，1美元兑人民币）,7.1536,人民币/美元,日度,Frankfurter API
2020-05-29,USD_CNY,人民币/美元汇率（USD/CNY，1美元兑人民币）,7.1351,人民币/美元,日度,Frankfurter API
2020-06-01,USD_CNY,人民币/美元汇率（USD/CNY，1美元兑人民币）,7.1363,人民币/美元,日度,Frankfurter API
2020-06-02,USD_CNY,人民币/美元汇率（USD/CNY，1美元兑人民币）,7.1069,人民币/美元,日度,Frankfurter API
2020-06-03,USD_CNY,人民币/美元汇率（USD/CNY，1美元兑人民币）,7.1109,人民币/美元,日度,Frankfurter API
2020-06-04,USD_CNY,人民币/美元汇率（USD/CNY，1美元兑人民币）,7.117,人民币/美元,日度,Frankfurter API
2020-06-05,USD_CNY,人民币/美元汇率（USD/CNY，1美元兑人民币）,7.0917,人民币/美元,日度,Frankfurter API
2020-06-08,USD_CNY,人民币/美元汇率（USD/CNY，1美元兑人民币）,7.0745,人民币/美元,日度,Frankfurter API
2020-06-09,USD_CNY,人民币/美元汇率（USD/CNY，1美元兑人民币）,7.0856,人民币/美元,日度,Frankfurter API
2020-06-10,USD_CNY,人民币/美元汇率（USD/CNY，1美元兑人民币）,7.0598,人民币/美元,日度,Frankfurter API
2020-06-11,USD_CNY,人民币/美元汇率（USD/CNY，1美元兑人民币）,7.0717,人民币/美元,日度,Frankfurter API
2020-06-12,USD_CNY,人民币/美元汇率（USD/CNY，1美元兑人民币）,7.0763,人民币/美元,日度,Frankfurter API
2020-06-15,USD_CNY,人民币/美元汇率（USD/CNY，1美元兑人民币）,7.095,人民币/美元,日度,Frankfurter API
2020-06-16,USD_CNY,人民币/美元汇率（USD/CNY，1美元兑人民币）,7.0783,人民币/美元,日度,Frankfurter API
2020-06-17,USD_CNY,人民币/美元汇率（USD/CNY，1美元兑人民币）,7.0871,人民币/美元,日度,Frankfurter API
2020-06-18,USD_CNY,人民币/美元汇率（USD/CNY，1美元兑人民币）,7.0883,人民币/美元,日度,Frankfurter API
2020-06-19,USD_CNY,人民币/美元汇率（USD/CNY，1美元兑人民币）,7.0769,人民币/美元,日度,Frankfurter API
2020-06-22,USD_CNY,人民币/美元汇率（USD/CNY，1美元兑人民币）,7.0764,人民币/美元,日度,Frankfurter API
2020-06-23,USD_CNY,人民币/美元汇率（USD/CNY，1美元兑人民币）,7.0634,人民币/美元,日度,Frankfurter API
2020-06-24,USD_CNY,人民币/美元汇率（USD/CNY，1美元兑人民币）,7.072,人民币/美元,日度,Frankfurter API
2020-06-25,USD_CNY,人民币/美元汇率（USD/CNY，1美元兑人民币）,7.072,人民币/美元,日度,Frankfurter API
2020-06-26,USD_CNY,人民币/美元汇率（USD/CNY，1美元兑人民币）,7.072,人民币/美元,日度,Frankfurter API
2020-06-29,USD_CNY,人民币/美元汇率（USD/CNY，1美元兑人民币）,7.0756,人民币/美元,日度,Frankfurter API
2020-06-30,USD_CNY,人民币/美元汇率（USD/CNY，1美元兑人民币）,7.0744,人民币/美元,日度,Frankfurter API
2020-07-01,USD_CNY,人民币/美元汇率（USD/CNY，1美元兑人民币）,7.0671,人民币/美元,日度,Frankfurter API
2020-07-02,USD_CNY,人民币/美元汇率（USD/CNY，1美元兑人民币）,7.0671,人民币/美元,日度,Frankfurter API
2020-07-03,USD_CNY,人民币/美元汇率（USD/CNY，1美元兑人民币）,7.0661,人民币/美元,日度,Frankfurter API
2020-07-06,USD_CNY,人民币/美元汇率（USD/CNY，1美元兑人民币）,7.0197,人民币/美元,日度,Frankfurter API
2020-07-07,USD_CNY,人民币/美元汇率（USD/CNY，1美元兑人民币）,7.0228,人民币/美元,日度,Frankfurter API
2020-07-08,USD_CNY,人民币/美元汇率（USD/CNY，1美元兑人民币）,7.0143,人民币/美元,日度,Frankfurter API
2020-07-09,USD_CNY,人民币/美元汇率（USD/CNY，1美元兑人民币）,6.9855,人民币/美元,日度,Frankfurter API
2020-07-10,USD_CNY,人民币/美元汇率（USD/CNY，1美元兑人民币）,7.0018,人民币/美元,日度,Frankfurter API
2020-07-13,USD_CNY,人民币/美元汇率（USD/CNY，1美元兑人民币）,7.0005,人民币/美元,日度,Frankfurter API
2020-07-14,USD_CNY,人民币/美元汇率（USD/CNY，1美元兑人民币）,7.0158,人民币/美元,日度,Frankfurter API
2020-07-15,USD_CNY,人民币/美元汇率（USD/CNY，1美元兑人民币）,6.9884,人民币/美元,日度,Frankfurter API
2020-07-16,USD_CNY,人民币/美元汇率（USD/CNY，1美元兑人民币）,6.9968,人民币/美元,日度,Frankfurter API
2020-07-17,USD_CNY,人民币/美元汇率（USD/CNY，1美元兑人民币）,6.9982,人民币/美元,日度,Frankfurter API
2020-07-20,USD_CNY,人民币/美元汇率（USD/CNY，1美元兑人民币）,6.9874,人民币/美元,日度,Frankfurter API
2020-07-21,USD_CNY,人民币/美元汇率（USD/CNY，1美元兑人民币）,6.9896,人民币/美元,日度,Frankfurter API
2020-07-22,USD_CNY,人民币/美元汇率（USD/CNY，1美元兑人民币）,6.9959,人民币/美元,日度,Frankfurter API
2020-07-23,USD_CNY,人民币/美元汇率（USD/CNY，1美元兑人民币）,7.0064,人民币/美元,日度,Frankfurter API
2020-07-24,USD_CNY,人民币/美元汇率（USD/CNY，1美元兑人民币）,7.017,人民币/美元,日度,Frankfurter API
2020-07-27,USD_CNY,人民币/美元汇率（USD/CNY，1美元兑人民币）,7.002,人民币/美元,日度,Frankfurter API
2020-07-28,USD_CNY,人民币/美元汇率（USD/CNY，1美元兑人民币）,7.0019,人民币/美元,日度,Frankfurter API
2020-07-29,USD_CNY,人民币/美元汇率（USD/CNY，1美元兑人民币）,6.9993,人民币/美元,日度,Frankfurter API
2020-07-30,USD_CNY,人民币/美元汇率（USD/CNY，1美元兑人民币）,7.0033,人民币/美元,日度,Frankfurter API
2020-07-31,USD_CNY,人民币/美元汇率（USD/CNY，1美元兑人民币）,6.9748,人民币/美元,日度,Frankfurter API
2020-08-03,USD_CNY,人民币/美元汇率（USD/CNY，1美元兑人民币）,6.9845,人民币/美元,日度,Frankfurter API
2020-08-04,USD_CNY,人民币/美元汇率（USD/CNY，1美元兑人民币）,6.9832,人民币/美元,日度,Frankfurter API
2020-08-05,USD_CNY,人民币/美元汇率（USD/CNY，1美元兑人民币）,6.9409,人民币/美元,日度,Frankfurter API
2020-08-06,USD_CNY,人民币/美元汇率（USD/CNY，1美元兑人民币）,6.9514,人民币/美元,日度,Frankfurter API
2020-08-07,USD_CNY,人民币/美元汇率（USD/CNY，1美元兑人民币）,6.9593,人民币/美元,日度,Frankfurter API
2020-08-10,USD_CNY,人民币/美元汇率（USD/CNY，1美元兑人民币）,6.9713,人民币/美元,日度,Frankfurter API
2020-08-11,USD_CNY,人民币/美元汇率（USD/CNY，1美元兑人民币）,6.947,人民币/美元,日度,Frankfurter API
2020-08-12,USD_CNY,人民币/美元汇率（USD/CNY，1美元兑人民币）,6.9457,人民币/美元,日度,Frankfurter API
2020-08-13,USD_CNY,人民币/美元汇率（USD/CNY，1美元兑人民币）,6.9456,人民币/美元,日度,Frankfurter API
2020-08-14,USD_CNY,人民币/美元汇率（USD/CNY，1美元兑人民币）,6.95,人民币/美元,日度,Frankfurter API
2020-08-17,USD_CNY,人民币/美元汇率（USD/CNY，1美元兑人民币）,6.9402,人民币/美元,日度,Frankfurter API
2020-08-18,USD_CNY,人民币/美元汇率（USD/CNY，1美元兑人民币）,6.9215,人民币/美元,日度,Frankfurter API
2020-08-19,USD_CNY,人民币/美元汇率（USD/CNY，1美元兑人民币）,6.9113,人民币/美元,日度,Frankfurter API
2020-08-20,USD_CNY,人民币/美元汇率（USD/CNY，1美元兑人民币）,6.9186,人民币/美元,日度,Frankfurter API
2020-08-21,USD_CNY,人民币/美元汇率（USD/CNY，1美元兑人民币）,6.9235,人民币/美元,日度,Frankfurter API
2020-08-24,USD_CNY,人民币/美元汇率（USD/CNY，1美元兑人民币）,6.9129,人民币/美元,日度,Frankfurter API
2020-08-25,USD_CNY,人民币/美元汇率（USD/CNY，1美元兑人民币）,6.9131,人民币/美元,日度,Frankfurter API
2020-08-26,USD_CNY,人民币/美元汇率（USD/CNY，1美元兑人民币）,6.893,人民币/美元,日度,Frankfurter API
2020-08-27,USD_CNY,人民币/美元汇率（USD/CNY，1美元兑人民币）,6.8883,人民币/美元,日度,Frankfurter API
2020-08-28,USD_CNY,人民币/美元汇率（USD/CNY，1美元兑人民币）,6.861,人民币/美元,日度,Frankfurter API
2020-08-31,USD_CNY,人民币/美元汇率（USD/CNY，1美元兑人民币）,6.8435,人民币/美元,日度,Frankfurter API
2020-09-01,USD_CNY,人民币/美元汇率（USD/CNY，1美元兑人民币）,6.819,人民币/美元,日度,Frankfurter API
2020-09-02,USD_CNY,人民币/美元汇率（USD/CNY，1美元兑人民币）,6.8271,人民币/美元,日度,Frankfurter API
2020-09-03,USD_CNY,人民币/美元汇率（USD/CNY，1美元兑人民币）,6.8401,人民币/美元,日度,Frankfurter API
2020-09-04,USD_CNY,人民币/美元汇率（USD/CNY，1美元兑人民币）,6.8406,人民币/美元,日度,Frankfurter API
2020-09-07,USD_CNY,人民币/美元汇率（USD/CNY，1美元兑人民币）,6.8326,人民币/美元,日度,Frankfurter API
2020-09-08,USD_CNY,人民币/美元汇率（USD/CNY，1美元兑人民币）,6.8441,人民币/美元,日度,Frankfurter API
2020-09-09,USD_CNY,人民币/美元汇率（USD/CNY，1美元兑人民币）,6.8448,人民币/美元,日度,Frankfurter API
2020-09-10,USD_CNY,人民币/美元汇率（USD/CNY，1美元兑人民币）,6.8379,人民币/美元,日度,Frankfurter API
2020-09-11,USD_CNY,人民币/美元汇率（USD/CNY，1美元兑人民币）,6.8368,人民币/美元,日度,Frankfurter API
2020-09-14,USD_CNY,人民币/美元汇率（USD/CNY，1美元兑人民币）,6.8194,人民币/美元,日度,Frankfurter API
2020-09-15,USD_CNY,人民币/美元汇率（USD/CNY，1美元兑人民币）,6.7714,人民币/美元,日度,Frankfurter API
2020-09-16,USD_CNY,人民币/美元汇率（USD/CNY，1美元兑人民币）,6.7595,人民币/美元,日度,Frankfurter API
2020-09-17,USD_CNY,人民币/美元汇率（USD/CNY，1美元兑人民币）,6.7696,人民币/美元,日度,Frankfurter API
2020-09-18,USD_CNY,人民币/美元汇率（USD/CNY，1美元兑人民币）,6.7731,人民币/美元,日度,Frankfurter API
2020-09-21,USD_CNY,人民币/美元汇率（USD/CNY，1美元兑人民币）,6.7865,人民币/美元,日度,Frankfurter API
2020-09-22,USD_CNY,人民币/美元汇率（USD/CNY，1美元兑人民币）,6.776,人民币/美元,日度,Frankfurter API
2020-09-23,USD_CNY,人民币/美元汇率（USD/CNY，1美元兑人民币）,6.7938,人民币/美元,日度,Frankfurter API
2020-09-24,USD_CNY,人民币/美元汇率（USD/CNY，1美元兑人民币）,6.8293,人民币/美元,日度,Frankfurter API
2020-09-25,USD_CNY,人民币/美元汇率（USD/CNY，1美元兑人民币）,6.8292,人民币/美元,日度,Frankfurter API
2020-09-28,USD_CNY,人民币/美元汇率（USD/CNY，1美元兑人民币）,6.8132,人民币/美元,日度,Frankfurter API
2020-09-29,USD_CNY,人民币/美元汇率（USD/CNY，1美元兑人民币）,6.8174,人民币/美元,日度,Frankfurter API
2020-09-30,USD_CNY,人民币/美元汇率（USD/CNY，1美元兑人民币）,6.809,人民币/美元,日度,Frankfurter API
2020-10-01,USD_CNY,人民币/美元汇率（USD/CNY，1美元兑人民币）,6.7908,人民币/美元,日度,Frankfurter API
2020-10-02,USD_CNY,人民币/美元汇率（USD/CNY，1美元兑人民币）,6.7908,人民币/美元,日度,Frankfurter API
2020-10-05,USD_CNY,人民币/美元汇率（USD/CNY，1美元兑人民币）,6.809,人民币/美元,日度,Frankfurter API
2020-10-06,USD_CNY,人民币/美元汇率（USD/CNY，1美元兑人民币）,6.7919,人民币/美元,日度,Frankfurter API
2020-10-07,USD_CNY,人民币/美元汇率（USD/CNY，1美元兑人民币）,6.7913,人民币/美元,日度,Frankfurter API
2020-10-08,USD_CNY,人民币/美元汇率（USD/CNY，1美元兑人民币）,6.7908,人民币/美元,日度,Frankfurter API
2020-10-09,USD_CNY,人民币/美元汇率（USD/CNY，1美元兑人民币）,6.7017,人民币/美元,日度,Frankfurter API
2020-10-12,USD_CNY,人民币/美元汇率（USD/CNY，1美元兑人民币）,6.7445,人民币/美元,日度,Frankfurter API
2020-10-13,USD_CNY,人民币/美元汇率（USD/CNY，1美元兑人民币）,6.7352,人民币/美元,日度,Frankfurter API
2020-10-14,USD_CNY,人民币/美元汇率（USD/CNY，1美元兑人民币）,6.7312,人民币/美元,日度,Frankfurter API
2020-10-15,USD_CNY,人民币/美元汇率（USD/CNY，1美元兑人民币）,6.7324,人民币/美元,日度,Frankfurter API
2020-10-16,USD_CNY,人民币/美元汇率（USD/CNY，1美元兑人民币）,6.6978,人民币/美元,日度,Frankfurter API
2020-10-19,USD_CNY,人民币/美元汇率（USD/CNY，1美元兑人民币）,6.6837,人民币/美元,日度,Frankfurter API
2020-10-20,USD_CNY,人民币/美元汇率（USD/CNY，1美元兑人民币）,6.6823,人民币/美元,日度,Frankfurter API
2020-10-21,USD_CNY,人民币/美元汇率（USD/CNY，1美元兑人民币）,6.6553,人民币/美元,日度,Frankfurter API
2020-10-22,USD_CNY,人民币/美元汇率（USD/CNY，1美元兑人民币）,6.6813,人民币/美元,日度,Frankfurter API
2020-10-23,USD_CNY,人民币/美元汇率（USD/CNY，1美元兑人民币）,6.6765,人民币/美元,日度,Frankfurter API
2020-10-26,USD_CNY,人民币/美元汇率（USD/CNY，1美元兑人民币）,6.7131,人民币/美元,日度,Frankfurter API
2020-10-27,USD_CNY,人民币/美元汇率（USD/CNY，1美元兑人民币）,6.706,人民币/美元,日度,Frankfurter API
2020-10-28,USD_CNY,人民币/美元汇率（USD/CNY，1美元兑人民币）,6.7234,人民币/美元,日度,Frankfurter API
2020-10-29,USD_CNY,人民币/美元汇率（USD/CNY，1美元兑人民币）,6.7098,人民币/美元,日度,Frankfurter API
2020-10-30,USD_CNY,人民币/美元汇率（USD/CNY，1美元兑人民币）,6.6813,人民币/美元,日度,Frankfurter API
2020-11-02,USD_CNY,人民币/美元汇率（USD/CNY，1美元兑人民币）,6.6909,人民币/美元,日度,Frankfurter API
2020-11-03,USD_CNY,人民币/美元汇率（USD/CNY，1美元兑人民币）,6.6824,人民币/美元,日度,Frankfurter API
2020-11-04,USD_CNY,人民币/美元汇率（USD/CNY，1美元兑人民币）,6.658,人民币/美元,日度,Frankfurter API
2020-11-05,USD_CNY,人民币/美元汇率（USD/CNY，1美元兑人民币）,6.6074,人民币/美元,日度,Frankfurter API
2020-11-06,USD_CNY,人民币/美元汇率（USD/CNY，1美元兑人民币）,6.6106,人民币/美元,日度,Frankfurter API
2020-11-09,USD_CNY,人民币/美元汇率（USD/CNY，1美元兑人民币）,6.604,人民币/美元,日度,Frankfurter API
2020-11-10,USD_CNY,人民币/美元汇率（USD/CNY，1美元兑人民币）,6.6148,人民币/美元,日度,Frankfurter API
2020-11-11,USD_CNY,人民币/美元汇率（USD/CNY，1美元兑人民币）,6.6244,人民币/美元,日度,Frankfurter API
2020-11-12,USD_CNY,人民币/美元汇率（USD/CNY，1美元兑人民币）,6.6241,人民币/美元,日度,Frankfurter API
2020-11-13,USD_CNY,人民币/美元汇率（USD/CNY，1美元兑人民币）,6.6078,人民币/美元,日度,Frankfurter API
2020-11-16,USD_CNY,人民币/美元汇率（USD/CNY，1美元兑人民币）,6.5888,人民币/美元,日度,Frankfurter API
2020-11-17,USD_CNY,人民币/美元汇率（USD/CNY，1美元兑人民币）,6.5555,人民币/美元,日度,Frankfurter API
2020-11-18,USD_CNY,人民币/美元汇率（USD/CNY，1美元兑人民币）,6.5571,人民币/美元,日度,Frankfurter API
2020-11-19,USD_CNY,人民币/美元汇率（USD/CNY，1美元兑人民币）,6.5861,人民币/美元,日度,Frankfurter API
2020-11-20,USD_CNY,人民币/美元汇率（USD/CNY，1美元兑人民币）,6.568,人民币/美元,日度,Frankfurter API
2020-11-23,USD_CNY,人民币/美元汇率（USD/CNY，1美元兑人民币）,6.569,人民币/美元,日度,Frankfurter API
2020-11-24,USD_CNY,人民币/美元汇率（USD/CNY，1美元兑人民币）,6.5868,人民币/美元,日度,Frankfurter API
2020-11-25,USD_CNY,人民币/美元汇率（USD/CNY，1美元兑人民币）,6.576,人民币/美元,日度,Frankfurter API
2020-11-26,USD_CNY,人民币/美元汇率（USD/CNY，1美元兑人民币）,6.576,人民币/美元,日度,Frankfurter API
2020-11-27,USD_CNY,人民币/美元汇率（USD/CNY，1美元兑人民币）,6.5779,人民币/美元,日度,Frankfurter API
2020-11-30,USD_CNY,人民币/美元汇率（USD/CNY，1美元兑人民币）,6.5775,人民币/美元,日度,Frankfurter API
2020-12-01,USD_CNY,人民币/美元汇率（USD/CNY，1美元兑人民币）,6.5708,人民币/美元,日度,Frankfurter API
2020-12-02,USD_CNY,人民币/美元汇率（USD/CNY，1美元兑人民币）,6.5641,人民币/美元,日度,Frankfurter API
2020-12-03,USD_CNY,人民币/美元汇率（USD/CNY，1美元兑人民币）,6.5482,人民币/美元,日度,Frankfurter API
2020-12-04,USD_CNY,人民币/美元汇率（USD/CNY，1美元兑人民币）,6.5319,人民币/美元,日度,Frankfurter API
2020-12-07,USD_CNY,人民币/美元汇率（USD/CNY，1美元兑人民币）,6.5394,人民币/美元,日度,Frankfurter API
2020-12-08,USD_CNY,人民币/美元汇率（USD/CNY，1美元兑人民币）,6.5309,人民币/美元,日度,Frankfurter API
2020-12-09,USD_CNY,人民币/美元汇率（USD/CNY，1美元兑人民币）,6.5379,人民币/美元,日度,Frankfurter API
2020-12-10,USD_CNY,人民币/美元汇率（USD/CNY，1美元兑人民币）,6.5418,人民币/美元,日度,Frankfurter API
2020-12-11,USD_CNY,人民币/美元汇率（USD/CNY，1美元兑人民币）,6.5462,人民币/美元,日度,Frankfurter API
2020-12-14,USD_CNY,人民币/美元汇率（USD/CNY，1美元兑人民币）,6.544,人民币/美元,日度,Frankfurter API
2020-12-15,USD_CNY,人民币/美元汇率（USD/CNY，1美元兑人民币）,6.5455,人民币/美元,日度,Frankfurter API
2020-12-16,USD_CNY,人民币/美元汇率（USD/CNY，1美元兑人民币）,6.5332,人民币/美元,日度,Frankfurter API
2020-12-17,USD_CNY,人民币/美元汇率（USD/CNY，1美元兑人民币）,6.5332,人民币/美元,日度,Frankfurter API
2020-12-18,USD_CNY,人民币/美元汇率（USD/CNY，1美元兑人民币）,6.5377,人民币/美元,日度,Frankfurter API
2020-12-21,USD_CNY,人民币/美元汇率（USD/CNY，1美元兑人民币）,6.5542,人民币/美元,日度,Frankfurter API
2020-12-22,USD_CNY,人民币/美元汇率（USD/CNY，1美元兑人民币）,6.5411,人民币/美元,日度,Frankfurter API
2020-12-23,USD_CNY,人民币/美元汇率（USD/CNY，1美元兑人民币）,6.5386,人民币/美元,日度,Frankfurter API
2020-12-24,USD_CNY,人民币/美元汇率（USD/CNY，1美元兑人民币）,6.5303,人民币/美元,日度,Frankfurter API
2020-12-28,USD_CNY,人民币/美元汇率（USD/CNY，1美元兑人民币）,6.5395,人民币/美元,日度,Frankfurter API
2020-12-29,USD_CNY,人民币/美元汇率（USD/CNY，1美元兑人民币）,6.5315,人民币/美元,日度,Frankfurter API
2020-12-30,USD_CNY,人民币/美元汇率（USD/CNY，1美元兑人民币）,6.525,人民币/美元,日度,Frankfurter API
2020-12-31,USD_CNY,人民币/美元汇率（USD/CNY，1美元兑人民币）,6.5378,人民币/美元,日度,Frankfurter API
2021-01-04,USD_CNY,人民币/美元汇率（USD/CNY，1美元兑人民币）,6.4642,人民币/美元,日度,Frankfurter API
2021-01-05,USD_CNY,人民币/美元汇率（USD/CNY，1美元兑人民币）,6.4636,人民币/美元,日度,Frankfurter API
2021-01-06,USD_CNY,人民币/美元汇率（USD/CNY，1美元兑人民币）,6.4559,人民币/美元,日度,Frankfurter API
2021-01-07,USD_CNY,人民币/美元汇率（USD/CNY，1美元兑人民币）,6.4673,人民币/美元,日度,Frankfurter API
2021-01-08,USD_CNY,人民币/美元汇率（USD/CNY，1美元兑人民币）,6.464,人民币/美元,日度,Frankfurter API
2021-01-11,USD_CNY,人民币/美元汇率（USD/CNY，1美元兑人民币）,6.4792,人民币/美元,日度,Frankfurter API
2021-01-12,USD_CNY,人民币/美元汇率（USD/CNY，1美元兑人民币）,6.4613,人民币/美元,日度,Frankfurter API
2021-01-13,USD_CNY,人民币/美元汇率（USD/CNY，1美元兑人民币）,6.4702,人民币/美元,日度,Frankfurter API
2021-01-14,USD_CNY,人民币/美元汇率（USD/CNY，1美元兑人民币）,6.4673,人民币/美元,日度,Frankfurter API
2021-01-15,USD_CNY,人民币/美元汇率（USD/CNY，1美元兑人民币）,6.4752,人民币/美元,日度,Frankfurter API
2021-01-18,USD_CNY,人民币/美元汇率（USD/CNY，1美元兑人民币）,6.4953,人民币/美元,日度,Frankfurter API
2021-01-19,USD_CNY,人民币/美元汇率（USD/CNY，1美元兑人民币）,6.4796,人民币/美元,日度,Frankfurter API
2021-01-20,USD_CNY,人民币/美元汇率（USD/CNY，1美元兑人民币）,6.4699,人民币/美元,日度,Frankfurter API
2021-01-21,USD_CNY,人民币/美元汇率（USD/CNY，1美元兑人民币）,6.4609,人民币/美元,日度,Frankfurter API
2021-01-22,USD_CNY,人民币/美元汇率（USD/CNY，1美元兑人民币）,6.4831,人民币/美元,日度,Frankfurter API
2021-01-25,USD_CNY,人民币/美元汇率（USD/CNY，1美元兑人民币）,6.4773,人民币/美元,日度,Frankfurter API
2021-01-26,USD_CNY,人民币/美元汇率（USD/CNY，1美元兑人民币）,6.4677,人民币/美元,日度,Frankfurter API
2021-01-27,USD_CNY,人民币/美元汇率（USD/CNY，1美元兑人民币）,6.4728,人民币/美元,日度,Frankfurter API
2021-01-28,USD_CNY,人民币/美元汇率（USD/CNY，1美元兑人民币）,6.4698,人民币/美元,日度,Frankfurter API
2021-01-29,USD_CNY,人民币/美元汇率（USD/CNY，1美元兑人民币）,6.431,人民币/美元,日度,Frankfurter API
2021-02-01,USD_CNY,人民币/美元汇率（USD/CNY，1美元兑人民币）,6.4667,人民币/美元,日度,Frankfurter API
2021-02-02,USD_CNY,人民币/美元汇率（USD/CNY，1美元兑人民币）,6.456,人民币/美元,日度,Frankfurter API
2021-02-03,USD_CNY,人民币/美元汇率（USD/CNY，1美元兑人民币）,6.4594,人民币/美元,日度,Frankfurter API
2021-02-04,USD_CNY,人民币/美元汇率（USD/CNY，1美元兑人民币）,6.464,人民币/美元,日度,Frankfurter API
2021-02-05,USD_CNY,人民币/美元汇率（USD/CNY，1美元兑人民币）,6.4704,人民币/美元,日度,Frankfurter API
2021-02-08,USD_CNY,人民币/美元汇率（USD/CNY，1美元兑人民币）,6.4547,人民币/美元,日度,Frankfurter API
2021-02-09,USD_CNY,人民币/美元汇率（USD/CNY，1美元兑人民币）,6.4354,人民币/美元,日度,Frankfurter API
2021-02-10,USD_CNY,人民币/美元汇率（USD/CNY，1美元兑人民币）,6.4513,人民币/美元,日度,Frankfurter API
2021-02-11,USD_CNY,人民币/美元汇率（USD/CNY，1美元兑人民币）,6.4582,人民币/美元,日度,Frankfurter API
2021-02-12,USD_CNY,人民币/美元汇率（USD/CNY，1美元兑人民币）,6.4591,人民币/美元,日度,Frankfurter API
2021-02-15,USD_CNY,人民币/美元汇率（USD/CNY，1美元兑人民币）,6.4582,人民币/美元,日度,Frankfurter API
2021-02-16,USD_CNY,人民币/美元汇率（USD/CNY，1美元兑人民币）,6.4582,人民币/美元,日度,Frankfurter API
2021-02-17,USD_CNY,人民币/美元汇率（USD/CNY，1美元兑人民币）,6.4582,人民币/美元,日度,Frankfurter API
2021-02-18,USD_CNY,人民币/美元汇率（USD/CNY，1美元兑人民币）,6.469,人民币/美元,日度,Frankfurter API
2021-02-19,USD_CNY,人民币/美元汇率（USD/CNY，1美元兑人民币）,6.4518,人民币/美元,日度,Frankfurter API
2021-02-22,USD_CNY,人民币/美元汇率（USD/CNY，1美元兑人民币）,6.4656,人民币/美元,日度,Frankfurter API
2021-02-23,USD_CNY,人民币/美元汇率（USD/CNY，1美元兑人民币）,6.4651,人民币/美元,日度,Frankfurter API
2021-02-24,USD_CNY,人民币/美元汇率（USD/CNY，1美元兑人民币）,6.4517,人民币/美元,日度,Frankfurter API
2021-02-25,USD_CNY,人民币/美元汇率（USD/CNY，1美元兑人民币）,6.4538,人民币/美元,日度,Frankfurter API
2021-02-26,USD_CNY,人民币/美元汇率（USD/CNY，1美元兑人民币）,6.4669,人民币/美元,日度,Frankfurter API
2021-03-01,USD_CNY,人民币/美元汇率（USD/CNY，1美元兑人民币）,6.4689,人民币/美元,日度,Frankfurter API
2021-03-02,USD_CNY,人民币/美元汇率（USD/CNY，1美元兑人民币）,6.4716,人民币/美元,日度,Frankfurter API
2021-03-03,USD_CNY,人民币/美元汇率（USD/CNY，1美元兑人民币）,6.4656,人民币/美元,日度,Frankfurter API
2021-03-04,USD_CNY,人民币/美元汇率（USD/CNY，1美元兑人民币）,6.4688,人民币/美元,日度,Frankfurter API
2021-03-05,USD_CNY,人民币/美元汇率（USD/CNY，1美元兑人民币）,6.491,人民币/美元,日度,Frankfurter API
2021-03-08,USD_CNY,人民币/美元汇率（USD/CNY，1美元兑人民币）,6.5267,人民币/美元,日度,Frankfurter API
2021-03-09,USD_CNY,人民币/美元汇率（USD/CNY，1美元兑人民币）,6.514,人民币/美元,日度,Frankfurter API
2021-03-10,USD_CNY,人民币/美元汇率（USD/CNY，1美元兑人民币）,6.5114,人民币/美元,日度,Frankfurter API
2021-03-11,USD_CNY,人民币/美元汇率（USD/CNY，1美元兑人民币）,6.4846,人民币/美元,日度,Frankfurter API
2021-03-12,USD_CNY,人民币/美元汇率（USD/CNY，1美元兑人民币）,6.506,人民币/美元,日度,Frankfurter API
2021-03-15,USD_CNY,人民币/美元汇率（USD/CNY，1美元兑人民币）,6.5023,人民币/美元,日度,Frankfurter API
2021-03-16,USD_CNY,人民币/美元汇率（USD/CNY，1美元兑人民币）,6.5,人民币/美元,日度,Frankfurter API
2021-03-17,USD_CNY,人民币/美元汇率（USD/CNY，1美元兑人民币）,6.5033,人民币/美元,日度,Frankfurter API
2021-03-18,USD_CNY,人民币/美元汇率（USD/CNY，1美元兑人民币）,6.5066,人民币/美元,日度,Frankfurter API
2021-03-19,USD_CNY,人民币/美元汇率（USD/CNY，1美元兑人民币）,6.5102,人民币/美元,日度,Frankfurter API
2021-03-22,USD_CNY,人民币/美元汇率（USD/CNY，1美元兑人民币）,6.5053,人民币/美元,日度,Frankfurter API
2021-03-23,USD_CNY,人民币/美元汇率（USD/CNY，1美元兑人民币）,6.5107,人民币/美元,日度,Frankfurter API
2021-03-24,USD_CNY,人民币/美元汇率（USD/CNY，1美元兑人民币）,6.5229,人民币/美元,日度,Frankfurter API
2021-03-25,USD_CNY,人民币/美元汇率（USD/CNY，1美元兑人民币）,6.543,人民币/美元,日度,Frankfurter API
2021-03-26,USD_CNY,人民币/美元汇率（USD/CNY，1美元兑人民币）,6.5407,人民币/美元,日度,Frankfurter API
2021-03-29,USD_CNY,人民币/美元汇率（USD/CNY，1美元兑人民币）,6.5626,人民币/美元,日度,Frankfurter API
2021-03-30,USD_CNY,人民币/美元汇率（USD/CNY，1美元兑人民币）,6.5713,人民币/美元,日度,Frankfurter API
2021-03-31,USD_CNY,人民币/美元汇率（USD/CNY，1美元兑人民币）,6.5511,人民币/美元,日度,Frankfurter API
2021-04-01,USD_CNY,人民币/美元汇率（USD/CNY，1美元兑人民币）,6.572,人民币/美元,日度,Frankfurter API
2021-04-06,USD_CNY,人民币/美元汇率（USD/CNY，1美元兑人民币）,6.5518,人民币/美元,日度,Frankfurter API
2021-04-07,USD_CNY,人民币/美元汇率（USD/CNY，1美元兑人民币）,6.5433,人民币/美元,日度,Frankfurter API
2021-04-08,USD_CNY,人民币/美元汇率（USD/CNY，1美元兑人民币）,6.5484,人民币/美元,日度,Frankfurter API
2021-04-09,USD_CNY,人民币/美元汇率（USD/CNY，1美元兑人民币）,6.5557,人民币/美元,日度,Frankfurter API
2021-04-12,USD_CNY,人民币/美元汇率（USD/CNY，1美元兑人民币）,6.5446,人民币/美元,日度,Frankfurter API
2021-04-13,USD_CNY,人民币/美元汇率（USD/CNY，1美元兑人民币）,6.5488,人民币/美元,日度,Frankfurter API
2021-04-14,USD_CNY,人民币/美元汇率（USD/CNY，1美元兑人民币）,6.5318,人民币/美元,日度,Frankfurter API
2021-04-15,USD_CNY,人民币/美元汇率（USD/CNY，1美元兑人民币）,6.5271,人民币/美元,日度,Frankfurter API
2021-04-16,USD_CNY,人民币/美元汇率（USD/CNY，1美元兑人民币）,6.5207,人民币/美元,日度,Frankfurter API
2021-04-19,USD_CNY,人民币/美元汇率（USD/CNY，1美元兑人民币）,6.5079,人民币/美元,日度,Frankfurter API
2021-04-20,USD_CNY,人民币/美元汇率（USD/CNY，1美元兑人民币）,6.4976,人民币/美元,日度,Frankfurter API
2021-04-21,USD_CNY,人民币/美元汇率（USD/CNY，1美元兑人民币）,6.4971,人民币/美元,日度,Frankfurter API
2021-04-22,USD_CNY,人民币/美元汇率（USD/CNY，1美元兑人民币）,6.4902,人民币/美元,日度,Frankfurter API
2021-04-23,USD_CNY,人民币/美元汇率（USD/CNY，1美元兑人民币）,6.491,人民币/美元,日度,Frankfurter API
2021-04-26,USD_CNY,人民币/美元汇率（USD/CNY，1美元兑人民币）,6.4856,人民币/美元,日度,Frankfurter API
2021-04-27,USD_CNY,人民币/美元汇率（USD/CNY，1美元兑人民币）,6.4835,人民币/美元,日度,Frankfurter API
2021-04-28,USD_CNY,人民币/美元汇率（USD/CNY，1美元兑人民币）,6.4845,人民币/美元,日度,Frankfurter API
2021-04-29,USD_CNY,人民币/美元汇率（USD/CNY，1美元兑人民币）,6.469,人民币/美元,日度,Frankfurter API
2021-04-30,USD_CNY,人民币/美元汇率（USD/CNY，1美元兑人民币）,6.467,人民币/美元,日度,Frankfurter API
2021-05-03,USD_CNY,人民币/美元汇率（USD/CNY，1美元兑人民币）,6.4735,人民币/美元,日度,Frankfurter API
2021-05-04,USD_CNY,人民币/美元汇率（USD/CNY，1美元兑人民币）,6.5,人民币/美元,日度,Frankfurter API
2021-05-05,USD_CNY,人民币/美元汇率（USD/CNY，1美元兑人民币）,6.467,人民币/美元,日度,Frankfurter API
2021-05-06,USD_CNY,人民币/美元汇率（USD/CNY，1美元兑人民币）,6.4721,人民币/美元,日度,Frankfurter API
2021-05-07,USD_CNY,人民币/美元汇率（USD/CNY，1美元兑人民币）,6.4524,人民币/美元,日度,Frankfurter API
2021-05-10,USD_CNY,人民币/美元汇率（USD/CNY，1美元兑人民币）,6.4134,人民币/美元,日度,Frankfurter API
2021-05-11,USD_CNY,人民币/美元汇率（USD/CNY，1美元兑人民币）,6.4237,人民币/美元,日度,Frankfurter API
2021-05-12,USD_CNY,人民币/美元汇率（USD/CNY，1美元兑人民币）,6.4409,人民币/美元,日度,Frankfurter API
2021-05-13,USD_CNY,人民币/美元汇率（USD/CNY，1美元兑人民币）,6.4539,人民币/美元,日度,Frankfurter API
2021-05-14,USD_CNY,人民币/美元汇率（USD/CNY，1美元兑人民币）,6.436,人民币/美元,日度,Frankfurter API
2021-05-17,USD_CNY,人民币/美元汇率（USD/CNY，1美元兑人民币）,6.4421,人民币/美元,日度,Frankfurter API
2021-05-18,USD_CNY,人民币/美元汇率（USD/CNY，1美元兑人民币）,6.4229,人民币/美元,日度,Frankfurter API
2021-05-19,USD_CNY,人民币/美元汇率（USD/CNY，1美元兑人民币）,6.4358,人民币/美元,日度,Frankfurter API
2021-05-20,USD_CNY,人民币/美元汇率（USD/CNY，1美元兑人民币）,6.438,人民币/美元,日度,Frankfurter API
2021-05-21,USD_CNY,人民币/美元汇率（USD/CNY，1美元兑人民币）,6.432,人民币/美元,日度,Frankfurter API
2021-05-24,USD_CNY,人民币/美元汇率（USD/CNY，1美元兑人民币）,6.427,人民币/美元,日度,Frankfurter API
2021-05-25,USD_CNY,人民币/美元汇率（USD/CNY，1美元兑人民币）,6.4057,人民币/美元,日度,Frankfurter API
2021-05-26,USD_CNY,人民币/美元汇率（USD/CNY，1美元兑人民币）,6.3905,人民币/美元,日度,Frankfurter API
2021-05-27,USD_CNY,人民币/美元汇率（USD/CNY，1美元兑人民币）,6.3788,人民币/美元,日度,Frankfurter API
2021-05-28,USD_CNY,人民币/美元汇率（USD/CNY，1美元兑人民币）,6.3764,人民币/美元,日度,Frankfurter API
2021-05-31,USD_CNY,人民币/美元汇率（USD/CNY，1美元兑人民币）,6.3701,人民币/美元,日度,Frankfurter API
2021-06-01,USD_CNY,人民币/美元汇率（USD/CNY，1美元兑人民币）,6.3839,人民币/美元,日度,Frankfurter API
2021-06-02,USD_CNY,人民币/美元汇率（USD/CNY，1美元兑人民币）,6.3854,人民币/美元,日度,Frankfurter API
2021-06-03,USD_CNY,人民币/美元汇率（USD/CNY，1美元兑人民币）,6.3929,人民币/美元,日度,Frankfurter API
2021-06-04,USD_CNY,人民币/美元汇率（USD/CNY，1美元兑人民币）,6.4098,人民币/美元,日度,Frankfurter API
2021-06-07,USD_CNY,人民币/美元汇率（USD/CNY，1美元兑人民币）,6.3966,人民币/美元,日度,Frankfurter API
2021-06-08,USD_CNY,人民币/美元汇率（USD/CNY，1美元兑人民币）,6.3978,人民币/美元,日度,Frankfurter API
2021-06-09,USD_CNY,人民币/美元汇率（USD/CNY，1美元兑人民币）,6.3861,人民币/美元,日度,Frankfurter API
2021-06-10,USD_CNY,人民币/美元汇率（USD/CNY，1美元兑人民币）,6.393,人民币/美元,日度,Frankfurter API
2021-06-11,USD_CNY,人民币/美元汇率（USD/CNY，1美元兑人民币）,6.3933,人民币/美元,日度,Frankfurter API
2021-06-14,USD_CNY,人民币/美元汇率（USD/CNY，1美元兑人民币）,6.3987,人民币/美元,日度,Frankfurter API
2021-06-15,USD_CNY,人民币/美元汇率（USD/CNY，1美元兑人民币）,6.4009,人民币/美元,日度,Frankfurter API
2021-06-16,USD_CNY,人民币/美元汇率（USD/CNY，1美元兑人民币）,6.399,人民币/美元,日度,Frankfurter API
2021-06-17,USD_CNY,人民币/美元汇率（USD/CNY，1美元兑人民币）,6.4402,人民币/美元,日度,Frankfurter API
2021-06-18,USD_CNY,人民币/美元汇率（USD/CNY，1美元兑人民币）,6.4397,人民币/美元,日度,Frankfurter API
2021-06-21,USD_CNY,人民币/美元汇率（USD/CNY，1美元兑人民币）,6.4684,人民币/美元,日度,Frankfurter API
2021-06-22,USD_CNY,人民币/美元汇率（USD/CNY，1美元兑人民币）,6.475,人民币/美元,日度,Frankfurter API
2021-06-23,USD_CNY,人民币/美元汇率（USD/CNY，1美元兑人民币）,6.4759,人民币/美元,日度,Frankfurter API
2021-06-24,USD_CNY,人民币/美元汇率（USD/CNY，1美元兑人民币）,6.4672,人民币/美元,日度,Frankfurter API
2021-06-25,USD_CNY,人民币/美元汇率（USD/CNY，1美元兑人民币）,6.4551,人民币/美元,日度,Frankfurter API
2021-06-28,USD_CNY,人民币/美元汇率（USD/CNY，1美元兑人民币）,6.4586,人民币/美元,日度,Frankfurter API
2021-06-29,USD_CNY,人民币/美元汇率（USD/CNY，1美元兑人民币）,6.4615,人民币/美元,日度,Frankfurter API
2021-06-30,USD_CNY,人民币/美元汇率（USD/CNY，1美元兑人民币）,6.4576,人民币/美元,日度,Frankfurter API
2021-07-01,USD_CNY,人民币/美元汇率（USD/CNY，1美元兑人民币）,6.466,人民币/美元,日度,Frankfurter API
2021-07-02,USD_CNY,人民币/美元汇率（USD/CNY，1美元兑人民币）,6.4784,人民币/美元,日度,Frankfurter API
2021-07-05,USD_CNY,人民币/美元汇率（USD/CNY，1美元兑人民币）,6.4619,人民币/美元,日度,Frankfurter API
2021-07-06,USD_CNY,人民币/美元汇率（USD/CNY，1美元兑人民币）,6.466,人民币/美元,日度,Frankfurter API
2021-07-07,USD_CNY,人民币/美元汇率（USD/CNY，1美元兑人民币）,6.4642,人民币/美元,日度,Frankfurter API
2021-07-08,USD_CNY,人民币/美元汇率（USD/CNY，1美元兑人民币）,6.4903,人民币/美元,日度,Frankfurter API
2021-07-09,USD_CNY,人民币/美元汇率（USD/CNY，1美元兑人民币）,6.4795,人民币/美元,日度,Frankfurter API
2021-07-12,USD_CNY,人民币/美元汇率（USD/CNY，1美元兑人民币）,6.4758,人民币/美元,日度,Frankfurter API
2021-07-13,USD_CNY,人民币/美元汇率（USD/CNY，1美元兑人民币）,6.4672,人民币/美元,日度,Frankfurter API
2021-07-14,USD_CNY,人民币/美元汇率（USD/CNY，1美元兑人民币）,6.4568,人民币/美元,日度,Frankfurter API
2021-07-15,USD_CNY,人民币/美元汇率（USD/CNY，1美元兑人民币）,6.4615,人民币/美元,日度,Frankfurter API
2021-07-16,USD_CNY,人民币/美元汇率（USD/CNY，1美元兑人民币）,6.4712,人民币/美元,日度,Frankfurter API
2021-07-19,USD_CNY,人民币/美元汇率（USD/CNY，1美元兑人民币）,6.4885,人民币/美元,日度,Frankfurter API
2021-07-20,USD_CNY,人民币/美元汇率（USD/CNY，1美元兑人民币）,6.4803,人民币/美元,日度,Frankfurter API
2021-07-21,USD_CNY,人民币/美元汇率（USD/CNY，1美元兑人民币）,6.4731,人民币/美元,日度,Frankfurter API
2021-07-22,USD_CNY,人民币/美元汇率（USD/CNY，1美元兑人民币）,6.4673,人民币/美元,日度,Frankfurter API
2021-07-23,USD_CNY,人民币/美元汇率（USD/CNY，1美元兑人民币）,6.4778,人民币/美元,日度,Frankfurter API
2021-07-26,USD_CNY,人民币/美元汇率（USD/CNY，1美元兑人民币）,6.4839,人民币/美元,日度,Frankfurter API
2021-07-27,USD_CNY,人民币/美元汇率（USD/CNY，1美元兑人民币）,6.5029,人民币/美元,日度,Frankfurter API
2021-07-28,USD_CNY,人民币/美元汇率（USD/CNY，1美元兑人民币）,6.498,人民币/美元,日度,Frankfurter API
2021-07-29,USD_CNY,人民币/美元汇率（USD/CNY，1美元兑人民币）,6.4593,人民币/美元,日度,Frankfurter API
2021-07-30,USD_CNY,人民币/美元汇率（USD/CNY，1美元兑人民币）,6.4619,人民币/美元,日度,Frankfurter API
2021-08-02,USD_CNY,人民币/美元汇率（USD/CNY，1美元兑人民币）,6.462,人民币/美元,日度,Frankfurter API
2021-08-03,USD_CNY,人民币/美元汇率（USD/CNY，1美元兑人民币）,6.4634,人民币/美元,日度,Frankfurter API
2021-08-04,USD_CNY,人民币/美元汇率（USD/CNY，1美元兑人民币）,6.4613,人民币/美元,日度,Frankfurter API
2021-08-05,USD_CNY,人民币/美元汇率（USD/CNY，1美元兑人民币）,6.4603,人民币/美元,日度,Frankfurter API
2021-08-06,USD_CNY,人民币/美元汇率（USD/CNY，1美元兑人民币）,6.469,人民币/美元,日度,Frankfurter API
2021-08-09,USD_CNY,人民币/美元汇率（USD/CNY，1美元兑人民币）,6.4782,人民币/美元,日度,Frankfurter API
2021-08-10,USD_CNY,人民币/美元汇率（USD/CNY，1美元兑人民币）,6.4814,人民币/美元,日度,Frankfurter API
2021-08-11,USD_CNY,人民币/美元汇率（USD/CNY，1美元兑人民币）,6.4854,人民币/美元,日度,Frankfurter API
2021-08-12,USD_CNY,人民币/美元汇率（USD/CNY，1美元兑人民币）,6.4772,人民币/美元,日度,Frankfurter API
2021-08-13,USD_CNY,人民币/美元汇率（USD/CNY，1美元兑人民币）,6.48,人民币/美元,日度,Frankfurter API
2021-08-16,USD_CNY,人民币/美元汇率（USD/CNY，1美元兑人民币）,6.4766,人民币/美元,日度,Frankfurter API
2021-08-17,USD_CNY,人民币/美元汇率（USD/CNY，1美元兑人民币）,6.4795,人民币/美元,日度,Frankfurter API
2021-08-18,USD_CNY,人民币/美元汇率（USD/CNY，1美元兑人民币）,6.4809,人民币/美元,日度,Frankfurter API
2021-08-19,USD_CNY,人民币/美元汇率（USD/CNY，1美元兑人民币）,6.4895,人民币/美元,日度,Frankfurter API
2021-08-20,USD_CNY,人民币/美元汇率（USD/CNY，1美元兑人民币）,6.4994,人民币/美元,日度,Frankfurter API
2021-08-23,USD_CNY,人民币/美元汇率（USD/CNY，1美元兑人民币）,6.4849,人民币/美元,日度,Frankfurter API
2021-08-24,USD_CNY,人民币/美元汇率（USD/CNY，1美元兑人民币）,6.4772,人民币/美元,日度,Frankfurter API
2021-08-25,USD_CNY,人民币/美元汇率（USD/CNY，1美元兑人民币）,6.4784,人民币/美元,日度,Frankfurter API
2021-08-26,USD_CNY,人民币/美元汇率（USD/CNY，1美元兑人民币）,6.483,人民币/美元,日度,Frankfurter API
2021-08-27,USD_CNY,人民币/美元汇率（USD/CNY，1美元兑人民币）,6.4786,人民币/美元,日度,Frankfurter API
2021-08-30,USD_CNY,人民币/美元汇率（USD/CNY，1美元兑人民币）,6.4695,人民币/美元,日度,Frankfurter API
2021-08-31,USD_CNY,人民币/美元汇率（USD/CNY，1美元兑人民币）,6.4615,人民币/美元,日度,Frankfurter API
2021-09-01,USD_CNY,人民币/美元汇率（USD/CNY，1美元兑人民币）,6.467,人民币/美元,日度,Frankfurter API
2021-09-02,USD_CNY,人民币/美元汇率（USD/CNY，1美元兑人民币）,6.4581,人民币/美元,日度,Frankfurter API
2021-09-03,USD_CNY,人民币/美元汇率（USD/CNY，1美元兑人民币）,6.4484,人民币/美元,日度,Frankfurter API
2021-09-06,USD_CNY,人民币/美元汇率（USD/CNY，1美元兑人民币）,6.4574,人民币/美元,日度,Frankfurter API
2021-09-07,USD_CNY,人民币/美元汇率（USD/CNY，1美元兑人民币）,6.4646,人民币/美元,日度,Frankfurter API
2021-09-08,USD_CNY,人民币/美元汇率（USD/CNY，1美元兑人民币）,6.4578,人民币/美元,日度,Frankfurter API
2021-09-09,USD_CNY,人民币/美元汇率（USD/CNY，1美元兑人民币）,6.454,人民币/美元,日度,Frankfurter API
2021-09-10,USD_CNY,人民币/美元汇率（USD/CNY，1美元兑人民币）,6.4376,人民币/美元,日度,Frankfurter API
2021-09-13,USD_CNY,人民币/美元汇率（USD/CNY，1美元兑人民币）,6.4566,人民币/美元,日度,Frankfurter API
2021-09-14,USD_CNY,人民币/美元汇率（USD/CNY，1美元兑人民币）,6.4473,人民币/美元,日度,Frankfurter API
2021-09-15,USD_CNY,人民币/美元汇率（USD/CNY，1美元兑人民币）,6.4334,人民币/美元,日度,Frankfurter API
2021-09-16,USD_CNY,人民币/美元汇率（USD/CNY，1美元兑人民币）,6.4481,人民币/美元,日度,Frankfurter API
2021-09-17,USD_CNY,人民币/美元汇率（USD/CNY，1美元兑人民币）,6.4553,人民币/美元,日度,Frankfurter API
2021-09-20,USD_CNY,人民币/美元汇率（USD/CNY，1美元兑人民币）,6.4662,人民币/美元,日度,Frankfurter API
2021-09-21,USD_CNY,人民币/美元汇率（USD/CNY，1美元兑人民币）,6.47,人民币/美元,日度,Frankfurter API
2021-09-22,USD_CNY,人民币/美元汇率（USD/CNY，1美元兑人民币）,6.4669,人民币/美元,日度,Frankfurter API
2021-09-23,USD_CNY,人民币/美元汇率（USD/CNY，1美元兑人民币）,6.4569,人民币/美元,日度,Frankfurter API
2021-09-24,USD_CNY,人民币/美元汇率（USD/CNY，1美元兑人民币）,6.4684,人民币/美元,日度,Frankfurter API
2021-09-27,USD_CNY,人民币/美元汇率（USD/CNY，1美元兑人民币）,6.4634,人民币/美元,日度,Frankfurter API
2021-09-28,USD_CNY,人民币/美元汇率（USD/CNY，1美元兑人民币）,6.4594,人民币/美元,日度,Frankfurter API
2021-09-29,USD_CNY,人民币/美元汇率（USD/CNY，1美元兑人民币）,6.4653,人民币/美元,日度,Frankfurter API
2021-09-30,USD_CNY,人民币/美元汇率（USD/CNY，1美元兑人民币）,6.464,人民币/美元,日度,Frankfurter API
2021-10-01,USD_CNY,人民币/美元汇率（USD/CNY，1美元兑人民币）,6.4466,人民币/美元,日度,Frankfurter API
2021-10-04,USD_CNY,人民币/美元汇率（USD/CNY，1美元兑人民币）,6.4466,人民币/美元,日度,Frankfurter API
2021-10-05,USD_CNY,人民币/美元汇率（USD/CNY，1美元兑人民币）,6.4476,人民币/美元,日度,Frankfurter API
2021-10-06,USD_CNY,人民币/美元汇率（USD/CNY，1美元兑人民币）,6.4466,人民币/美元,日度,Frankfurter API
2021-10-07,USD_CNY,人民币/美元汇率（USD/CNY，1美元兑人民币）,6.4466,人民币/美元,日度,Frankfurter API
2021-10-08,USD_CNY,人民币/美元汇率（USD/CNY，1美元兑人民币）,6.4475,人民币/美元,日度,Frankfurter API
2021-10-11,USD_CNY,人民币/美元汇率（USD/CNY，1美元兑人民币）,6.4493,人民币/美元,日度,Frankfurter API
2021-10-12,USD_CNY,人民币/美元汇率（USD/CNY，1美元兑人民币）,6.4493,人民币/美元,日度,Frankfurter API
2021-10-13,USD_CNY,人民币/美元汇率（USD/CNY，1美元兑人民币）,6.442,人民币/美元,日度,Frankfurter API
2021-10-14,USD_CNY,人民币/美元汇率（USD/CNY，1美元兑人民币）,6.4371,人民币/美元,日度,Frankfurter API
2021-10-15,USD_CNY,人民币/美元汇率（USD/CNY，1美元兑人民币）,6.4354,人民币/美元,日度,Frankfurter API
2021-10-18,USD_CNY,人民币/美元汇率（USD/CNY，1美元兑人民币）,6.4303,人民币/美元,日度,Frankfurter API
2021-10-19,USD_CNY,人民币/美元汇率（USD/CNY，1美元兑人民币）,6.389,人民币/美元,日度,Frankfurter API
2021-10-20,USD_CNY,人民币/美元汇率（USD/CNY，1美元兑人民币）,6.3927,人民币/美元,日度,Frankfurter API
2021-10-21,USD_CNY,人民币/美元汇率（USD/CNY，1美元兑人民币）,6.3988,人民币/美元,日度,Frankfurter API
2021-10-22,USD_CNY,人民币/美元汇率（USD/CNY，1美元兑人民币）,6.3918,人民币/美元,日度,Frankfurter API
2021-10-25,USD_CNY,人民币/美元汇率（USD/CNY，1美元兑人民币）,6.3899,人民币/美元,日度,Frankfurter API
2021-10-26,USD_CNY,人民币/美元汇率（USD/CNY，1美元兑人民币）,6.3801,人民币/美元,日度,Frankfurter API
2021-10-27,USD_CNY,人民币/美元汇率（USD/CNY，1美元兑人民币）,6.3924,人民币/美元,日度,Frankfurter API
2021-10-28,USD_CNY,人民币/美元汇率（USD/CNY，1美元兑人民币）,6.3977,人民币/美元,日度,Frankfurter API
2021-10-29,USD_CNY,人民币/美元汇率（USD/CNY，1美元兑人民币）,6.3966,人民币/美元,日度,Frankfurter API
2021-11-01,USD_CNY,人民币/美元汇率（USD/CNY，1美元兑人民币）,6.3981,人民币/美元,日度,Frankfurter API
2021-11-02,USD_CNY,人民币/美元汇率（USD/CNY，1美元兑人民币）,6.3983,人民币/美元,日度,Frankfurter API
2021-11-03,USD_CNY,人民币/美元汇率（USD/CNY，1美元兑人民币）,6.3985,人民币/美元,日度,Frankfurter API
2021-11-04,USD_CNY,人民币/美元汇率（USD/CNY，1美元兑人民币）,6.3949,人民币/美元,日度,Frankfurter API
2021-11-05,USD_CNY,人民币/美元汇率（USD/CNY，1美元兑人民币）,6.403,人民币/美元,日度,Frankfurter API
2021-11-08,USD_CNY,人民币/美元汇率（USD/CNY，1美元兑人民币）,6.395,人民币/美元,日度,Frankfurter API
2021-11-09,USD_CNY,人民币/美元汇率（USD/CNY，1美元兑人民币）,6.391,人民币/美元,日度,Frankfurter API
2021-11-10,USD_CNY,人民币/美元汇率（USD/CNY，1美元兑人民币）,6.3909,人民币/美元,日度,Frankfurter API
2021-11-11,USD_CNY,人民币/美元汇率（USD/CNY，1美元兑人民币）,6.3955,人民币/美元,日度,Frankfurter API
2021-11-12,USD_CNY,人民币/美元汇率（USD/CNY，1美元兑人民币）,6.3808,人民币/美元,日度,Frankfurter API
2021-11-15,USD_CNY,人民币/美元汇率（USD/CNY，1美元兑人民币）,6.3819,人民币/美元,日度,Frankfurter API
2021-11-16,USD_CNY,人民币/美元汇率（USD/CNY，1美元兑人民币）,6.3887,人民币/美元,日度,Frankfurter API
2021-11-17,USD_CNY,人民币/美元汇率（USD/CNY，1美元兑人民币）,6.3777,人民币/美元,日度,Frankfurter API
2021-11-18,USD_CNY,人民币/美元汇率（USD/CNY，1美元兑人民币）,6.3833,人民币/美元,日度,Frankfurter API
2021-11-19,USD_CNY,人民币/美元汇率（USD/CNY，1美元兑人民币）,6.3905,人民币/美元,日度,Frankfurter API
2021-11-22,USD_CNY,人民币/美元汇率（USD/CNY，1美元兑人民币）,6.3819,人民币/美元,日度,Frankfurter API
2021-11-23,USD_CNY,人民币/美元汇率（USD/CNY，1美元兑人民币）,6.3898,人民币/美元,日度,Frankfurter API
2021-11-24,USD_CNY,人民币/美元汇率（USD/CNY，1美元兑人民币）,6.3894,人民币/美元,日度,Frankfurter API
2021-11-25,USD_CNY,人民币/美元汇率（USD/CNY，1美元兑人民币）,6.3865,人民币/美元,日度,Frankfurter API
2021-11-26,USD_CNY,人民币/美元汇率（USD/CNY，1美元兑人民币）,6.39,人民币/美元,日度,Frankfurter API
2021-11-29,USD_CNY,人民币/美元汇率（USD/CNY，1美元兑人民币）,6.3854,人民币/美元,日度,Frankfurter API
2021-11-30,USD_CNY,人民币/美元汇率（USD/CNY，1美元兑人民币）,6.3711,人民币/美元,日度,Frankfurter API
2021-12-01,USD_CNY,人民币/美元汇率（USD/CNY，1美元兑人民币）,6.3695,人民币/美元,日度,Frankfurter API
2021-12-02,USD_CNY,人民币/美元汇率（USD/CNY，1美元兑人民币）,6.376,人民币/美元,日度,Frankfurter API
2021-12-03,USD_CNY,人民币/美元汇率（USD/CNY，1美元兑人民币）,6.371,人民币/美元,日度,Frankfurter API
2021-12-06,USD_CNY,人民币/美元汇率（USD/CNY，1美元兑人民币）,6.3778,人民币/美元,日度,Frankfurter API
2021-12-07,USD_CNY,人民币/美元汇率（USD/CNY，1美元兑人民币）,6.3674,人民币/美元,日度,Frankfurter API
2021-12-08,USD_CNY,人民币/美元汇率（USD/CNY，1美元兑人民币）,6.348,人民币/美元,日度,Frankfurter API
2021-12-09,USD_CNY,人民币/美元汇率（USD/CNY，1美元兑人民币）,6.3756,人民币/美元,日度,Frankfurter API
2021-12-10,USD_CNY,人民币/美元汇率（USD/CNY，1美元兑人民币）,6.3704,人民币/美元,日度,Frankfurter API
2021-12-13,USD_CNY,人民币/美元汇率（USD/CNY，1美元兑人民币）,6.3643,人民币/美元,日度,Frankfurter API
2021-12-14,USD_CNY,人民币/美元汇率（USD/CNY，1美元兑人民币）,6.3627,人民币/美元,日度,Frankfurter API
2021-12-15,USD_CNY,人民币/美元汇率（USD/CNY，1美元兑人民币）,6.3657,人民币/美元,日度,Frankfurter API
2021-12-16,USD_CNY,人民币/美元汇率（USD/CNY，1美元兑人民币）,6.3676,人民币/美元,日度,Frankfurter API
2021-12-17,USD_CNY,人民币/美元汇率（USD/CNY，1美元兑人民币）,6.3755,人民币/美元,日度,Frankfurter API
2021-12-20,USD_CNY,人民币/美元汇率（USD/CNY，1美元兑人民币）,6.3765,人民币/美元,日度,Frankfurter API
2021-12-21,USD_CNY,人民币/美元汇率（USD/CNY，1美元兑人民币）,6.3714,人民币/美元,日度,Frankfurter API
2021-12-22,USD_CNY,人民币/美元汇率（USD/CNY，1美元兑人民币）,6.371,人民币/美元,日度,Frankfurter API
2021-12-23,USD_CNY,人民币/美元汇率（USD/CNY，1美元兑人民币）,6.371,人民币/美元,日度,Frankfurter API
2021-12-24,USD_CNY,人民币/美元汇率（USD/CNY，1美元兑人民币）,6.3678,人民币/美元,日度,Frankfurter API
2021-12-27,USD_CNY,人民币/美元汇率（USD/CNY，1美元兑人民币）,6.3726,人民币/美元,日度,Frankfurter API
2021-12-28,USD_CNY,人民币/美元汇率（USD/CNY，1美元兑人民币）,6.3683,人民币/美元,日度,Frankfurter API
2021-12-29,USD_CNY,人民币/美元汇率（USD/CNY，1美元兑人民币）,6.3695,人民币/美元,日度,Frankfurter API
2021-12-30,USD_CNY,人民币/美元汇率（USD/CNY，1美元兑人民币）,6.3729,人民币/美元,日度,Frankfurter API
2021-12-31,USD_CNY,人民币/美元汇率（USD/CNY，1美元兑人民币）,6.3524,人民币/美元,日度,Frankfurter API
2022-01-03,USD_CNY,人民币/美元汇率（USD/CNY，1美元兑人民币）,6.3561,人民币/美元,日度,Frankfurter API
2022-01-04,USD_CNY,人民币/美元汇率（USD/CNY，1美元兑人民币）,6.3768,人民币/美元,日度,Frankfurter API
2022-01-05,USD_CNY,人民币/美元汇率（USD/CNY，1美元兑人民币）,6.3687,人民币/美元,日度,Frankfurter API
2022-01-06,USD_CNY,人民币/美元汇率（USD/CNY，1美元兑人民币）,6.3798,人民币/美元,日度,Frankfurter API
2022-01-07,USD_CNY,人民币/美元汇率（USD/CNY，1美元兑人民币）,6.3781,人民币/美元,日度,Frankfurter API
2022-01-10,USD_CNY,人民币/美元汇率（USD/CNY，1美元兑人民币）,6.3729,人民币/美元,日度,Frankfurter API
2022-01-11,USD_CNY,人民币/美元汇率（USD/CNY，1美元兑人民币）,6.3739,人民币/美元,日度,Frankfurter API
2022-01-12,USD_CNY,人民币/美元汇率（USD/CNY，1美元兑人民币）,6.3658,人民币/美元,日度,Frankfurter API
2022-01-13,USD_CNY,人民币/美元汇率（USD/CNY，1美元兑人民币）,6.3607,人民币/美元,日度,Frankfurter API
2022-01-14,USD_CNY,人民币/美元汇率（USD/CNY，1美元兑人民币）,6.3535,人民币/美元,日度,Frankfurter API
2022-01-17,USD_CNY,人民币/美元汇率（USD/CNY，1美元兑人民币）,6.3494,人民币/美元,日度,Frankfurter API
2022-01-18,USD_CNY,人民币/美元汇率（USD/CNY，1美元兑人民币）,6.3528,人民币/美元,日度,Frankfurter API
2022-01-19,USD_CNY,人民币/美元汇率（USD/CNY，1美元兑人民币）,6.3467,人民币/美元,日度,Frankfurter API
2022-01-20,USD_CNY,人民币/美元汇率（USD/CNY，1美元兑人民币）,6.3447,人民币/美元,日度,Frankfurter API
2022-01-21,USD_CNY,人民币/美元汇率（USD/CNY，1美元兑人民币）,6.34,人民币/美元,日度,Frankfurter API
2022-01-24,USD_CNY,人民币/美元汇率（USD/CNY，1美元兑人民币）,6.3281,人民币/美元,日度,Frankfurter API
2022-01-25,USD_CNY,人民币/美元汇率（USD/CNY，1美元兑人民币）,6.3299,人民币/美元,日度,Frankfurter API
2022-01-26,USD_CNY,人民币/美元汇率（USD/CNY，1美元兑人民币）,6.322,人民币/美元,日度,Frankfurter API
2022-01-27,USD_CNY,人民币/美元汇率（USD/CNY，1美元兑人民币）,6.3675,人民币/美元,日度,Frankfurter API
2022-01-28,USD_CNY,人民币/美元汇率（USD/CNY，1美元兑人民币）,6.3617,人民币/美元,日度,Frankfurter API
2022-01-31,USD_CNY,人民币/美元汇率（USD/CNY，1美元兑人民币）,6.361,人民币/美元,日度,Frankfurter API
2022-02-01,USD_CNY,人民币/美元汇率（USD/CNY，1美元兑人民币）,6.361,人民币/美元,日度,Frankfurter API
2022-02-02,USD_CNY,人民币/美元汇率（USD/CNY，1美元兑人民币）,6.361,人民币/美元,日度,Frankfurter API
2022-02-03,USD_CNY,人民币/美元汇率（USD/CNY，1美元兑人民币）,6.3614,人民币/美元,日度,Frankfurter API
2022-02-04,USD_CNY,人民币/美元汇率（USD/CNY，1美元兑人民币）,6.361,人民币/美元,日度,Frankfurter API
2022-02-07,USD_CNY,人民币/美元汇率（USD/CNY，1美元兑人民币）,6.3604,人民币/美元,日度,Frankfurter API
2022-02-08,USD_CNY,人民币/美元汇率（USD/CNY，1美元兑人民币）,6.3671,人民币/美元,日度,Frankfurter API
2022-02-09,USD_CNY,人民币/美元汇率（USD/CNY，1美元兑人民币）,6.3628,人民币/美元,日度,Frankfurter API
2022-02-10,USD_CNY,人民币/美元汇率（USD/CNY，1美元兑人民币）,6.3574,人民币/美元,日度,Frankfurter API
2022-02-11,USD_CNY,人民币/美元汇率（USD/CNY，1美元兑人民币）,6.3558,人民币/美元,日度,Frankfurter API
2022-02-14,USD_CNY,人民币/美元汇率（USD/CNY，1美元兑人民币）,6.3571,人民币/美元,日度,Frankfurter API
2022-02-15,USD_CNY,人民币/美元汇率（USD/CNY，1美元兑人民币）,6.3437,人民币/美元,日度,Frankfurter API
2022-02-16,USD_CNY,人民币/美元汇率（USD/CNY，1美元兑人民币）,6.3402,人民币/美元,日度,Frankfurter API
2022-02-17,USD_CNY,人民币/美元汇率（USD/CNY，1美元兑人民币）,6.3377,人民币/美元,日度,Frankfurter API
2022-02-18,USD_CNY,人民币/美元汇率（USD/CNY，1美元兑人民币）,6.3273,人民币/美元,日度,Frankfurter API
2022-02-21,USD_CNY,人民币/美元汇率（USD/CNY，1美元兑人民币）,6.3354,人民币/美元,日度,Frankfurter API
2022-02-22,USD_CNY,人民币/美元汇率（USD/CNY，1美元兑人民币）,6.3279,人民币/美元,日度,Frankfurter API
2022-02-23,USD_CNY,人民币/美元汇率（USD/CNY，1美元兑人民币）,6.3178,人民币/美元,日度,Frankfurter API
2022-02-24,USD_CNY,人民币/美元汇率（USD/CNY，1美元兑人民币）,6.3246,人民币/美元,日度,Frankfurter API
2022-02-25,USD_CNY,人民币/美元汇率（USD/CNY，1美元兑人民币）,6.3149,人民币/美元,日度,Frankfurter API
2022-02-28,USD_CNY,人民币/美元汇率（USD/CNY，1美元兑人民币）,6.3104,人民币/美元,日度,Frankfurter API
2022-03-01,USD_CNY,人民币/美元汇率（USD/CNY，1美元兑人民币）,6.3127,人民币/美元,日度,Frankfurter API
2022-03-02,USD_CNY,人民币/美元汇率（USD/CNY，1美元兑人民币）,6.3167,人民币/美元,日度,Frankfurter API
2022-03-03,USD_CNY,人民币/美元汇率（USD/CNY，1美元兑人民币）,6.3196,人民币/美元,日度,Frankfurter API
2022-03-04,USD_CNY,人民币/美元汇率（USD/CNY，1美元兑人民币）,6.3194,人民币/美元,日度,Frankfurter API
2022-03-07,USD_CNY,人民币/美元汇率（USD/CNY，1美元兑人民币）,6.319,人民币/美元,日度,Frankfurter API
2022-03-08,USD_CNY,人民币/美元汇率（USD/CNY，1美元兑人民币）,6.317,人民币/美元,日度,Frankfurter API
2022-03-09,USD_CNY,人民币/美元汇率（USD/CNY，1美元兑人民币）,6.318,人民币/美元,日度,Frankfurter API
2022-03-10,USD_CNY,人民币/美元汇率（USD/CNY，1美元兑人民币）,6.3211,人民币/美元,日度,Frankfurter API
2022-03-11,USD_CNY,人民币/美元汇率（USD/CNY，1美元兑人民币）,6.336,人民币/美元,日度,Frankfurter API
2022-03-14,USD_CNY,人民币/美元汇率（USD/CNY，1美元兑人民币）,6.363,人民币/美元,日度,Frankfurter API
2022-03-15,USD_CNY,人民币/美元汇率（USD/CNY，1美元兑人民币）,6.3795,人民币/美元,日度,Frankfurter API
2022-03-16,USD_CNY,人民币/美元汇率（USD/CNY，1美元兑人民币）,6.3505,人民币/美元,日度,Frankfurter API
2022-03-17,USD_CNY,人民币/美元汇率（USD/CNY，1美元兑人民币）,6.3502,人民币/美元,日度,Frankfurter API
2022-03-18,USD_CNY,人民币/美元汇率（USD/CNY，1美元兑人民币）,6.3618,人民币/美元,日度,Frankfurter API
2022-03-21,USD_CNY,人民币/美元汇率（USD/CNY，1美元兑人民币）,6.3555,人民币/美元,日度,Frankfurter API
2022-03-22,USD_CNY,人民币/美元汇率（USD/CNY，1美元兑人民币）,6.3622,人民币/美元,日度,Frankfurter API
2022-03-23,USD_CNY,人民币/美元汇率（USD/CNY，1美元兑人民币）,6.3726,人民币/美元,日度,Frankfurter API
2022-03-24,USD_CNY,人民币/美元汇率（USD/CNY，1美元兑人民币）,6.3703,人民币/美元,日度,Frankfurter API
2022-03-25,USD_CNY,人民币/美元汇率（USD/CNY，1美元兑人民币）,6.3631,人民币/美元,日度,Frankfurter API
2022-03-28,USD_CNY,人民币/美元汇率（USD/CNY，1美元兑人民币）,6.3708,人民币/美元,日度,Frankfurter API
2022-03-29,USD_CNY,人民币/美元汇率（USD/CNY，1美元兑人民币）,6.3645,人民币/美元,日度,Frankfurter API
2022-03-30,USD_CNY,人民币/美元汇率（USD/CNY，1美元兑人民币）,6.3514,人民币/美元,日度,Frankfurter API
2022-03-31,USD_CNY,人民币/美元汇率（USD/CNY，1美元兑人民币）,6.342,人民币/美元,日度,Frankfurter API
2022-04-01,USD_CNY,人民币/美元汇率（USD/CNY，1美元兑人民币）,6.3618,人民币/美元,日度,Frankfurter API
2022-04-04,USD_CNY,人民币/美元汇率（USD/CNY，1美元兑人民币）,6.3631,人民币/美元,日度,Frankfurter API
2022-04-05,USD_CNY,人民币/美元汇率（USD/CNY，1美元兑人民币）,6.3618,人民币/美元,日度,Frankfurter API
2022-04-06,USD_CNY,人民币/美元汇率（USD/CNY，1美元兑人民币）,6.3625,人民币/美元,日度,Frankfurter API
2022-04-07,USD_CNY,人民币/美元汇率（USD/CNY，1美元兑人民币）,6.362,人民币/美元,日度,Frankfurter API
2022-04-08,USD_CNY,人民币/美元汇率（USD/CNY，1美元兑人民币）,6.3636,人民币/美元,日度,Frankfurter API
2022-04-11,USD_CNY,人民币/美元汇率（USD/CNY，1美元兑人民币）,6.3674,人民币/美元,日度,Frankfurter API
2022-04-12,USD_CNY,人民币/美元汇率（USD/CNY，1美元兑人民币）,6.3713,人民币/美元,日度,Frankfurter API
2022-04-13,USD_CNY,人民币/美元汇率（USD/CNY，1美元兑人民币）,6.3679,人民币/美元,日度,Frankfurter API
2022-04-14,USD_CNY,人民币/美元汇率（USD/CNY，1美元兑人民币）,6.3725,人民币/美元,日度,Frankfurter API
2022-04-19,USD_CNY,人民币/美元汇率（USD/CNY，1美元兑人民币）,6.3879,人民币/美元,日度,Frankfurter API
2022-04-20,USD_CNY,人民币/美元汇率（USD/CNY，1美元兑人民币）,6.4126,人民币/美元,日度,Frankfurter API
2022-04-21,USD_CNY,人民币/美元汇率（USD/CNY，1美元兑人民币）,6.4506,人民币/美元,日度,Frankfurter API
2022-04-22,USD_CNY,人民币/美元汇率（USD/CNY，1美元兑人民币）,6.502,人民币/美元,日度,Frankfurter API
2022-04-25,USD_CNY,人民币/美元汇率（USD/CNY，1美元兑人民币）,6.5511,人民币/美元,日度,Frankfurter API
2022-04-26,USD_CNY,人民币/美元汇率（USD/CNY，1美元兑人民币）,6.5427,人民币/美元,日度,Frankfurter API
2022-04-27,USD_CNY,人民币/美元汇率（USD/CNY，1美元兑人民币）,6.5555,人民币/美元,日度,Frankfurter API
2022-04-28,USD_CNY,人民币/美元汇率（USD/CNY，1美元兑人民币）,6.6172,人民币/美元,日度,Frankfurter API
2022-04-29,USD_CNY,人民币/美元汇率（USD/CNY，1美元兑人民币）,6.5883,人民币/美元,日度,Frankfurter API
2022-05-02,USD_CNY,人民币/美元汇率（USD/CNY，1美元兑人民币）,6.6085,人民币/美元,日度,Frankfurter API
2022-05-03,USD_CNY,人民币/美元汇率（USD/CNY，1美元兑人民币）,6.6085,人民币/美元,日度,Frankfurter API
2022-05-04,USD_CNY,人民币/美元汇率（USD/CNY，1美元兑人民币）,6.6085,人民币/美元,日度,Frankfurter API
2022-05-05,USD_CNY,人民币/美元汇率（USD/CNY，1美元兑人民币）,6.6185,人民币/美元,日度,Frankfurter API
2022-05-06,USD_CNY,人民币/美元汇率（USD/CNY，1美元兑人民币）,6.6704,人民币/美元,日度,Frankfurter API
2022-05-09,USD_CNY,人民币/美元汇率（USD/CNY，1美元兑人民币）,6.7133,人民币/美元,日度,Frankfurter API
2022-05-10,USD_CNY,人民币/美元汇率（USD/CNY，1美元兑人民币）,6.7242,人民币/美元,日度,Frankfurter API
2022-05-11,USD_CNY,人民币/美元汇率（USD/CNY，1美元兑人民币）,6.7178,人民币/美元,日度,Frankfurter API
2022-05-12,USD_CNY,人民币/美元汇率（USD/CNY，1美元兑人民币）,6.792,人民币/美元,日度,Frankfurter API
2022-05-13,USD_CNY,人民币/美元汇率（USD/CNY，1美元兑人民币）,6.7899,人民币/美元,日度,Frankfurter API
2022-05-16,USD_CNY,人民币/美元汇率（USD/CNY，1美元兑人民币）,6.792,人民币/美元,日度,Frankfurter API
2022-05-17,USD_CNY,人民币/美元汇率（USD/CNY，1美元兑人民币）,6.726,人民币/美元,日度,Frankfurter API
2022-05-18,USD_CNY,人民币/美元汇率（USD/CNY，1美元兑人民币）,6.7445,人民币/美元,日度,Frankfurter API
2022-05-19,USD_CNY,人民币/美元汇率（USD/CNY，1美元兑人民币）,6.7485,人民币/美元,日度,Frankfurter API
2022-05-20,USD_CNY,人民币/美元汇率（USD/CNY，1美元兑人民币）,6.6785,人民币/美元,日度,Frankfurter API
2022-05-23,USD_CNY,人民币/美元汇率（USD/CNY，1美元兑人民币）,6.647,人民币/美元,日度,Frankfurter API
2022-05-24,USD_CNY,人民币/美元汇率（USD/CNY，1美元兑人民币）,6.665,人民币/美元,日度,Frankfurter API
2022-05-25,USD_CNY,人民币/美元汇率（USD/CNY，1美元兑人民币）,6.6943,人民币/美元,日度,Frankfurter API
2022-05-26,USD_CNY,人民币/美元汇率（USD/CNY，1美元兑人民币）,6.7331,人民币/美元,日度,Frankfurter API
2022-05-27,USD_CNY,人民币/美元汇率（USD/CNY，1美元兑人民币）,6.6994,人民币/美元,日度,Frankfurter API
2022-05-30,USD_CNY,人民币/美元汇率（USD/CNY，1美元兑人民币）,6.6643,人民币/美元,日度,Frankfurter API
2022-05-31,USD_CNY,人民币/美元汇率（USD/CNY，1美元兑人民币）,6.665,人民币/美元,日度,Frankfurter API
2022-06-01,USD_CNY,人民币/美元汇率（USD/CNY，1美元兑人民币）,6.6828,人民币/美元,日度,Frankfurter API
2022-06-02,USD_CNY,人民币/美元汇率（USD/CNY，1美元兑人民币）,6.6732,人民币/美元,日度,Frankfurter API
2022-06-03,USD_CNY,人民币/美元汇率（USD/CNY，1美元兑人民币）,6.6603,人民币/美元,日度,Frankfurter API
2022-06-06,USD_CNY,人民币/美元汇率（USD/CNY，1美元兑人民币）,6.6402,人民币/美元,日度,Frankfurter API
2022-06-07,USD_CNY,人民币/美元汇率（USD/CNY，1美元兑人民币）,6.6729,人民币/美元,日度,Frankfurter API
2022-06-08,USD_CNY,人民币/美元汇率（USD/CNY，1美元兑人民币）,6.6845,人民币/美元,日度,Frankfurter API
2022-06-09,USD_CNY,人民币/美元汇率（USD/CNY，1美元兑人民币）,6.6762,人民币/美元,日度,Frankfurter API
2022-06-10,USD_CNY,人民币/美元汇率（USD/CNY，1美元兑人民币）,6.6996,人民币/美元,日度,Frankfurter API
2022-06-13,USD_CNY,人民币/美元汇率（USD/CNY，1美元兑人民币）,6.7369,人民币/美元,日度,Frankfurter API
2022-06-14,USD_CNY,人民币/美元汇率（USD/CNY，1美元兑人民币）,6.7372,人民币/美元,日度,Frankfurter API
2022-06-15,USD_CNY,人民币/美元汇率（USD/CNY，1美元兑人民币）,6.712,人民币/美元,日度,Frankfurter API
2022-06-16,USD_CNY,人民币/美元汇率（USD/CNY，1美元兑人民币）,6.7158,人民币/美元,日度,Frankfurter API
2022-06-17,USD_CNY,人民币/美元汇率（USD/CNY，1美元兑人民币）,6.7049,人民币/美元,日度,Frankfurter API
2022-06-20,USD_CNY,人民币/美元汇率（USD/CNY，1美元兑人民币）,6.6888,人民币/美元,日度,Frankfurter API
2022-06-21,USD_CNY,人民币/美元汇率（USD/CNY，1美元兑人民币）,6.6995,人民币/美元,日度,Frankfurter API
2022-06-22,USD_CNY,人民币/美元汇率（USD/CNY，1美元兑人民币）,6.7108,人民币/美元,日度,Frankfurter API
2022-06-23,USD_CNY,人民币/美元汇率（USD/CNY，1美元兑人民币）,6.7061,人民币/美元,日度,Frankfurter API
2022-06-24,USD_CNY,人民币/美元汇率（USD/CNY，1美元兑人民币）,6.6969,人民币/美元,日度,Frankfurter API
2022-06-27,USD_CNY,人民币/美元汇率（USD/CNY，1美元兑人民币）,6.691,人民币/美元,日度,Frankfurter API
2022-06-28,USD_CNY,人民币/美元汇率（USD/CNY，1美元兑人民币）,6.7015,人民币/美元,日度,Frankfurter API
2022-06-29,USD_CNY,人民币/美元汇率（USD/CNY，1美元兑人民币）,6.6922,人民币/美元,日度,Frankfurter API
2022-06-30,USD_CNY,人民币/美元汇率（USD/CNY，1美元兑人民币）,6.703,人民币/美元,日度,Frankfurter API
2022-07-01,USD_CNY,人民币/美元汇率（USD/CNY，1美元兑人民币）,6.7022,人民币/美元,日度,Frankfurter API
2022-07-04,USD_CNY,人民币/美元汇率（USD/CNY，1美元兑人民币）,6.6932,人民币/美元,日度,Frankfurter API
2022-07-05,USD_CNY,人民币/美元汇率（USD/CNY，1美元兑人民币）,6.7084,人民币/美元,日度,Frankfurter API
2022-07-06,USD_CNY,人民币/美元汇率（USD/CNY，1美元兑人民币）,6.7101,人民币/美元,日度,Frankfurter API
2022-07-07,USD_CNY,人民币/美元汇率（USD/CNY，1美元兑人民币）,6.7024,人民币/美元,日度,Frankfurter API
2022-07-08,USD_CNY,人民币/美元汇率（USD/CNY，1美元兑人民币）,6.7003,人民币/美元,日度,Frankfurter API
2022-07-11,USD_CNY,人民币/美元汇率（USD/CNY，1美元兑人民币）,6.7135,人民币/美元,日度,Frankfurter API
2022-07-12,USD_CNY,人民币/美元汇率（USD/CNY，1美元兑人民币）,6.7236,人民币/美元,日度,Frankfurter API
2022-07-13,USD_CNY,人民币/美元汇率（USD/CNY，1美元兑人民币）,6.7271,人民币/美元,日度,Frankfurter API
2022-07-14,USD_CNY,人民币/美元汇率（USD/CNY，1美元兑人民币）,6.7584,人民币/美元,日度,Frankfurter API
2022-07-15,USD_CNY,人民币/美元汇率（USD/CNY，1美元兑人民币）,6.7544,人民币/美元,日度,Frankfurter API
2022-07-18,USD_CNY,人民币/美元汇率（USD/CNY，1美元兑人民币）,6.7383,人民币/美元,日度,Frankfurter API
2022-07-19,USD_CNY,人民币/美元汇率（USD/CNY，1美元兑人民币）,6.7412,人民币/美元,日度,Frankfurter API
2022-07-20,USD_CNY,人民币/美元汇率（USD/CNY，1美元兑人民币）,6.7548,人民币/美元,日度,Frankfurter API
2022-07-21,USD_CNY,人民币/美元汇率（USD/CNY，1美元兑人民币）,6.7693,人民币/美元,日度,Frankfurter API
2022-07-22,USD_CNY,人民币/美元汇率（USD/CNY，1美元兑人民币）,6.7568,人民币/美元,日度,Frankfurter API
2022-07-25,USD_CNY,人民币/美元汇率（USD/CNY，1美元兑人民币）,6.7501,人民币/美元,日度,Frankfurter API
2022-07-26,USD_CNY,人民币/美元汇率（USD/CNY，1美元兑人民币）,6.7613,人民币/美元,日度,Frankfurter API
2022-07-27,USD_CNY,人民币/美元汇率（USD/CNY，1美元兑人民币）,6.7508,人民币/美元,日度,Frankfurter API
2022-07-28,USD_CNY,人民币/美元汇率（USD/CNY，1美元兑人民币）,6.7501,人民币/美元,日度,Frankfurter API
2022-07-29,USD_CNY,人民币/美元汇率（USD/CNY，1美元兑人民币）,6.7371,人民币/美元,日度,Frankfurter API
2022-08-01,USD_CNY,人民币/美元汇率（USD/CNY，1美元兑人民币）,6.7532,人民币/美元,日度,Frankfurter API
2022-08-02,USD_CNY,人民币/美元汇率（USD/CNY，1美元兑人民币）,6.7603,人民币/美元,日度,Frankfurter API
2022-08-03,USD_CNY,人民币/美元汇率（USD/CNY，1美元兑人民币）,6.752,人民币/美元,日度,Frankfurter API
2022-08-04,USD_CNY,人民币/美元汇率（USD/CNY，1美元兑人民币）,6.7546,人民币/美元,日度,Frankfurter API
2022-08-05,USD_CNY,人民币/美元汇率（USD/CNY，1美元兑人民币）,6.7495,人民币/美元,日度,Frankfurter API
2022-08-08,USD_CNY,人民币/美元汇率（USD/CNY，1美元兑人民币）,6.7586,人民币/美元,日度,Frankfurter API
2022-08-09,USD_CNY,人民币/美元汇率（USD/CNY，1美元兑人民币）,6.7526,人民币/美元,日度,Frankfurter API
2022-08-10,USD_CNY,人民币/美元汇率（USD/CNY，1美元兑人民币）,6.752,人民币/美元,日度,Frankfurter API
2022-08-11,USD_CNY,人民币/美元汇率（USD/CNY，1美元兑人民币）,6.739,人民币/美元,日度,Frankfurter API
2022-08-12,USD_CNY,人民币/美元汇率（USD/CNY，1美元兑人民币）,6.743,人民币/美元,日度,Frankfurter API
2022-08-15,USD_CNY,人民币/美元汇率（USD/CNY，1美元兑人民币）,6.7729,人民币/美元,日度,Frankfurter API
2022-08-16,USD_CNY,人民币/美元汇率（USD/CNY，1美元兑人民币）,6.7878,人民币/美元,日度,Frankfurter API
2022-08-17,USD_CNY,人民币/美元汇率（USD/CNY，1美元兑人民币）,6.7805,人民币/美元,日度,Frankfurter API
2022-08-18,USD_CNY,人民币/美元汇率（USD/CNY，1美元兑人民币）,6.7852,人民币/美元,日度,Frankfurter API
2022-08-19,USD_CNY,人民币/美元汇率（USD/CNY，1美元兑人民币）,6.8163,人民币/美元,日度,Frankfurter API
2022-08-22,USD_CNY,人民币/美元汇率（USD/CNY，1美元兑人民币）,6.845,人民币/美元,日度,Frankfurter API
2022-08-23,USD_CNY,人民币/美元汇率（USD/CNY，1美元兑人民币）,6.8452,人民币/美元,日度,Frankfurter API
2022-08-24,USD_CNY,人民币/美元汇率（USD/CNY，1美元兑人民币）,6.8673,人民币/美元,日度,Frankfurter API
2022-08-25,USD_CNY,人民币/美元汇率（USD/CNY，1美元兑人民币）,6.8523,人民币/美元,日度,Frankfurter API
2022-08-26,USD_CNY,人民币/美元汇率（USD/CNY，1美元兑人民币）,6.8623,人民币/美元,日度,Frankfurter API
2022-08-29,USD_CNY,人民币/美元汇率（USD/CNY，1美元兑人民币）,6.9141,人民币/美元,日度,Frankfurter API
2022-08-30,USD_CNY,人民币/美元汇率（USD/CNY，1美元兑人民币）,6.8998,人民币/美元,日度,Frankfurter API
2022-08-31,USD_CNY,人民币/美元汇率（USD/CNY，1美元兑人民币）,6.8947,人民币/美元,日度,Frankfurter API
2022-09-01,USD_CNY,人民币/美元汇率（USD/CNY，1美元兑人民币）,6.8989,人民币/美元,日度,Frankfurter API
2022-09-02,USD_CNY,人民币/美元汇率（USD/CNY，1美元兑人民币）,6.9079,人民币/美元,日度,Frankfurter API
2022-09-05,USD_CNY,人民币/美元汇率（USD/CNY，1美元兑人民币）,6.9323,人民币/美元,日度,Frankfurter API
2022-09-06,USD_CNY,人民币/美元汇率（USD/CNY，1美元兑人民币）,6.9592,人民币/美元,日度,Frankfurter API
2022-09-07,USD_CNY,人民币/美元汇率（USD/CNY，1美元兑人民币）,6.977,人民币/美元,日度,Frankfurter API
2022-09-08,USD_CNY,人民币/美元汇率（USD/CNY，1美元兑人民币）,6.9501,人民币/美元,日度,Frankfurter API
2022-09-09,USD_CNY,人民币/美元汇率（USD/CNY，1美元兑人民币）,6.9204,人民币/美元,日度,Frankfurter API
2022-09-12,USD_CNY,人民币/美元汇率（USD/CNY，1美元兑人民币）,6.9274,人民币/美元,日度,Frankfurter API
2022-09-13,USD_CNY,人民币/美元汇率（USD/CNY，1美元兑人民币）,6.9255,人民币/美元,日度,Frankfurter API
2022-09-14,USD_CNY,人民币/美元汇率（USD/CNY，1美元兑人民币）,6.962,人民币/美元,日度,Frankfurter API
2022-09-15,USD_CNY,人民币/美元汇率（USD/CNY，1美元兑人民币）,6.9908,人民币/美元,日度,Frankfurter API
2022-09-16,USD_CNY,人民币/美元汇率（USD/CNY，1美元兑人民币）,7.011,人民币/美元,日度,Frankfurter API
2022-09-19,USD_CNY,人民币/美元汇率（USD/CNY，1美元兑人民币）,7.0136,人民币/美元,日度,Frankfurter API
2022-09-20,USD_CNY,人民币/美元汇率（USD/CNY，1美元兑人民币）,7.0128,人民币/美元,日度,Frankfurter API
2022-09-21,USD_CNY,人民币/美元汇率（USD/CNY，1美元兑人民币）,7.0484,人民币/美元,日度,Frankfurter API
2022-09-22,USD_CNY,人民币/美元汇率（USD/CNY，1美元兑人民币）,7.0623,人民币/美元,日度,Frankfurter API
2022-09-23,USD_CNY,人民币/美元汇率（USD/CNY，1美元兑人民币）,7.1193,人民币/美元,日度,Frankfurter API
2022-09-26,USD_CNY,人民币/美元汇率（USD/CNY，1美元兑人民币）,7.161,人民币/美元,日度,Frankfurter API
2022-09-27,USD_CNY,人民币/美元汇率（USD/CNY，1美元兑人民币）,7.1709,人民币/美元,日度,Frankfurter API
2022-09-28,USD_CNY,人民币/美元汇率（USD/CNY，1美元兑人民币）,7.2346,人民币/美元,日度,Frankfurter API
2022-09-29,USD_CNY,人民币/美元汇率（USD/CNY，1美元兑人民币）,7.132,人民币/美元,日度,Frankfurter API
2022-09-30,USD_CNY,人民币/美元汇率（USD/CNY，1美元兑人民币）,7.1161,人民币/美元,日度,Frankfurter API
2022-10-03,USD_CNY,人民币/美元汇率（USD/CNY，1美元兑人民币）,7.116,人民币/美元,日度,Frankfurter API
2022-10-04,USD_CNY,人民币/美元汇率（USD/CNY，1美元兑人民币）,7.116,人民币/美元,日度,Frankfurter API
2022-10-05,USD_CNY,人民币/美元汇率（USD/CNY，1美元兑人民币）,7.116,人民币/美元,日度,Frankfurter API
2022-10-06,USD_CNY,人民币/美元汇率（USD/CNY，1美元兑人民币）,7.116,人民币/美元,日度,Frankfurter API
2022-10-07,USD_CNY,人民币/美元汇率（USD/CNY，1美元兑人民币）,7.116,人民币/美元,日度,Frankfurter API
2022-10-10,USD_CNY,人民币/美元汇率（USD/CNY，1美元兑人民币）,7.1511,人民币/美元,日度,Frankfurter API
2022-10-11,USD_CNY,人民币/美元汇率（USD/CNY，1美元兑人民币）,7.1654,人民币/美元,日度,Frankfurter API
2022-10-12,USD_CNY,人民币/美元汇率（USD/CNY，1美元兑人民币）,7.1711,人民币/美元,日度,Frankfurter API
2022-10-13,USD_CNY,人民币/美元汇率（USD/CNY，1美元兑人民币）,7.1819,人民币/美元,日度,Frankfurter API
2022-10-14,USD_CNY,人民币/美元汇率（USD/CNY，1美元兑人民币）,7.1989,人民币/美元,日度,Frankfurter API
2022-10-17,USD_CNY,人民币/美元汇率（USD/CNY，1美元兑人民币）,7.2009,人民币/美元,日度,Frankfurter API
2022-10-18,USD_CNY,人民币/美元汇率（USD/CNY，1美元兑人民币）,7.1993,人民币/美元,日度,Frankfurter API
2022-10-19,USD_CNY,人民币/美元汇率（USD/CNY，1美元兑人民币）,7.2277,人民币/美元,日度,Frankfurter API
2022-10-20,USD_CNY,人民币/美元汇率（USD/CNY，1美元兑人民币）,7.2223,人民币/美元,日度,Frankfurter API
2022-10-21,USD_CNY,人民币/美元汇率（USD/CNY，1美元兑人民币）,7.246,人民币/美元,日度,Frankfurter API
2022-10-24,USD_CNY,人民币/美元汇率（USD/CNY，1美元兑人民币）,7.2626,人民币/美元,日度,Frankfurter API
2022-10-25,USD_CNY,人民币/美元汇率（USD/CNY，1美元兑人民币）,7.3088,人民币/美元,日度,Frankfurter API
2022-10-26,USD_CNY,人民币/美元汇率（USD/CNY，1美元兑人民币）,7.1783,人民币/美元,日度,Frankfurter API
2022-10-27,USD_CNY,人民币/美元汇率（USD/CNY，1美元兑人民币）,7.2285,人民币/美元,日度,Frankfurter API
2022-10-28,USD_CNY,人民币/美元汇率（USD/CNY，1美元兑人民币）,7.2514,人民币/美元,日度,Frankfurter API
2022-10-31,USD_CNY,人民币/美元汇率（USD/CNY，1美元兑人民币）,7.3008,人民币/美元,日度,Frankfurter API
2022-11-01,USD_CNY,人民币/美元汇率（USD/CNY，1美元兑人民币）,7.255,人民币/美元,日度,Frankfurter API
2022-11-02,USD_CNY,人民币/美元汇率（USD/CNY，1美元兑人民币）,7.2826,人民币/美元,日度,Frankfurter API
2022-11-03,USD_CNY,人民币/美元汇率（USD/CNY，1美元兑人民币）,7.3174,人民币/美元,日度,Frankfurter API
2022-11-04,USD_CNY,人民币/美元汇率（USD/CNY，1美元兑人民币）,7.1813,人民币/美元,日度,Frankfurter API
2022-11-07,USD_CNY,人民币/美元汇率（USD/CNY，1美元兑人民币）,7.224,人民币/美元,日度,Frankfurter API
2022-11-08,USD_CNY,人民币/美元汇率（USD/CNY，1美元兑人民币）,7.2524,人民币/美元,日度,Frankfurter API
2022-11-09,USD_CNY,人民币/美元汇率（USD/CNY，1美元兑人民币）,7.253,人民币/美元,日度,Frankfurter API
2022-11-10,USD_CNY,人民币/美元汇率（USD/CNY，1美元兑人民币）,7.2518,人民币/美元,日度,Frankfurter API
2022-11-11,USD_CNY,人民币/美元汇率（USD/CNY，1美元兑人民币）,7.1078,人民币/美元,日度,Frankfurter API
2022-11-14,USD_CNY,人民币/美元汇率（USD/CNY，1美元兑人民币）,7.0652,人民币/美元,日度,Frankfurter API
2022-11-15,USD_CNY,人民币/美元汇率（USD/CNY，1美元兑人民币）,7.0453,人民币/美元,日度,Frankfurter API
2022-11-16,USD_CNY,人民币/美元汇率（USD/CNY，1美元兑人民币）,7.0803,人民币/美元,日度,Frankfurter API
2022-11-17,USD_CNY,人民币/美元汇率（USD/CNY，1美元兑人民币）,7.1576,人民币/美元,日度,Frankfurter API
2022-11-18,USD_CNY,人民币/美元汇率（USD/CNY，1美元兑人民币）,7.1185,人民币/美元,日度,Frankfurter API
2022-11-21,USD_CNY,人民币/美元汇率（USD/CNY，1美元兑人民币）,7.1656,人民币/美元,日度,Frankfurter API
2022-11-22,USD_CNY,人民币/美元汇率（USD/CNY，1美元兑人民币）,7.1388,人民币/美元,日度,Frankfurter API
2022-11-23,USD_CNY,人民币/美元汇率（USD/CNY，1美元兑人民币）,7.1653,人民币/美元,日度,Frankfurter API
2022-11-24,USD_CNY,人民币/美元汇率（USD/CNY，1美元兑人民币）,7.1489,人民币/美元,日度,Frankfurter API
2022-11-25,USD_CNY,人民币/美元汇率（USD/CNY，1美元兑人民币）,7.1735,人民币/美元,日度,Frankfurter API
2022-11-28,USD_CNY,人民币/美元汇率（USD/CNY，1美元兑人民币）,7.1993,人民币/美元,日度,Frankfurter API
2022-11-29,USD_CNY,人民币/美元汇率（USD/CNY，1美元兑人民币）,7.1666,人民币/美元,日度,Frankfurter API
2022-11-30,USD_CNY,人民币/美元汇率（USD/CNY，1美元兑人民币）,7.0776,人民币/美元,日度,Frankfurter API
2022-12-01,USD_CNY,人民币/美元汇率（USD/CNY，1美元兑人民币）,7.0753,人民币/美元,日度,Frankfurter API
2022-12-02,USD_CNY,人民币/美元汇率（USD/CNY，1美元兑人民币）,7.0195,人民币/美元,日度,Frankfurter API
2022-12-05,USD_CNY,人民币/美元汇率（USD/CNY，1美元兑人民币）,6.9494,人民币/美元,日度,Frankfurter API
2022-12-06,USD_CNY,人民币/美元汇率（USD/CNY，1美元兑人民币）,6.9888,人民币/美元,日度,Frankfurter API
2022-12-07,USD_CNY,人民币/美元汇率（USD/CNY，1美元兑人民币）,6.9784,人民币/美元,日度,Frankfurter API
2022-12-08,USD_CNY,人民币/美元汇率（USD/CNY，1美元兑人民币）,6.9706,人民币/美元,日度,Frankfurter API
2022-12-09,USD_CNY,人民币/美元汇率（USD/CNY，1美元兑人民币）,6.9585,人民币/美元,日度,Frankfurter API
2022-12-12,USD_CNY,人民币/美元汇率（USD/CNY，1美元兑人民币）,6.975,人民币/美元,日度,Frankfurter API
2022-12-13,USD_CNY,人民币/美元汇率（USD/CNY，1美元兑人民币）,6.9831,人民币/美元,日度,Frankfurter API
2022-12-14,USD_CNY,人民币/美元汇率（USD/CNY，1美元兑人民币）,6.9499,人民币/美元,日度,Frankfurter API
2022-12-15,USD_CNY,人民币/美元汇率（USD/CNY，1美元兑人民币）,6.968,人民币/美元,日度,Frankfurter API
2022-12-16,USD_CNY,人民币/美元汇率（USD/CNY，1美元兑人民币）,6.9721,人民币/美元,日度,Frankfurter API
2022-12-19,USD_CNY,人民币/美元汇率（USD/CNY，1美元兑人民币）,6.9731,人民币/美元,日度,Frankfurter API
2022-12-20,USD_CNY,人民币/美元汇率（USD/CNY，1美元兑人民币）,6.9724,人民币/美元,日度,Frankfurter API
2022-12-21,USD_CNY,人民币/美元汇率（USD/CNY，1美元兑人民币）,6.9781,人民币/美元,日度,Frankfurter API
2022-12-22,USD_CNY,人民币/美元汇率（USD/CNY，1美元兑人民币）,6.981,人民币/美元,日度,Frankfurter API
2022-12-23,USD_CNY,人民币/美元汇率（USD/CNY，1美元兑人民币）,6.9853,人民币/美元,日度,Frankfurter API
2022-12-27,USD_CNY,人民币/美元汇率（USD/CNY，1美元兑人民币）,6.9648,人民币/美元,日度,Frankfurter API
2022-12-28,USD_CNY,人民币/美元汇率（USD/CNY，1美元兑人民币）,6.9759,人民币/美元,日度,Frankfurter API
2022-12-29,USD_CNY,人民币/美元汇率（USD/CNY，1美元兑人民币）,6.9632,人民币/美元,日度,Frankfurter API
2022-12-30,USD_CNY,人民币/美元汇率（USD/CNY，1美元兑人民币）,6.8987,人民币/美元,日度,Frankfurter API
2023-01-02,USD_CNY,人民币/美元汇率（USD/CNY，1美元兑人民币）,6.8986,人民币/美元,日度,Frankfurter API
2023-01-03,USD_CNY,人民币/美元汇率（USD/CNY，1美元兑人民币）,6.9097,人民币/美元,日度,Frankfurter API
2023-01-04,USD_CNY,人民币/美元汇率（USD/CNY，1美元兑人民币）,6.886,人民币/美元,日度,Frankfurter API
2023-01-05,USD_CNY,人民币/美元汇率（USD/CNY，1美元兑人民币）,6.8732,人民币/美元,日度,Frankfurter API
2023-01-06,USD_CNY,人民币/美元汇率（USD/CNY，1美元兑人民币）,6.8614,人民币/美元,日度,Frankfurter API
2023-01-09,USD_CNY,人民币/美元汇率（USD/CNY，1美元兑人民币）,6.7825,人民币/美元,日度,Frankfurter API
2023-01-10,USD_CNY,人民币/美元汇率（USD/CNY，1美元兑人民币）,6.7828,人民币/美元,日度,Frankfurter API
2023-01-11,USD_CNY,人民币/美元汇率（USD/CNY，1美元兑人民币）,6.7746,人民币/美元,日度,Frankfurter API
2023-01-12,USD_CNY,人民币/美元汇率（USD/CNY，1美元兑人民币）,6.749,人民币/美元,日度,Frankfurter API
2023-01-13,USD_CNY,人民币/美元汇率（USD/CNY，1美元兑人民币）,6.7254,人民币/美元,日度,Frankfurter API
2023-01-16,USD_CNY,人民币/美元汇率（USD/CNY，1美元兑人民币）,6.7324,人民币/美元,日度,Frankfurter API
2023-01-17,USD_CNY,人民币/美元汇率（USD/CNY，1美元兑人民币）,6.7761,人民币/美元,日度,Frankfurter API
2023-01-18,USD_CNY,人民币/美元汇率（USD/CNY，1美元兑人民币）,6.7527,人民币/美元,日度,Frankfurter API
2023-01-19,USD_CNY,人民币/美元汇率（USD/CNY，1美元兑人民币）,6.7891,人民币/美元,日度,Frankfurter API
2023-01-20,USD_CNY,人民币/美元汇率（USD/CNY，1美元兑人民币）,6.7823,人民币/美元,日度,Frankfurter API
2023-01-23,USD_CNY,人民币/美元汇率（USD/CNY，1美元兑人民币）,6.7823,人民币/美元,日度,Frankfurter API
2023-01-24,USD_CNY,人民币/美元汇率（USD/CNY，1美元兑人民币）,6.7823,人民币/美元,日度,Frankfurter API
2023-01-25,USD_CNY,人民币/美元汇率（USD/CNY，1美元兑人民币）,6.7823,人民币/美元,日度,Frankfurter API
2023-01-26,USD_CNY,人民币/美元汇率（USD/CNY，1美元兑人民币）,6.7823,人民币/美元,日度,Frankfurter API
2023-01-27,USD_CNY,人民币/美元汇率（USD/CNY，1美元兑人民币）,6.7823,人民币/美元,日度,Frankfurter API
2023-01-30,USD_CNY,人民币/美元汇率（USD/CNY，1美元兑人民币）,6.7505,人民币/美元,日度,Frankfurter API
2023-01-31,USD_CNY,人民币/美元汇率（USD/CNY，1美元兑人民币）,6.7569,人民币/美元,日度,Frankfurter API
2023-02-01,USD_CNY,人民币/美元汇率（USD/CNY，1美元兑人民币）,6.7424,人民币/美元,日度,Frankfurter API
2023-02-02,USD_CNY,人民币/美元汇率（USD/CNY，1美元兑人民币）,6.7235,人民币/美元,日度,Frankfurter API
2023-02-03,USD_CNY,人民币/美元汇率（USD/CNY，1美元兑人民币）,6.7376,人民币/美元,日度,Frankfurter API
2023-02-06,USD_CNY,人民币/美元汇率（USD/CNY，1美元兑人民币）,6.7827,人民币/美元,日度,Frankfurter API
2023-02-07,USD_CNY,人民币/美元汇率（USD/CNY，1美元兑人民币）,6.7858,人民币/美元,日度,Frankfurter API
2023-02-08,USD_CNY,人民币/美元汇率（USD/CNY，1美元兑人民币）,6.7854,人民币/美元,日度,Frankfurter API
2023-02-09,USD_CNY,人民币/美元汇率（USD/CNY，1美元兑人民币）,6.7767,人民币/美元,日度,Frankfurter API
2023-02-10,USD_CNY,人民币/美元汇率（USD/CNY，1美元兑人民币）,6.8136,人民币/美元,日度,Frankfurter API
2023-02-13,USD_CNY,人民币/美元汇率（USD/CNY，1美元兑人民币）,6.8248,人民币/美元,日度,Frankfurter API
2023-02-14,USD_CNY,人民币/美元汇率（USD/CNY，1美元兑人民币）,6.8142,人民币/美元,日度,Frankfurter API
2023-02-15,USD_CNY,人民币/美元汇率（USD/CNY，1美元兑人民币）,6.8438,人民币/美元,日度,Frankfurter API
2023-02-16,USD_CNY,人民币/美元汇率（USD/CNY，1美元兑人民币）,6.8552,人民币/美元,日度,Frankfurter API
2023-02-17,USD_CNY,人民币/美元汇率（USD/CNY，1美元兑人民币）,6.8782,人民币/美元,日度,Frankfurter API
2023-02-20,USD_CNY,人民币/美元汇率（USD/CNY，1美元兑人民币）,6.8569,人民币/美元,日度,Frankfurter API
2023-02-21,USD_CNY,人民币/美元汇率（USD/CNY，1美元兑人民币）,6.8803,人民币/美元,日度,Frankfurter API
2023-02-22,USD_CNY,人民币/美元汇率（USD/CNY，1美元兑人民币）,6.8928,人民币/美元,日度,Frankfurter API
2023-02-23,USD_CNY,人民币/美元汇率（USD/CNY，1美元兑人民币）,6.8978,人民币/美元,日度,Frankfurter API
2023-02-24,USD_CNY,人民币/美元汇率（USD/CNY，1美元兑人民币）,6.944,人民币/美元,日度,Frankfurter API
2023-02-27,USD_CNY,人民币/美元汇率（USD/CNY，1美元兑人民币）,6.9526,人民币/美元,日度,Frankfurter API
2023-02-28,USD_CNY,人民币/美元汇率（USD/CNY，1美元兑人民币）,6.9369,人民币/美元,日度,Frankfurter API
2023-03-01,USD_CNY,人民币/美元汇率（USD/CNY，1美元兑人民币）,6.8653,人民币/美元,日度,Frankfurter API
2023-03-02,USD_CNY,人民币/美元汇率（USD/CNY，1美元兑人民币）,6.9104,人民币/美元,日度,Frankfurter API
2023-03-03,USD_CNY,人民币/美元汇率（USD/CNY，1美元兑人民币）,6.9078,人民币/美元,日度,Frankfurter API
2023-03-06,USD_CNY,人民币/美元汇率（USD/CNY，1美元兑人民币）,6.9324,人民币/美元,日度,Frankfurter API
2023-03-07,USD_CNY,人民币/美元汇率（USD/CNY，1美元兑人民币）,6.9362,人民币/美元,日度,Frankfurter API
2023-03-08,USD_CNY,人民币/美元汇率（USD/CNY，1美元兑人民币）,6.9526,人民币/美元,日度,Frankfurter API
2023-03-09,USD_CNY,人民币/美元汇率（USD/CNY，1美元兑人民币）,6.9656,人民币/美元,日度,Frankfurter API
2023-03-10,USD_CNY,人民币/美元汇率（USD/CNY，1美元兑人民币）,6.952,人民币/美元,日度,Frankfurter API
2023-03-13,USD_CNY,人民币/美元汇率（USD/CNY，1美元兑人民币）,6.8572,人民币/美元,日度,Frankfurter API
2023-03-14,USD_CNY,人民币/美元汇率（USD/CNY，1美元兑人民币）,6.8695,人民币/美元,日度,Frankfurter API
2023-03-15,USD_CNY,人民币/美元汇率（USD/CNY，1美元兑人民币）,6.9073,人民币/美元,日度,Frankfurter API
2023-03-16,USD_CNY,人民币/美元汇率（USD/CNY，1美元兑人民币）,6.8943,人民币/美元,日度,Frankfurter API
2023-03-17,USD_CNY,人民币/美元汇率（USD/CNY，1美元兑人民币）,6.8829,人民币/美元,日度,Frankfurter API
2023-03-20,USD_CNY,人民币/美元汇率（USD/CNY，1美元兑人民币）,6.8806,人民币/美元,日度,Frankfurter API
2023-03-21,USD_CNY,人民币/美元汇率（USD/CNY，1美元兑人民币）,6.8725,人民币/美元,日度,Frankfurter API
2023-03-22,USD_CNY,人民币/美元汇率（USD/CNY，1美元兑人民币）,6.8834,人民币/美元,日度,Frankfurter API
2023-03-23,USD_CNY,人民币/美元汇率（USD/CNY，1美元兑人民币）,6.8308,人民币/美元,日度,Frankfurter API
2023-03-24,USD_CNY,人民币/美元汇率（USD/CNY，1美元兑人民币）,6.8707,人民币/美元,日度,Frankfurter API
2023-03-27,USD_CNY,人民币/美元汇率（USD/CNY，1美元兑人民币）,6.8812,人民币/美元,日度,Frankfurter API
2023-03-28,USD_CNY,人民币/美元汇率（USD/CNY，1美元兑人民币）,6.877,人民币/美元,日度,Frankfurter API
2023-03-29,USD_CNY,人民币/美元汇率（USD/CNY，1美元兑人民币）,6.8848,人民币/美元,日度,Frankfurter API
2023-03-30,USD_CNY,人民币/美元汇率（USD/CNY，1美元兑人民币）,6.8802,人民币/美元,日度,Frankfurter API
2023-03-31,USD_CNY,人民币/美元汇率（USD/CNY，1美元兑人民币）,6.8748,人民币/美元,日度,Frankfurter API
2023-04-03,USD_CNY,人民币/美元汇率（USD/CNY，1美元兑人民币）,6.8843,人民币/美元,日度,Frankfurter API
2023-04-04,USD_CNY,人民币/美元汇率（USD/CNY，1美元兑人民币）,6.8832,人民币/美元,日度,Frankfurter API
2023-04-05,USD_CNY,人民币/美元汇率（USD/CNY，1美元兑人民币）,6.8798,人民币/美元,日度,Frankfurter API
2023-04-06,USD_CNY,人民币/美元汇率（USD/CNY，1美元兑人民币）,6.8726,人民币/美元,日度,Frankfurter API
2023-04-11,USD_CNY,人民币/美元汇率（USD/CNY，1美元兑人民币）,6.8849,人民币/美元,日度,Frankfurter API
2023-04-12,USD_CNY,人民币/美元汇率（USD/CNY，1美元兑人民币）,6.8836,人民币/美元,日度,Frankfurter API
2023-04-13,USD_CNY,人民币/美元汇率（USD/CNY，1美元兑人民币）,6.8777,人民币/美元,日度,Frankfurter API
2023-04-14,USD_CNY,人民币/美元汇率（USD/CNY，1美元兑人民币）,6.8519,人民币/美元,日度,Frankfurter API
2023-04-17,USD_CNY,人民币/美元汇率（USD/CNY，1美元兑人民币）,6.8694,人民币/美元,日度,Frankfurter API
2023-04-18,USD_CNY,人民币/美元汇率（USD/CNY，1美元兑人民币）,6.8753,人民币/美元,日度,Frankfurter API
2023-04-19,USD_CNY,人民币/美元汇率（USD/CNY，1美元兑人民币）,6.8971,人民币/美元,日度,Frankfurter API
2023-04-20,USD_CNY,人民币/美元汇率（USD/CNY，1美元兑人民币）,6.8803,人民币/美元,日度,Frankfurter API
2023-04-21,USD_CNY,人民币/美元汇率（USD/CNY，1美元兑人民币）,6.8882,人民币/美元,日度,Frankfurter API
2023-04-24,USD_CNY,人民币/美元汇率（USD/CNY，1美元兑人民币）,6.893,人民币/美元,日度,Frankfurter API
2023-04-25,USD_CNY,人民币/美元汇率（USD/CNY，1美元兑人民币）,6.9215,人民币/美元,日度,Frankfurter API
2023-04-26,USD_CNY,人民币/美元汇率（USD/CNY，1美元兑人民币）,6.9231,人民币/美元,日度,Frankfurter API
2023-04-27,USD_CNY,人民币/美元汇率（USD/CNY，1美元兑人民币）,6.9239,人民币/美元,日度,Frankfurter API
2023-04-28,USD_CNY,人民币/美元汇率（USD/CNY，1美元兑人民币）,6.9191,人民币/美元,日度,Frankfurter API
2023-05-02,USD_CNY,人民币/美元汇率（USD/CNY，1美元兑人民币）,6.9121,人民币/美元,日度,Frankfurter API
2023-05-03,USD_CNY,人民币/美元汇率（USD/CNY，1美元兑人民币）,6.9121,人民币/美元,日度,Frankfurter API
2023-05-04,USD_CNY,人民币/美元汇率（USD/CNY，1美元兑人民币）,6.9115,人民币/美元,日度,Frankfurter API
2023-05-05,USD_CNY,人民币/美元汇率（USD/CNY，1美元兑人民币）,6.9105,人民币/美元,日度,Frankfurter API
2023-05-08,USD_CNY,人民币/美元汇率（USD/CNY，1美元兑人民币）,6.9174,人民币/美元,日度,Frankfurter API
2023-05-09,USD_CNY,人民币/美元汇率（USD/CNY，1美元兑人民币）,6.9215,人民币/美元,日度,Frankfurter API
2023-05-10,USD_CNY,人民币/美元汇率（USD/CNY，1美元兑人民币）,6.924,人民币/美元,日度,Frankfurter API
2023-05-11,USD_CNY,人民币/美元汇率（USD/CNY，1美元兑人民币）,6.9366,人民币/美元,日度,Frankfurter API
2023-05-12,USD_CNY,人民币/美元汇率（USD/CNY，1美元兑人民币）,6.9521,人民币/美元,日度,Frankfurter API
2023-05-15,USD_CNY,人民币/美元汇率（USD/CNY，1美元兑人民币）,6.953,人民币/美元,日度,Frankfurter API
2023-05-16,USD_CNY,人民币/美元汇率（USD/CNY，1美元兑人民币）,6.9656,人民币/美元,日度,Frankfurter API
2023-05-17,USD_CNY,人民币/美元汇率（USD/CNY，1美元兑人民币）,6.9962,人民币/美元,日度,Frankfurter API
2023-05-18,USD_CNY,人民币/美元汇率（USD/CNY，1美元兑人民币）,7.027,人民币/美元,日度,Frankfurter API
2023-05-19,USD_CNY,人民币/美元汇率（USD/CNY，1美元兑人民币）,7.0102,人民币/美元,日度,Frankfurter API
2023-05-22,USD_CNY,人民币/美元汇率（USD/CNY，1美元兑人民币）,7.0289,人民币/美元,日度,Frankfurter API
2023-05-23,USD_CNY,人民币/美元汇率（USD/CNY，1美元兑人民币）,7.0544,人民币/美元,日度,Frankfurter API
2023-05-24,USD_CNY,人民币/美元汇率（USD/CNY，1美元兑人民币）,7.0473,人民币/美元,日度,Frankfurter API
2023-05-25,USD_CNY,人民币/美元汇率（USD/CNY，1美元兑人民币）,7.0695,人民币/美元,日度,Frankfurter API
2023-05-26,USD_CNY,人民币/美元汇率（USD/CNY，1美元兑人民币）,7.0574,人民币/美元,日度,Frankfurter API
2023-05-29,USD_CNY,人民币/美元汇率（USD/CNY，1美元兑人民币）,7.0761,人民币/美元,日度,Frankfurter API
2023-05-30,USD_CNY,人民币/美元汇率（USD/CNY，1美元兑人民币）,7.0728,人民币/美元,日度,Frankfurter API
2023-05-31,USD_CNY,人民币/美元汇率（USD/CNY，1美元兑人民币）,7.1072,人民币/美元,日度,Frankfurter API
2023-06-01,USD_CNY,人民币/美元汇率（USD/CNY，1美元兑人民币）,7.111,人民币/美元,日度,Frankfurter API
2023-06-02,USD_CNY,人民币/美元汇率（USD/CNY，1美元兑人民币）,7.0673,人民币/美元,日度,Frankfurter API
2023-06-05,USD_CNY,人民币/美元汇率（USD/CNY，1美元兑人民币）,7.1152,人民币/美元,日度,Frankfurter API
2023-06-06,USD_CNY,人民币/美元汇率（USD/CNY，1美元兑人民币）,7.1179,人民币/美元,日度,Frankfurter API
2023-06-07,USD_CNY,人民币/美元汇率（USD/CNY，1美元兑人民币）,7.1135,人民币/美元,日度,Frankfurter API
2023-06-08,USD_CNY,人民币/美元汇率（USD/CNY，1美元兑人民币）,7.1287,人民币/美元,日度,Frankfurter API
2023-06-09,USD_CNY,人民币/美元汇率（USD/CNY，1美元兑人民币）,7.1279,人民币/美元,日度,Frankfurter API
2023-06-12,USD_CNY,人民币/美元汇率（USD/CNY，1美元兑人民币）,7.1424,人民币/美元,日度,Frankfurter API
2023-06-13,USD_CNY,人民币/美元汇率（USD/CNY，1美元兑人民币）,7.1497,人民币/美元,日度,Frankfurter API
2023-06-14,USD_CNY,人民币/美元汇率（USD/CNY，1美元兑人民币）,7.1573,人民币/美元,日度,Frankfurter API
2023-06-15,USD_CNY,人民币/美元汇率（USD/CNY，1美元兑人民币）,7.1625,人民币/美元,日度,Frankfurter API
2023-06-16,USD_CNY,人民币/美元汇率（USD/CNY，1美元兑人民币）,7.122,人民币/美元,日度,Frankfurter API
2023-06-19,USD_CNY,人民币/美元汇率（USD/CNY，1美元兑人民币）,7.1582,人民币/美元,日度,Frankfurter API
2023-06-20,USD_CNY,人民币/美元汇率（USD/CNY，1美元兑人民币）,7.1766,人民币/美元,日度,Frankfurter API
2023-06-21,USD_CNY,人民币/美元汇率（USD/CNY，1美元兑人民币）,7.1884,人民币/美元,日度,Frankfurter API
2023-06-22,USD_CNY,人民币/美元汇率（USD/CNY，1美元兑人民币）,7.1794,人民币/美元,日度,Frankfurter API
2023-06-23,USD_CNY,人民币/美元汇率（USD/CNY，1美元兑人民币）,7.1794,人民币/美元,日度,Frankfurter API
2023-06-26,USD_CNY,人民币/美元汇率（USD/CNY，1美元兑人民币）,7.2332,人民币/美元,日度,Frankfurter API
2023-06-27,USD_CNY,人民币/美元汇率（USD/CNY，1美元兑人民币）,7.2118,人民币/美元,日度,Frankfurter API
2023-06-28,USD_CNY,人民币/美元汇率（USD/CNY，1美元兑人民币）,7.2465,人民币/美元,日度,Frankfurter API
2023-06-29,USD_CNY,人民币/美元汇率（USD/CNY，1美元兑人民币）,7.2353,人民币/美元,日度,Frankfurter API
2023-06-30,USD_CNY,人民币/美元汇率（USD/CNY，1美元兑人民币）,7.2688,人民币/美元,日度,Frankfurter API
2023-07-03,USD_CNY,人民币/美元汇率（USD/CNY，1美元兑人民币）,7.249,人民币/美元,日度,Frankfurter API
2023-07-04,USD_CNY,人民币/美元汇率（USD/CNY，1美元兑人民币）,7.2185,人民币/美元,日度,Frankfurter API
2023-07-05,USD_CNY,人民币/美元汇率（USD/CNY，1美元兑人民币）,7.2431,人民币/美元,日度,Frankfurter API
2023-07-06,USD_CNY,人民币/美元汇率（USD/CNY，1美元兑人民币）,7.2319,人民币/美元,日度,Frankfurter API
2023-07-07,USD_CNY,人民币/美元汇率（USD/CNY，1美元兑人民币）,7.2348,人民币/美元,日度,Frankfurter API
2023-07-10,USD_CNY,人民币/美元汇率（USD/CNY，1美元兑人民币）,7.2372,人民币/美元,日度,Frankfurter API
2023-07-11,USD_CNY,人民币/美元汇率（USD/CNY，1美元兑人民币）,7.202,人民币/美元,日度,Frankfurter API
2023-07-12,USD_CNY,人民币/美元汇率（USD/CNY，1美元兑人民币）,7.1923,人民币/美元,日度,Frankfurter API
2023-07-13,USD_CNY,人民币/美元汇率（USD/CNY，1美元兑人民币）,7.1631,人民币/美元,日度,Frankfurter API
2023-07-14,USD_CNY,人民币/美元汇率（USD/CNY，1美元兑人民币）,7.1363,人民币/美元,日度,Frankfurter API
2023-07-17,USD_CNY,人民币/美元汇率（USD/CNY，1美元兑人民币）,7.1645,人民币/美元,日度,Frankfurter API
2023-07-18,USD_CNY,人民币/美元汇率（USD/CNY，1美元兑人民币）,7.1741,人民币/美元,日度,Frankfurter API
2023-07-19,USD_CNY,人民币/美元汇率（USD/CNY，1美元兑人民币）,7.2192,人民币/美元,日度,Frankfurter API
2023-07-20,USD_CNY,人民币/美元汇率（USD/CNY，1美元兑人民币）,7.1662,人民币/美元,日度,Frankfurter API
2023-07-21,USD_CNY,人民币/美元汇率（USD/CNY，1美元兑人民币）,7.1797,人民币/美元,日度,Frankfurter API
2023-07-24,USD_CNY,人民币/美元汇率（USD/CNY，1美元兑人民币）,7.1872,人民币/美元,日度,Frankfurter API
2023-07-25,USD_CNY,人民币/美元汇率（USD/CNY，1美元兑人民币）,7.141,人民币/美元,日度,Frankfurter API
2023-07-26,USD_CNY,人民币/美元汇率（USD/CNY，1美元兑人民币）,7.1534,人民币/美元,日度,Frankfurter API
2023-07-27,USD_CNY,人民币/美元汇率（USD/CNY，1美元兑人民币）,7.147,人民币/美元,日度,Frankfurter API
2023-07-28,USD_CNY,人民币/美元汇率（USD/CNY，1美元兑人民币）,7.157,人民币/美元,日度,Frankfurter API
2023-07-31,USD_CNY,人民币/美元汇率（USD/CNY，1美元兑人民币）,7.1494,人民币/美元,日度,Frankfurter API
2023-08-01,USD_CNY,人民币/美元汇率（USD/CNY，1美元兑人民币）,7.1668,人民币/美元,日度,Frankfurter API
2023-08-02,USD_CNY,人民币/美元汇率（USD/CNY，1美元兑人民币）,7.1761,人民币/美元,日度,Frankfurter API
2023-08-03,USD_CNY,人民币/美元汇率（USD/CNY，1美元兑人民币）,7.1713,人民币/美元,日度,Frankfurter API
2023-08-04,USD_CNY,人民币/美元汇率（USD/CNY，1美元兑人民币）,7.1863,人民币/美元,日度,Frankfurter API
2023-08-07,USD_CNY,人民币/美元汇率（USD/CNY，1美元兑人民币）,7.1901,人民币/美元,日度,Frankfurter API
2023-08-08,USD_CNY,人民币/美元汇率（USD/CNY，1美元兑人民币）,7.214,人民币/美元,日度,Frankfurter API
2023-08-09,USD_CNY,人民币/美元汇率（USD/CNY，1美元兑人民币）,7.2055,人民币/美元,日度,Frankfurter API
2023-08-10,USD_CNY,人民币/美元汇率（USD/CNY，1美元兑人民币）,7.2088,人民币/美元,日度,Frankfurter API
2023-08-11,USD_CNY,人民币/美元汇率（USD/CNY，1美元兑人民币）,7.2323,人民币/美元,日度,Frankfurter API
2023-08-14,USD_CNY,人民币/美元汇率（USD/CNY，1美元兑人民币）,7.2604,人民币/美元,日度,Frankfurter API
2023-08-15,USD_CNY,人民币/美元汇率（USD/CNY，1美元兑人民币）,7.2858,人民币/美元,日度,Frankfurter API
2023-08-16,USD_CNY,人民币/美元汇率（USD/CNY，1美元兑人民币）,7.2973,人民币/美元,日度,Frankfurter API
2023-08-17,USD_CNY,人民币/美元汇率（USD/CNY，1美元兑人民币）,7.2832,人民币/美元,日度,Frankfurter API
2023-08-18,USD_CNY,人民币/美元汇率（USD/CNY，1美元兑人民币）,7.2878,人民币/美元,日度,Frankfurter API
2023-08-21,USD_CNY,人民币/美元汇率（USD/CNY，1美元兑人民币）,7.2842,人民币/美元,日度,Frankfurter API
2023-08-22,USD_CNY,人民币/美元汇率（USD/CNY，1美元兑人民币）,7.2919,人民币/美元,日度,Frankfurter API
2023-08-23,USD_CNY,人民币/美元汇率（USD/CNY，1美元兑人民币）,7.2925,人民币/美元,日度,Frankfurter API
2023-08-24,USD_CNY,人民币/美元汇率（USD/CNY，1美元兑人民币）,7.2817,人民币/美元,日度,Frankfurter API
2023-08-25,USD_CNY,人民币/美元汇率（USD/CNY，1美元兑人民币）,7.2893,人民币/美元,日度,Frankfurter API
2023-08-28,USD_CNY,人民币/美元汇率（USD/CNY，1美元兑人民币）,7.2929,人民币/美元,日度,Frankfurter API
2023-08-29,USD_CNY,人民币/美元汇率（USD/CNY，1美元兑人民币）,7.2943,人民币/美元,日度,Frankfurter API
2023-08-30,USD_CNY,人民币/美元汇率（USD/CNY，1美元兑人民币）,7.2889,人民币/美元,日度,Frankfurter API
2023-08-31,USD_CNY,人民币/美元汇率（USD/CNY，1美元兑人民币）,7.2871,人民币/美元,日度,Frankfurter API
2023-09-01,USD_CNY,人民币/美元汇率（USD/CNY，1美元兑人民币）,7.2555,人民币/美元,日度,Frankfurter API
2023-09-04,USD_CNY,人民币/美元汇率（USD/CNY，1美元兑人民币）,7.2704,人民币/美元,日度,Frankfurter API
2023-09-05,USD_CNY,人民币/美元汇率（USD/CNY，1美元兑人民币）,7.3041,人民币/美元,日度,Frankfurter API
2023-09-06,USD_CNY,人民币/美元汇率（USD/CNY，1美元兑人民币）,7.3035,人民币/美元,日度,Frankfurter API
2023-09-07,USD_CNY,人民币/美元汇率（USD/CNY，1美元兑人民币）,7.3285,人民币/美元,日度,Frankfurter API
2023-09-08,USD_CNY,人民币/美元汇率（USD/CNY，1美元兑人民币）,7.3398,人民币/美元,日度,Frankfurter API
2023-09-11,USD_CNY,人民币/美元汇率（USD/CNY，1美元兑人民币）,7.2949,人民币/美元,日度,Frankfurter API
2023-09-12,USD_CNY,人民币/美元汇率（USD/CNY，1美元兑人民币）,7.2916,人民币/美元,日度,Frankfurter API
2023-09-13,USD_CNY,人民币/美元汇率（USD/CNY，1美元兑人民币）,7.2807,人民币/美元,日度,Frankfurter API
2023-09-14,USD_CNY,人民币/美元汇率（USD/CNY，1美元兑人民币）,7.278,人民币/美元,日度,Frankfurter API
2023-09-15,USD_CNY,人民币/美元汇率（USD/CNY，1美元兑人民币）,7.2773,人民币/美元,日度,Frankfurter API
2023-09-18,USD_CNY,人民币/美元汇率（USD/CNY，1美元兑人民币）,7.2959,人民币/美元,日度,Frankfurter API
2023-09-19,USD_CNY,人民币/美元汇率（USD/CNY，1美元兑人民币）,7.2912,人民币/美元,日度,Frankfurter API
2023-09-20,USD_CNY,人民币/美元汇率（USD/CNY，1美元兑人民币）,7.2939,人民币/美元,日度,Frankfurter API
2023-09-21,USD_CNY,人民币/美元汇率（USD/CNY，1美元兑人民币）,7.3056,人民币/美元,日度,Frankfurter API
2023-09-22,USD_CNY,人民币/美元汇率（USD/CNY，1美元兑人民币）,7.304,人民币/美元,日度,Frankfurter API
2023-09-25,USD_CNY,人民币/美元汇率（USD/CNY，1美元兑人民币）,7.3101,人民币/美元,日度,Frankfurter API
2023-09-26,USD_CNY,人民币/美元汇率（USD/CNY，1美元兑人民币）,7.3095,人民币/美元,日度,Frankfurter API
2023-09-27,USD_CNY,人民币/美元汇率（USD/CNY，1美元兑人民币）,7.3112,人民币/美元,日度,Frankfurter API
2023-09-28,USD_CNY,人民币/美元汇率（USD/CNY，1美元兑人民币）,7.3049,人民币/美元,日度,Frankfurter API
2023-09-29,USD_CNY,人民币/美元汇率（USD/CNY，1美元兑人民币）,7.3015,人民币/美元,日度,Frankfurter API
2023-10-02,USD_CNY,人民币/美元汇率（USD/CNY，1美元兑人民币）,7.3015,人民币/美元,日度,Frankfurter API
2023-10-03,USD_CNY,人民币/美元汇率（USD/CNY，1美元兑人民币）,7.3015,人民币/美元,日度,Frankfurter API
2023-10-04,USD_CNY,人民币/美元汇率（USD/CNY，1美元兑人民币）,7.3015,人民币/美元,日度,Frankfurter API
2023-10-05,USD_CNY,人民币/美元汇率（USD/CNY，1美元兑人民币）,7.3015,人民币/美元,日度,Frankfurter API
2023-10-06,USD_CNY,人民币/美元汇率（USD/CNY，1美元兑人民币）,7.3049,人民币/美元,日度,Frankfurter API
2023-10-09,USD_CNY,人民币/美元汇率（USD/CNY，1美元兑人民币）,7.2912,人民币/美元,日度,Frankfurter API
2023-10-10,USD_CNY,人民币/美元汇率（USD/CNY，1美元兑人民币）,7.299,人民币/美元,日度,Frankfurter API
2023-10-11,USD_CNY,人民币/美元汇率（USD/CNY，1美元兑人民币）,7.3022,人民币/美元,日度,Frankfurter API
2023-10-12,USD_CNY,人民币/美元汇率（USD/CNY，1美元兑人民币）,7.2996,人民币/美元,日度,Frankfurter API
2023-10-13,USD_CNY,人民币/美元汇率（USD/CNY，1美元兑人民币）,7.3073,人民币/美元,日度,Frankfurter API
2023-10-16,USD_CNY,人民币/美元汇率（USD/CNY，1美元兑人民币）,7.3124,人民币/美元,日度,Frankfurter API
2023-10-17,USD_CNY,人民币/美元汇率（USD/CNY，1美元兑人民币）,7.3127,人民币/美元,日度,Frankfurter API
2023-10-18,USD_CNY,人民币/美元汇率（USD/CNY，1美元兑人民币）,7.3145,人民币/美元,日度,Frankfurter API
2023-10-19,USD_CNY,人民币/美元汇率（USD/CNY，1美元兑人民币）,7.3151,人民币/美元,日度,Frankfurter API
2023-10-20,USD_CNY,人民币/美元汇率（USD/CNY，1美元兑人民币）,7.3165,人民币/美元,日度,Frankfurter API
2023-10-23,USD_CNY,人民币/美元汇率（USD/CNY，1美元兑人民币）,7.3161,人民币/美元,日度,Frankfurter API
2023-10-24,USD_CNY,人民币/美元汇率（USD/CNY，1美元兑人民币）,7.31,人民币/美元,日度,Frankfurter API
2023-10-25,USD_CNY,人民币/美元汇率（USD/CNY，1美元兑人民币）,7.3167,人民币/美元,日度,Frankfurter API
2023-10-26,USD_CNY,人民币/美元汇率（USD/CNY，1美元兑人民币）,7.319,人民币/美元,日度,Frankfurter API
2023-10-27,USD_CNY,人民币/美元汇率（USD/CNY，1美元兑人民币）,7.3184,人民币/美元,日度,Frankfurter API
2023-10-30,USD_CNY,人民币/美元汇率（USD/CNY，1美元兑人民币）,7.3168,人民币/美元,日度,Frankfurter API
2023-10-31,USD_CNY,人民币/美元汇率（USD/CNY，1美元兑人民币）,7.3158,人民币/美元,日度,Frankfurter API
2023-11-01,USD_CNY,人民币/美元汇率（USD/CNY，1美元兑人民币）,7.319,人民币/美元,日度,Frankfurter API
2023-11-02,USD_CNY,人民币/美元汇率（USD/CNY，1美元兑人民币）,7.3172,人民币/美元,日度,Frankfurter API
2023-11-03,USD_CNY,人民币/美元汇率（USD/CNY，1美元兑人民币）,7.3064,人民币/美元,日度,Frankfurter API
2023-11-06,USD_CNY,人民币/美元汇率（USD/CNY，1美元兑人民币）,7.2706,人民币/美元,日度,Frankfurter API
2023-11-07,USD_CNY,人民币/美元汇率（USD/CNY，1美元兑人民币）,7.2842,人民币/美元,日度,Frankfurter API
2023-11-08,USD_CNY,人民币/美元汇率（USD/CNY，1美元兑人民币）,7.2813,人民币/美元,日度,Frankfurter API
2023-11-09,USD_CNY,人民币/美元汇率（USD/CNY，1美元兑人民币）,7.2852,人民币/美元,日度,Frankfurter API
2023-11-10,USD_CNY,人民币/美元汇率（USD/CNY，1美元兑人民币）,7.2895,人民币/美元,日度,Frankfurter API
2023-11-13,USD_CNY,人民币/美元汇率（USD/CNY，1美元兑人民币）,7.2909,人民币/美元,日度,Frankfurter API
2023-11-14,USD_CNY,人民币/美元汇率（USD/CNY，1美元兑人民币）,7.2894,人民币/美元,日度,Frankfurter API
2023-11-15,USD_CNY,人民币/美元汇率（USD/CNY，1美元兑人民币）,7.2416,人民币/美元,日度,Frankfurter API
2023-11-16,USD_CNY,人民币/美元汇率（USD/CNY，1美元兑人民币）,7.25,人民币/美元,日度,Frankfurter API
2023-11-17,USD_CNY,人民币/美元汇率（USD/CNY，1美元兑人民币）,7.2125,人民币/美元,日度,Frankfurter API
2023-11-20,USD_CNY,人民币/美元汇率（USD/CNY，1美元兑人民币）,7.1722,人民币/美元,日度,Frankfurter API
2023-11-21,USD_CNY,人民币/美元汇率（USD/CNY，1美元兑人民币）,7.1363,人民币/美元,日度,Frankfurter API
2023-11-22,USD_CNY,人民币/美元汇率（USD/CNY，1美元兑人民币）,7.1501,人民币/美元,日度,Frankfurter API
2023-11-23,USD_CNY,人民币/美元汇率（USD/CNY，1美元兑人民币）,7.1424,人民币/美元,日度,Frankfurter API
2023-11-24,USD_CNY,人民币/美元汇率（USD/CNY，1美元兑人民币）,7.1537,人民币/美元,日度,Frankfurter API
2023-11-27,USD_CNY,人民币/美元汇率（USD/CNY，1美元兑人民币）,7.1529,人民币/美元,日度,Frankfurter API
2023-11-28,USD_CNY,人民币/美元汇率（USD/CNY，1美元兑人民币）,7.1534,人民币/美元,日度,Frankfurter API
2023-11-29,USD_CNY,人民币/美元汇率（USD/CNY，1美元兑人民币）,7.1275,人民币/美元,日度,Frankfurter API
2023-11-30,USD_CNY,人民币/美元汇率（USD/CNY，1美元兑人民币）,7.1364,人民币/美元,日度,Frankfurter API
2023-12-01,USD_CNY,人民币/美元汇率（USD/CNY，1美元兑人民币）,7.1434,人民币/美元,日度,Frankfurter API
2023-12-04,USD_CNY,人民币/美元汇率（USD/CNY，1美元兑人民币）,7.1384,人民币/美元,日度,Frankfurter API
2023-12-05,USD_CNY,人民币/美元汇率（USD/CNY，1美元兑人民币）,7.1433,人民币/美元,日度,Frankfurter API
2023-12-06,USD_CNY,人民币/美元汇率（USD/CNY，1美元兑人民币）,7.1579,人民币/美元,日度,Frankfurter API
2023-12-07,USD_CNY,人民币/美元汇率（USD/CNY，1美元兑人民币）,7.1542,人民币/美元,日度,Frankfurter API
2023-12-08,USD_CNY,人民币/美元汇率（USD/CNY，1美元兑人民币）,7.1615,人民币/美元,日度,Frankfurter API
2023-12-11,USD_CNY,人民币/美元汇率（USD/CNY，1美元兑人民币）,7.1773,人民币/美元,日度,Frankfurter API
2023-12-12,USD_CNY,人民币/美元汇率（USD/CNY，1美元兑人民币）,7.1684,人民币/美元,日度,Frankfurter API
2023-12-13,USD_CNY,人民币/美元汇率（USD/CNY，1美元兑人民币）,7.1777,人民币/美元,日度,Frankfurter API
2023-12-14,USD_CNY,人民币/美元汇率（USD/CNY，1美元兑人民币）,7.1312,人民币/美元,日度,Frankfurter API
2023-12-15,USD_CNY,人民币/美元汇率（USD/CNY，1美元兑人民币）,7.1087,人民币/美元,日度,Frankfurter API
2023-12-18,USD_CNY,人民币/美元汇率（USD/CNY，1美元兑人民币）,7.1344,人民币/美元,日度,Frankfurter API
2023-12-19,USD_CNY,人民币/美元汇率（USD/CNY，1美元兑人民币）,7.1366,人民币/美元,日度,Frankfurter API
2023-12-20,USD_CNY,人民币/美元汇率（USD/CNY，1美元兑人民币）,7.1382,人民币/美元,日度,Frankfurter API
2023-12-21,USD_CNY,人民币/美元汇率（USD/CNY，1美元兑人民币）,7.1407,人民币/美元,日度,Frankfurter API
2023-12-22,USD_CNY,人民币/美元汇率（USD/CNY，1美元兑人民币）,7.1342,人民币/美元,日度,Frankfurter API
2023-12-27,USD_CNY,人民币/美元汇率（USD/CNY，1美元兑人民币）,7.1474,人民币/美元,日度,Frankfurter API
2023-12-28,USD_CNY,人民币/美元汇率（USD/CNY，1美元兑人民币）,7.1028,人民币/美元,日度,Frankfurter API
2023-12-29,USD_CNY,人民币/美元汇率（USD/CNY，1美元兑人民币）,7.1049,人民币/美元,日度,Frankfurter API
2024-01-02,USD_CNY,人民币/美元汇率（USD/CNY，1美元兑人民币）,7.1435,人民币/美元,日度,Frankfurter API
2024-01-03,USD_CNY,人民币/美元汇率（USD/CNY，1美元兑人民币）,7.1487,人民币/美元,日度,Frankfurter API
2024-01-04,USD_CNY,人民币/美元汇率（USD/CNY，1美元兑人民币）,7.1515,人民币/美元,日度,Frankfurter API
2024-01-05,USD_CNY,人民币/美元汇率（USD/CNY，1美元兑人民币）,7.1541,人民币/美元,日度,Frankfurter API
2024-01-08,USD_CNY,人民币/美元汇率（USD/CNY，1美元兑人民币）,7.1622,人民币/美元,日度,Frankfurter API
2024-01-09,USD_CNY,人民币/美元汇率（USD/CNY，1美元兑人民币）,7.1646,人民币/美元,日度,Frankfurter API
2024-01-10,USD_CNY,人民币/美元汇率（USD/CNY，1美元兑人民币）,7.1694,人民币/美元,日度,Frankfurter API
2024-01-11,USD_CNY,人民币/美元汇率（USD/CNY，1美元兑人民币）,7.1584,人民币/美元,日度,Frankfurter API
2024-01-12,USD_CNY,人民币/美元汇率（USD/CNY，1美元兑人民币）,7.1697,人民币/美元,日度,Frankfurter API
2024-01-15,USD_CNY,人民币/美元汇率（USD/CNY，1美元兑人民币）,7.1749,人民币/美元,日度,Frankfurter API
2024-01-16,USD_CNY,人民币/美元汇率（USD/CNY，1美元兑人民币）,7.1896,人民币/美元,日度,Frankfurter API
2024-01-17,USD_CNY,人民币/美元汇率（USD/CNY，1美元兑人民币）,7.1952,人民币/美元,日度,Frankfurter API
2024-01-18,USD_CNY,人民币/美元汇率（USD/CNY，1美元兑人民币）,7.1937,人民币/美元,日度,Frankfurter API
2024-01-19,USD_CNY,人民币/美元汇率（USD/CNY，1美元兑人民币）,7.1912,人民币/美元,日度,Frankfurter API
2024-01-22,USD_CNY,人民币/美元汇率（USD/CNY，1美元兑人民币）,7.1946,人民币/美元,日度,Frankfurter API
2024-01-23,USD_CNY,人民币/美元汇率（USD/CNY，1美元兑人民币）,7.1701,人民币/美元,日度,Frankfurter API
2024-01-24,USD_CNY,人民币/美元汇率（USD/CNY，1美元兑人民币）,7.1523,人民币/美元,日度,Frankfurter API
2024-01-25,USD_CNY,人民币/美元汇率（USD/CNY，1美元兑人民币）,7.1691,人民币/美元,日度,Frankfurter API
2024-01-26,USD_CNY,人民币/美元汇率（USD/CNY，1美元兑人民币）,7.1745,人民币/美元,日度,Frankfurter API
2024-01-29,USD_CNY,人民币/美元汇率（USD/CNY，1美元兑人民币）,7.1793,人民币/美元,日度,Frankfurter API
2024-01-30,USD_CNY,人民币/美元汇率（USD/CNY，1美元兑人民币）,7.1792,人民币/美元,日度,Frankfurter API
2024-01-31,USD_CNY,人民币/美元汇率（USD/CNY，1美元兑人民币）,7.1781,人民币/美元,日度,Frankfurter API
2024-02-01,USD_CNY,人民币/美元汇率（USD/CNY，1美元兑人民币）,7.1822,人民币/美元,日度,Frankfurter API
2024-02-02,USD_CNY,人民币/美元汇率（USD/CNY，1美元兑人民币）,7.1773,人民币/美元,日度,Frankfurter API
2024-02-05,USD_CNY,人民币/美元汇率（USD/CNY，1美元兑人民币）,7.198,人民币/美元,日度,Frankfurter API
2024-02-06,USD_CNY,人民币/美元汇率（USD/CNY，1美元兑人民币）,7.189,人民币/美元,日度,Frankfurter API
2024-02-07,USD_CNY,人民币/美元汇率（USD/CNY，1美元兑人民币）,7.1946,人民币/美元,日度,Frankfurter API
2024-02-08,USD_CNY,人民币/美元汇率（USD/CNY，1美元兑人民币）,7.1965,人民币/美元,日度,Frankfurter API
2024-02-09,USD_CNY,人民币/美元汇率（USD/CNY，1美元兑人民币）,7.1936,人民币/美元,日度,Frankfurter API
2024-02-12,USD_CNY,人民币/美元汇率（USD/CNY，1美元兑人民币）,7.1936,人民币/美元,日度,Frankfurter API
2024-02-13,USD_CNY,人民币/美元汇率（USD/CNY，1美元兑人民币）,7.1936,人民币/美元,日度,Frankfurter API
2024-02-14,USD_CNY,人民币/美元汇率（USD/CNY，1美元兑人民币）,7.1936,人民币/美元,日度,Frankfurter API
2024-02-15,USD_CNY,人民币/美元汇率（USD/CNY，1美元兑人民币）,7.1943,人民币/美元,日度,Frankfurter API
2024-02-16,USD_CNY,人民币/美元汇率（USD/CNY，1美元兑人民币）,7.1936,人民币/美元,日度,Frankfurter API
2024-02-19,USD_CNY,人民币/美元汇率（USD/CNY，1美元兑人民币）,7.1984,人民币/美元,日度,Frankfurter API
2024-02-20,USD_CNY,人民币/美元汇率（USD/CNY，1美元兑人民币）,7.1948,人民币/美元,日度,Frankfurter API
2024-02-21,USD_CNY,人民币/美元汇率（USD/CNY，1美元兑人民币）,7.1912,人民币/美元,日度,Frankfurter API
2024-02-22,USD_CNY,人民币/美元汇率（USD/CNY，1美元兑人民币）,7.1918,人民币/美元,日度,Frankfurter API
2024-02-23,USD_CNY,人民币/美元汇率（USD/CNY，1美元兑人民币）,7.197,人民币/美元,日度,Frankfurter API
2024-02-26,USD_CNY,人民币/美元汇率（USD/CNY，1美元兑人民币）,7.1968,人民币/美元,日度,Frankfurter API
2024-02-27,USD_CNY,人民币/美元汇率（USD/CNY，1美元兑人民币）,7.1979,人民币/美元,日度,Frankfurter API
2024-02-28,USD_CNY,人民币/美元汇率（USD/CNY，1美元兑人民币）,7.199,人民币/美元,日度,Frankfurter API
2024-02-29,USD_CNY,人民币/美元汇率（USD/CNY，1美元兑人民币）,7.1945,人民币/美元,日度,Frankfurter API
2024-03-01,USD_CNY,人民币/美元汇率（USD/CNY，1美元兑人民币）,7.1985,人民币/美元,日度,Frankfurter API
2024-03-04,USD_CNY,人民币/美元汇率（USD/CNY，1美元兑人民币）,7.1993,人民币/美元,日度,Frankfurter API
2024-03-05,USD_CNY,人民币/美元汇率（USD/CNY，1美元兑人民币）,7.1992,人民币/美元,日度,Frankfurter API
2024-03-06,USD_CNY,人民币/美元汇率（USD/CNY，1美元兑人民币）,7.1989,人民币/美元,日度,Frankfurter API
2024-03-07,USD_CNY,人民币/美元汇率（USD/CNY，1美元兑人民币）,7.1971,人民币/美元,日度,Frankfurter API
2024-03-08,USD_CNY,人民币/美元汇率（USD/CNY，1美元兑人民币）,7.1894,人民币/美元,日度,Frankfurter API
2024-03-11,USD_CNY,人民币/美元汇率（USD/CNY，1美元兑人民币）,7.182,人民币/美元,日度,Frankfurter API
2024-03-12,USD_CNY,人民币/美元汇率（USD/CNY，1美元兑人民币）,7.1775,人民币/美元,日度,Frankfurter API
2024-03-13,USD_CNY,人民币/美元汇率（USD/CNY，1美元兑人民币）,7.1924,人民币/美元,日度,Frankfurter API
2024-03-14,USD_CNY,人民币/美元汇率（USD/CNY，1美元兑人民币）,7.1912,人民币/美元,日度,Frankfurter API
2024-03-15,USD_CNY,人民币/美元汇率（USD/CNY，1美元兑人民币）,7.1961,人民币/美元,日度,Frankfurter API
2024-03-18,USD_CNY,人民币/美元汇率（USD/CNY，1美元兑人民币）,7.1981,人民币/美元,日度,Frankfurter API
2024-03-19,USD_CNY,人民币/美元汇率（USD/CNY，1美元兑人民币）,7.1992,人民币/美元,日度,Frankfurter API
2024-03-20,USD_CNY,人民币/美元汇率（USD/CNY，1美元兑人民币）,7.1983,人民币/美元,日度,Frankfurter API
2024-03-21,USD_CNY,人民币/美元汇率（USD/CNY，1美元兑人民币）,7.199,人民币/美元,日度,Frankfurter API
2024-03-22,USD_CNY,人民币/美元汇率（USD/CNY，1美元兑人民币）,7.2295,人民币/美元,日度,Frankfurter API
2024-03-25,USD_CNY,人民币/美元汇率（USD/CNY，1美元兑人民币）,7.2113,人民币/美元,日度,Frankfurter API
2024-03-26,USD_CNY,人民币/美元汇率（USD/CNY，1美元兑人民币）,7.2186,人民币/美元,日度,Frankfurter API
2024-03-27,USD_CNY,人民币/美元汇率（USD/CNY，1美元兑人民币）,7.2284,人民币/美元,日度,Frankfurter API
2024-03-28,USD_CNY,人民币/美元汇率（USD/CNY，1美元兑人民币）,7.2282,人民币/美元,日度,Frankfurter API
2024-04-02,USD_CNY,人民币/美元汇率（USD/CNY，1美元兑人民币）,7.2359,人民币/美元,日度,Frankfurter API
2024-04-03,USD_CNY,人民币/美元汇率（USD/CNY，1美元兑人民币）,7.2357,人民币/美元,日度,Frankfurter API
2024-04-04,USD_CNY,人民币/美元汇率（USD/CNY，1美元兑人民币）,7.2338,人民币/美元,日度,Frankfurter API
2024-04-05,USD_CNY,人民币/美元汇率（USD/CNY，1美元兑人民币）,7.2337,人民币/美元,日度,Frankfurter API
2024-04-08,USD_CNY,人民币/美元汇率（USD/CNY，1美元兑人民币）,7.2329,人民币/美元,日度,Frankfurter API
2024-04-09,USD_CNY,人民币/美元汇率（USD/CNY，1美元兑人民币）,7.2332,人民币/美元,日度,Frankfurter API
2024-04-10,USD_CNY,人民币/美元汇率（USD/CNY，1美元兑人民币）,7.2328,人民币/美元,日度,Frankfurter API
2024-04-11,USD_CNY,人民币/美元汇率（USD/CNY，1美元兑人民币）,7.237,人民币/美元,日度,Frankfurter API
2024-04-12,USD_CNY,人民币/美元汇率（USD/CNY，1美元兑人民币）,7.2375,人民币/美元,日度,Frankfurter API
2024-04-15,USD_CNY,人民币/美元汇率（USD/CNY，1美元兑人民币）,7.2386,人民币/美元,日度,Frankfurter API
2024-04-16,USD_CNY,人民币/美元汇率（USD/CNY，1美元兑人民币）,7.2384,人民币/美元,日度,Frankfurter API
2024-04-17,USD_CNY,人民币/美元汇率（USD/CNY，1美元兑人民币）,7.2388,人民币/美元,日度,Frankfurter API
2024-04-18,USD_CNY,人民币/美元汇率（USD/CNY，1美元兑人民币）,7.2379,人民币/美元,日度,Frankfurter API
2024-04-19,USD_CNY,人民币/美元汇率（USD/CNY，1美元兑人民币）,7.2411,人民币/美元,日度,Frankfurter API
2024-04-22,USD_CNY,人民币/美元汇率（USD/CNY，1美元兑人民币）,7.2434,人民币/美元,日度,Frankfurter API
2024-04-23,USD_CNY,人民币/美元汇率（USD/CNY，1美元兑人民币）,7.2469,人民币/美元,日度,Frankfurter API
2024-04-24,USD_CNY,人民币/美元汇率（USD/CNY，1美元兑人民币）,7.246,人民币/美元,日度,Frankfurter API
2024-04-25,USD_CNY,人民币/美元汇率（USD/CNY，1美元兑人民币）,7.2465,人民币/美元,日度,Frankfurter API
2024-04-26,USD_CNY,人民币/美元汇率（USD/CNY，1美元兑人民币）,7.2464,人民币/美元,日度,Frankfurter API
2024-04-29,USD_CNY,人民币/美元汇率（USD/CNY，1美元兑人民币）,7.2413,人民币/美元,日度,Frankfurter API
2024-04-30,USD_CNY,人民币/美元汇率（USD/CNY，1美元兑人民币）,7.241,人民币/美元,日度,Frankfurter API
2024-05-02,USD_CNY,人民币/美元汇率（USD/CNY，1美元兑人民币）,7.2411,人民币/美元,日度,Frankfurter API
2024-05-03,USD_CNY,人民币/美元汇率（USD/CNY，1美元兑人民币）,7.2411,人民币/美元,日度,Frankfurter API
2024-05-06,USD_CNY,人民币/美元汇率（USD/CNY，1美元兑人民币）,7.2069,人民币/美元,日度,Frankfurter API
2024-05-07,USD_CNY,人民币/美元汇率（USD/CNY，1美元兑人民币）,7.2178,人民币/美元,日度,Frankfurter API
2024-05-08,USD_CNY,人民币/美元汇率（USD/CNY，1美元兑人民币）,7.2281,人民币/美元,日度,Frankfurter API
2024-05-09,USD_CNY,人民币/美元汇率（USD/CNY，1美元兑人民币）,7.2264,人民币/美元,日度,Frankfurter API
2024-05-10,USD_CNY,人民币/美元汇率（USD/CNY，1美元兑人民币）,7.2249,人民币/美元,日度,Frankfurter API
2024-05-13,USD_CNY,人民币/美元汇率（USD/CNY，1美元兑人民币）,7.2344,人民币/美元,日度,Frankfurter API
2024-05-14,USD_CNY,人民币/美元汇率（USD/CNY，1美元兑人民币）,7.2344,人民币/美元,日度,Frankfurter API
2024-05-15,USD_CNY,人民币/美元汇率（USD/CNY，1美元兑人民币）,7.2205,人民币/美元,日度,Frankfurter API
2024-05-16,USD_CNY,人民币/美元汇率（USD/CNY，1美元兑人民币）,7.2179,人民币/美元,日度,Frankfurter API
2024-05-17,USD_CNY,人民币/美元汇率（USD/CNY，1美元兑人民币）,7.227,人民币/美元,日度,Frankfurter API
2024-05-20,USD_CNY,人民币/美元汇率（USD/CNY，1美元兑人民币）,7.2332,人民币/美元,日度,Frankfurter API
2024-05-21,USD_CNY,人民币/美元汇率（USD/CNY，1美元兑人民币）,7.2358,人民币/美元,日度,Frankfurter API
2024-05-22,USD_CNY,人民币/美元汇率（USD/CNY，1美元兑人民币）,7.2404,人民币/美元,日度,Frankfurter API
2024-05-23,USD_CNY,人民币/美元汇率（USD/CNY，1美元兑人民币）,7.2395,人民币/美元,日度,Frankfurter API
2024-05-24,USD_CNY,人民币/美元汇率（USD/CNY，1美元兑人民币）,7.2437,人民币/美元,日度,Frankfurter API
2024-05-27,USD_CNY,人民币/美元汇率（USD/CNY，1美元兑人民币）,7.2438,人民币/美元,日度,Frankfurter API
2024-05-28,USD_CNY,人民币/美元汇率（USD/CNY，1美元兑人民币）,7.2452,人民币/美元,日度,Frankfurter API
2024-05-29,USD_CNY,人民币/美元汇率（USD/CNY，1美元兑人民币）,7.2493,人民币/美元,日度,Frankfurter API
2024-05-30,USD_CNY,人民币/美元汇率（USD/CNY，1美元兑人民币）,7.2363,人民币/美元,日度,Frankfurter API
2024-05-31,USD_CNY,人民币/美元汇率（USD/CNY，1美元兑人民币）,7.2408,人民币/美元,日度,Frankfurter API
2024-06-03,USD_CNY,人民币/美元汇率（USD/CNY，1美元兑人民币）,7.2461,人民币/美元,日度,Frankfurter API
2024-06-04,USD_CNY,人民币/美元汇率（USD/CNY，1美元兑人民币）,7.237,人民币/美元,日度,Frankfurter API
2024-06-05,USD_CNY,人民币/美元汇率（USD/CNY，1美元兑人民币）,7.2475,人民币/美元,日度,Frankfurter API
2024-06-06,USD_CNY,人民币/美元汇率（USD/CNY，1美元兑人民币）,7.2448,人民币/美元,日度,Frankfurter API
2024-06-07,USD_CNY,人民币/美元汇率（USD/CNY，1美元兑人民币）,7.2413,人民币/美元,日度,Frankfurter API
2024-06-10,USD_CNY,人民币/美元汇率（USD/CNY，1美元兑人民币）,7.2478,人民币/美元,日度,Frankfurter API
2024-06-11,USD_CNY,人民币/美元汇率（USD/CNY，1美元兑人民币）,7.2543,人民币/美元,日度,Frankfurter API
2024-06-12,USD_CNY,人民币/美元汇率（USD/CNY，1美元兑人民币）,7.2537,人民币/美元,日度,Frankfurter API
2024-06-13,USD_CNY,人民币/美元汇率（USD/CNY，1美元兑人民币）,7.2525,人民币/美元,日度,Frankfurter API
2024-06-14,USD_CNY,人民币/美元汇率（USD/CNY，1美元兑人民币）,7.2552,人民币/美元,日度,Frankfurter API
2024-06-17,USD_CNY,人民币/美元汇率（USD/CNY，1美元兑人民币）,7.2562,人民币/美元,日度,Frankfurter API
2024-06-18,USD_CNY,人民币/美元汇率（USD/CNY，1美元兑人民币）,7.256,人民币/美元,日度,Frankfurter API
2024-06-19,USD_CNY,人民币/美元汇率（USD/CNY，1美元兑人民币）,7.257,人民币/美元,日度,Frankfurter API
2024-06-20,USD_CNY,人民币/美元汇率（USD/CNY，1美元兑人民币）,7.2605,人民币/美元,日度,Frankfurter API
2024-06-21,USD_CNY,人民币/美元汇率（USD/CNY，1美元兑人民币）,7.2607,人民币/美元,日度,Frankfurter API
2024-06-24,USD_CNY,人民币/美元汇率（USD/CNY，1美元兑人民币）,7.2592,人民币/美元,日度,Frankfurter API
2024-06-25,USD_CNY,人民币/美元汇率（USD/CNY，1美元兑人民币）,7.2626,人民币/美元,日度,Frankfurter API
2024-06-26,USD_CNY,人民币/美元汇率（USD/CNY，1美元兑人民币）,7.2666,人民币/美元,日度,Frankfurter API
2024-06-27,USD_CNY,人民币/美元汇率（USD/CNY，1美元兑人民币）,7.2686,人民币/美元,日度,Frankfurter API
2024-06-28,USD_CNY,人民币/美元汇率（USD/CNY，1美元兑人民币）,7.2628,人民币/美元,日度,Frankfurter API
2024-07-01,USD_CNY,人民币/美元汇率（USD/CNY，1美元兑人民币）,7.2682,人民币/美元,日度,Frankfurter API
2024-07-02,USD_CNY,人民币/美元汇率（USD/CNY，1美元兑人民币）,7.2713,人民币/美元,日度,Frankfurter API
2024-07-03,USD_CNY,人民币/美元汇率（USD/CNY，1美元兑人民币）,7.2734,人民币/美元,日度,Frankfurter API
2024-07-04,USD_CNY,人民币/美元汇率（USD/CNY，1美元兑人民币）,7.2699,人民币/美元,日度,Frankfurter API
2024-07-05,USD_CNY,人民币/美元汇率（USD/CNY，1美元兑人民币）,7.2667,人民币/美元,日度,Frankfurter API
2024-07-08,USD_CNY,人民币/美元汇率（USD/CNY，1美元兑人民币）,7.2696,人民币/美元,日度,Frankfurter API
2024-07-09,USD_CNY,人民币/美元汇率（USD/CNY，1美元兑人民币）,7.272,人民币/美元,日度,Frankfurter API
2024-07-10,USD_CNY,人民币/美元汇率（USD/CNY，1美元兑人民币）,7.276,人民币/美元,日度,Frankfurter API
2024-07-11,USD_CNY,人民币/美元汇率（USD/CNY，1美元兑人民币）,7.265,人民币/美元,日度,Frankfurter API
2024-07-12,USD_CNY,人民币/美元汇率（USD/CNY，1美元兑人民币）,7.2529,人民币/美元,日度,Frankfurter API
2024-07-15,USD_CNY,人民币/美元汇率（USD/CNY，1美元兑人民币）,7.2619,人民币/美元,日度,Frankfurter API
2024-07-16,USD_CNY,人民币/美元汇率（USD/CNY，1美元兑人民币）,7.2668,人民币/美元,日度,Frankfurter API
2024-07-17,USD_CNY,人民币/美元汇率（USD/CNY，1美元兑人民币）,7.2592,人民币/美元,日度,Frankfurter API
2024-07-18,USD_CNY,人民币/美元汇率（USD/CNY，1美元兑人民币）,7.2577,人民币/美元,日度,Frankfurter API
2024-07-19,USD_CNY,人民币/美元汇率（USD/CNY，1美元兑人民币）,7.2695,人民币/美元,日度,Frankfurter API
2024-07-22,USD_CNY,人民币/美元汇率（USD/CNY，1美元兑人民币）,7.2732,人民币/美元,日度,Frankfurter API
2024-07-23,USD_CNY,人民币/美元汇率（USD/CNY，1美元兑人民币）,7.2747,人民币/美元,日度,Frankfurter API
2024-07-24,USD_CNY,人民币/美元汇率（USD/CNY，1美元兑人民币）,7.2764,人民币/美元,日度,Frankfurter API
2024-07-25,USD_CNY,人民币/美元汇率（USD/CNY，1美元兑人民币）,7.2188,人民币/美元,日度,Frankfurter API
2024-07-26,USD_CNY,人民币/美元汇率（USD/CNY，1美元兑人民币）,7.2514,人民币/美元,日度,Frankfurter API
2024-07-29,USD_CNY,人民币/美元汇率（USD/CNY，1美元兑人民币）,7.2588,人民币/美元,日度,Frankfurter API
2024-07-30,USD_CNY,人民币/美元汇率（USD/CNY，1美元兑人民币）,7.2514,人民币/美元,日度,Frankfurter API
2024-07-31,USD_CNY,人民币/美元汇率（USD/CNY，1美元兑人民币）,7.2215,人民币/美元,日度,Frankfurter API
2024-08-01,USD_CNY,人民币/美元汇率（USD/CNY，1美元兑人民币）,7.2484,人民币/美元,日度,Frankfurter API
2024-08-02,USD_CNY,人民币/美元汇率（USD/CNY，1美元兑人民币）,7.2058,人民币/美元,日度,Frankfurter API
2024-08-05,USD_CNY,人民币/美元汇率（USD/CNY，1美元兑人民币）,7.1171,人民币/美元,日度,Frankfurter API
2024-08-06,USD_CNY,人民币/美元汇率（USD/CNY，1美元兑人民币）,7.1526,人民币/美元,日度,Frankfurter API
2024-08-07,USD_CNY,人民币/美元汇率（USD/CNY，1美元兑人民币）,7.1805,人民币/美元,日度,Frankfurter API
2024-08-08,USD_CNY,人民币/美元汇率（USD/CNY，1美元兑人民币）,7.1723,人民币/美元,日度,Frankfurter API
2024-08-09,USD_CNY,人民币/美元汇率（USD/CNY，1美元兑人民币）,7.1705,人民币/美元,日度,Frankfurter API
2024-08-12,USD_CNY,人民币/美元汇率（USD/CNY，1美元兑人民币）,7.1798,人民币/美元,日度,Frankfurter API
2024-08-13,USD_CNY,人民币/美元汇率（USD/CNY，1美元兑人民币）,7.1632,人民币/美元,日度,Frankfurter API
2024-08-14,USD_CNY,人民币/美元汇率（USD/CNY，1美元兑人民币）,7.1356,人民币/美元,日度,Frankfurter API
2024-08-15,USD_CNY,人民币/美元汇率（USD/CNY，1美元兑人民币）,7.1579,人民币/美元,日度,Frankfurter API
2024-08-16,USD_CNY,人民币/美元汇率（USD/CNY，1美元兑人民币）,7.1637,人民币/美元,日度,Frankfurter API
2024-08-19,USD_CNY,人民币/美元汇率（USD/CNY，1美元兑人民币）,7.1414,人民币/美元,日度,Frankfurter API
2024-08-20,USD_CNY,人民币/美元汇率（USD/CNY，1美元兑人民币）,7.1447,人民币/美元,日度,Frankfurter API
2024-08-21,USD_CNY,人民币/美元汇率（USD/CNY，1美元兑人民币）,7.1344,人民币/美元,日度,Frankfurter API
2024-08-22,USD_CNY,人民币/美元汇率（USD/CNY，1美元兑人民币）,7.1388,人民币/美元,日度,Frankfurter API
2024-08-23,USD_CNY,人民币/美元汇率（USD/CNY，1美元兑人民币）,7.1364,人民币/美元,日度,Frankfurter API
2024-08-26,USD_CNY,人民币/美元汇率（USD/CNY，1美元兑人民币）,7.1228,人民币/美元,日度,Frankfurter API
2024-08-27,USD_CNY,人民币/美元汇率（USD/CNY，1美元兑人民币）,7.1266,人民币/美元,日度,Frankfurter API
2024-08-28,USD_CNY,人民币/美元汇率（USD/CNY，1美元兑人民币）,7.129,人民币/美元,日度,Frankfurter API
2024-08-29,USD_CNY,人民币/美元汇率（USD/CNY，1美元兑人民币）,7.0935,人民币/美元,日度,Frankfurter API
2024-08-30,USD_CNY,人民币/美元汇率（USD/CNY，1美元兑人民币）,7.088,人民币/美元,日度,Frankfurter API
2024-09-02,USD_CNY,人民币/美元汇率（USD/CNY，1美元兑人民币）,7.113,人民币/美元,日度,Frankfurter API
2024-09-03,USD_CNY,人民币/美元汇率（USD/CNY，1美元兑人民币）,7.1241,人民币/美元,日度,Frankfurter API
2024-09-04,USD_CNY,人民币/美元汇率（USD/CNY，1美元兑人民币）,7.1175,人民币/美元,日度,Frankfurter API
2024-09-05,USD_CNY,人民币/美元汇率（USD/CNY，1美元兑人民币）,7.0955,人民币/美元,日度,Frankfurter API
2024-09-06,USD_CNY,人民币/美元汇率（USD/CNY，1美元兑人民币）,7.0837,人民币/美元,日度,Frankfurter API
2024-09-09,USD_CNY,人民币/美元汇率（USD/CNY，1美元兑人民币）,7.1166,人民币/美元,日度,Frankfurter API
2024-09-10,USD_CNY,人民币/美元汇率（USD/CNY，1美元兑人民币）,7.119,人民币/美元,日度,Frankfurter API
2024-09-11,USD_CNY,人民币/美元汇率（USD/CNY，1美元兑人民币）,7.1117,人民币/美元,日度,Frankfurter API
2024-09-12,USD_CNY,人民币/美元汇率（USD/CNY，1美元兑人民币）,7.1206,人民币/美元,日度,Frankfurter API
2024-09-13,USD_CNY,人民币/美元汇率（USD/CNY，1美元兑人民币）,7.0963,人民币/美元,日度,Frankfurter API
2024-09-16,USD_CNY,人民币/美元汇率（USD/CNY，1美元兑人民币）,7.0963,人民币/美元,日度,Frankfurter API
2024-09-17,USD_CNY,人民币/美元汇率（USD/CNY，1美元兑人民币）,7.0963,人民币/美元,日度,Frankfurter API
2024-09-18,USD_CNY,人民币/美元汇率（USD/CNY，1美元兑人民币）,7.0835,人民币/美元,日度,Frankfurter API
2024-09-19,USD_CNY,人民币/美元汇率（USD/CNY，1美元兑人民币）,7.0659,人民币/美元,日度,Frankfurter API
2024-09-20,USD_CNY,人民币/美元汇率（USD/CNY，1美元兑人民币）,7.055,人民币/美元,日度,Frankfurter API
2024-09-23,USD_CNY,人民币/美元汇率（USD/CNY，1美元兑人民币）,7.0544,人民币/美元,日度,Frankfurter API
2024-09-24,USD_CNY,人民币/美元汇率（USD/CNY，1美元兑人民币）,7.0322,人民币/美元,日度,Frankfurter API
2024-09-25,USD_CNY,人民币/美元汇率（USD/CNY，1美元兑人民币）,7.0298,人民币/美元,日度,Frankfurter API
2024-09-26,USD_CNY,人民币/美元汇率（USD/CNY，1美元兑人民币）,7.0115,人民币/美元,日度,Frankfurter API
2024-09-27,USD_CNY,人民币/美元汇率（USD/CNY，1美元兑人民币）,7.0111,人民币/美元,日度,Frankfurter API
2024-09-30,USD_CNY,人民币/美元汇率（USD/CNY，1美元兑人民币）,7.0124,人民币/美元,日度,Frankfurter API
2024-10-01,USD_CNY,人民币/美元汇率（USD/CNY，1美元兑人民币）,7.0185,人民币/美元,日度,Frankfurter API
2024-10-02,USD_CNY,人民币/美元汇率（USD/CNY，1美元兑人民币）,7.0185,人民币/美元,日度,Frankfurter API
2024-10-03,USD_CNY,人民币/美元汇率（USD/CNY，1美元兑人民币）,7.0185,人民币/美元,日度,Frankfurter API
2024-10-04,USD_CNY,人民币/美元汇率（USD/CNY，1美元兑人民币）,7.0185,人民币/美元,日度,Frankfurter API
2024-10-07,USD_CNY,人民币/美元汇率（USD/CNY，1美元兑人民币）,7.0185,人民币/美元,日度,Frankfurter API
2024-10-08,USD_CNY,人民币/美元汇率（USD/CNY，1美元兑人民币）,7.0524,人民币/美元,日度,Frankfurter API
2024-10-09,USD_CNY,人民币/美元汇率（USD/CNY，1美元兑人民币）,7.0672,人民币/美元,日度,Frankfurter API
2024-10-10,USD_CNY,人民币/美元汇率（USD/CNY，1美元兑人民币）,7.0779,人民币/美元,日度,Frankfurter API
2024-10-11,USD_CNY,人民币/美元汇率（USD/CNY，1美元兑人民币）,7.0655,人民币/美元,日度,Frankfurter API
2024-10-14,USD_CNY,人民币/美元汇率（USD/CNY，1美元兑人民币）,7.0849,人民币/美元,日度,Frankfurter API
2024-10-15,USD_CNY,人民币/美元汇率（USD/CNY，1美元兑人民币）,7.1149,人民币/美元,日度,Frankfurter API
2024-10-16,USD_CNY,人民币/美元汇率（USD/CNY，1美元兑人民币）,7.1131,人民币/美元,日度,Frankfurter API
2024-10-17,USD_CNY,人民币/美元汇率（USD/CNY，1美元兑人民币）,7.1218,人民币/美元,日度,Frankfurter API
2024-10-18,USD_CNY,人民币/美元汇率（USD/CNY，1美元兑人民币）,7.1047,人民币/美元,日度,Frankfurter API
2024-10-21,USD_CNY,人民币/美元汇率（USD/CNY，1美元兑人民币）,7.1131,人民币/美元,日度,Frankfurter API
2024-10-22,USD_CNY,人民币/美元汇率（USD/CNY，1美元兑人民币）,7.1206,人民币/美元,日度,Frankfurter API
2024-10-23,USD_CNY,人民币/美元汇率（USD/CNY，1美元兑人民币）,7.1291,人民币/美元,日度,Frankfurter API
2024-10-24,USD_CNY,人民币/美元汇率（USD/CNY，1美元兑人民币）,7.1149,人民币/美元,日度,Frankfurter API
2024-10-25,USD_CNY,人民币/美元汇率（USD/CNY，1美元兑人民币）,7.1245,人民币/美元,日度,Frankfurter API
2024-10-28,USD_CNY,人民币/美元汇率（USD/CNY，1美元兑人民币）,7.1269,人民币/美元,日度,Frankfurter API
2024-10-29,USD_CNY,人民币/美元汇率（USD/CNY，1美元兑人民币）,7.1371,人民币/美元,日度,Frankfurter API
2024-10-30,USD_CNY,人民币/美元汇率（USD/CNY，1美元兑人民币）,7.1247,人民币/美元,日度,Frankfurter API
2024-10-31,USD_CNY,人民币/美元汇率（USD/CNY，1美元兑人民币）,7.116,人民币/美元,日度,Frankfurter API
2024-11-01,USD_CNY,人民币/美元汇率（USD/CNY，1美元兑人民币）,7.111,人民币/美元,日度,Frankfurter API
2024-11-04,USD_CNY,人民币/美元汇率（USD/CNY，1美元兑人民币）,7.0949,人民币/美元,日度,Frankfurter API
2024-11-05,USD_CNY,人民币/美元汇率（USD/CNY，1美元兑人民币）,7.1033,人民币/美元,日度,Frankfurter API
2024-11-06,USD_CNY,人民币/美元汇率（USD/CNY，1美元兑人民币）,7.179,人民币/美元,日度,Frankfurter API
2024-11-07,USD_CNY,人民币/美元汇率（USD/CNY，1美元兑人民币）,7.1543,人民币/美元,日度,Frankfurter API
2024-11-08,USD_CNY,人民币/美元汇率（USD/CNY，1美元兑人民币）,7.1698,人民币/美元,日度,Frankfurter API
2024-11-11,USD_CNY,人民币/美元汇率（USD/CNY，1美元兑人民币）,7.203,人民币/美元,日度,Frankfurter API
2024-11-12,USD_CNY,人民币/美元汇率（USD/CNY，1美元兑人民币）,7.2319,人民币/美元,日度,Frankfurter API
2024-11-13,USD_CNY,人民币/美元汇率（USD/CNY，1美元兑人民币）,7.2091,人民币/美元,日度,Frankfurter API
2024-11-14,USD_CNY,人民币/美元汇率（USD/CNY，1美元兑人民币）,7.2408,人民币/美元,日度,Frankfurter API
2024-11-15,USD_CNY,人民币/美元汇率（USD/CNY，1美元兑人民币）,7.2278,人民币/美元,日度,Frankfurter API
2024-11-18,USD_CNY,人民币/美元汇率（USD/CNY，1美元兑人民币）,7.2443,人民币/美元,日度,Frankfurter API
2024-11-19,USD_CNY,人民币/美元汇率（USD/CNY，1美元兑人民币）,7.2394,人民币/美元,日度,Frankfurter API
2024-11-20,USD_CNY,人民币/美元汇率（USD/CNY，1美元兑人民币）,7.2456,人民币/美元,日度,Frankfurter API
2024-11-21,USD_CNY,人民币/美元汇率（USD/CNY，1美元兑人民币）,7.2396,人民币/美元,日度,Frankfurter API
2024-11-22,USD_CNY,人民币/美元汇率（USD/CNY，1美元兑人民币）,7.2472,人民币/美元,日度,Frankfurter API
2024-11-25,USD_CNY,人民币/美元汇率（USD/CNY，1美元兑人民币）,7.2433,人民币/美元,日度,Frankfurter API
2024-11-26,USD_CNY,人民币/美元汇率（USD/CNY，1美元兑人民币）,7.2481,人民币/美元,日度,Frankfurter API
2024-11-27,USD_CNY,人民币/美元汇率（USD/CNY，1美元兑人民币）,7.2497,人民币/美元,日度,Frankfurter API
2024-11-28,USD_CNY,人民币/美元汇率（USD/CNY，1美元兑人民币）,7.2475,人民币/美元,日度,Frankfurter API
2024-11-29,USD_CNY,人民币/美元汇率（USD/CNY，1美元兑人民币）,7.2414,人民币/美元,日度,Frankfurter API
2024-12-02,USD_CNY,人民币/美元汇率（USD/CNY，1美元兑人民币）,7.2733,人民币/美元,日度,Frankfurter API
2024-12-03,USD_CNY,人民币/美元汇率（USD/CNY，1美元兑人民币）,7.2859,人民币/美元,日度,Frankfurter API
2024-12-04,USD_CNY,人民币/美元汇率（USD/CNY，1美元兑人民币）,7.2708,人民币/美元,日度,Frankfurter API
2024-12-05,USD_CNY,人民币/美元汇率（USD/CNY，1美元兑人民币）,7.2654,人民币/美元,日度,Frankfurter API
2024-12-06,USD_CNY,人民币/美元汇率（USD/CNY，1美元兑人民币）,7.2632,人民币/美元,日度,Frankfurter API
2024-12-09,USD_CNY,人民币/美元汇率（USD/CNY，1美元兑人民币）,7.2644,人民币/美元,日度,Frankfurter API
2024-12-10,USD_CNY,人民币/美元汇率（USD/CNY，1美元兑人民币）,7.2532,人民币/美元,日度,Frankfurter API
2024-12-11,USD_CNY,人民币/美元汇率（USD/CNY，1美元兑人民币）,7.2635,人民币/美元,日度,Frankfurter API
2024-12-12,USD_CNY,人民币/美元汇率（USD/CNY，1美元兑人民币）,7.2702,人民币/美元,日度,Frankfurter API
2024-12-13,USD_CNY,人民币/美元汇率（USD/CNY，1美元兑人民币）,7.2742,人民币/美元,日度,Frankfurter API
2024-12-16,USD_CNY,人民币/美元汇率（USD/CNY，1美元兑人民币）,7.2836,人民币/美元,日度,Frankfurter API
2024-12-17,USD_CNY,人民币/美元汇率（USD/CNY，1美元兑人民币）,7.2844,人民币/美元,日度,Frankfurter API
2024-12-18,USD_CNY,人民币/美元汇率（USD/CNY，1美元兑人民币）,7.285,人民币/美元,日度,Frankfurter API
2024-12-19,USD_CNY,人民币/美元汇率（USD/CNY，1美元兑人民币）,7.2975,人民币/美元,日度,Frankfurter API
2024-12-20,USD_CNY,人民币/美元汇率（USD/CNY，1美元兑人民币）,7.2985,人民币/美元,日度,Frankfurter API
2024-12-23,USD_CNY,人民币/美元汇率（USD/CNY，1美元兑人民币）,7.2992,人民币/美元,日度,Frankfurter API
2024-12-24,USD_CNY,人民币/美元汇率（USD/CNY，1美元兑人民币）,7.2961,人民币/美元,日度,Frankfurter API
2024-12-27,USD_CNY,人民币/美元汇率（USD/CNY，1美元兑人民币）,7.2994,人民币/美元,日度,Frankfurter API
2024-12-30,USD_CNY,人民币/美元汇率（USD/CNY，1美元兑人民币）,7.2993,人民币/美元,日度,Frankfurter API
2024-12-31,USD_CNY,人民币/美元汇率（USD/CNY，1美元兑人民币）,7.2994,人民币/美元,日度,Frankfurter API
2025-01-02,USD_CNY,人民币/美元汇率（USD/CNY，1美元兑人民币）,7.2995,人民币/美元,日度,Frankfurter API
2025-01-03,USD_CNY,人民币/美元汇率（USD/CNY，1美元兑人民币）,7.3183,人民币/美元,日度,Frankfurter API
2025-01-06,USD_CNY,人民币/美元汇率（USD/CNY，1美元兑人民币）,7.3167,人民币/美元,日度,Frankfurter API
2025-01-07,USD_CNY,人民币/美元汇率（USD/CNY，1美元兑人民币）,7.3263,人民币/美元,日度,Frankfurter API
2025-01-08,USD_CNY,人民币/美元汇率（USD/CNY，1美元兑人民币）,7.3316,人民币/美元,日度,Frankfurter API
2025-01-09,USD_CNY,人民币/美元汇率（USD/CNY，1美元兑人民币）,7.3322,人民币/美元,日度,Frankfurter API
2025-01-10,USD_CNY,人民币/美元汇率（USD/CNY，1美元兑人民币）,7.3313,人民币/美元,日度,Frankfurter API
2025-01-13,USD_CNY,人民币/美元汇率（USD/CNY，1美元兑人民币）,7.3319,人民币/美元,日度,Frankfurter API
2025-01-14,USD_CNY,人民币/美元汇率（USD/CNY，1美元兑人民币）,7.3312,人民币/美元,日度,Frankfurter API
2025-01-15,USD_CNY,人民币/美元汇率（USD/CNY，1美元兑人民币）,7.3316,人民币/美元,日度,Frankfurter API
2025-01-16,USD_CNY,人民币/美元汇率（USD/CNY，1美元兑人民币）,7.3317,人民币/美元,日度,Frankfurter API
2025-01-17,USD_CNY,人民币/美元汇率（USD/CNY，1美元兑人民币）,7.329,人民币/美元,日度,Frankfurter API
2025-01-20,USD_CNY,人民币/美元汇率（USD/CNY，1美元兑人民币）,7.312,人民币/美元,日度,Frankfurter API
2025-01-21,USD_CNY,人民币/美元汇率（USD/CNY，1美元兑人民币）,7.2843,人民币/美元,日度,Frankfurter API
2025-01-22,USD_CNY,人民币/美元汇率（USD/CNY，1美元兑人民币）,7.2673,人民币/美元,日度,Frankfurter API
2025-01-23,USD_CNY,人民币/美元汇率（USD/CNY，1美元兑人民币）,7.2884,人民币/美元,日度,Frankfurter API
2025-01-24,USD_CNY,人民币/美元汇率（USD/CNY，1美元兑人民币）,7.247,人民币/美元,日度,Frankfurter API
2025-01-27,USD_CNY,人民币/美元汇率（USD/CNY，1美元兑人民币）,7.2465,人民币/美元,日度,Frankfurter API
2025-01-28,USD_CNY,人民币/美元汇率（USD/CNY，1美元兑人民币）,7.2466,人民币/美元,日度,Frankfurter API
2025-01-29,USD_CNY,人民币/美元汇率（USD/CNY，1美元兑人民币）,7.2513,人民币/美元,日度,Frankfurter API
2025-01-30,USD_CNY,人民币/美元汇率（USD/CNY，1美元兑人民币）,7.2514,人民币/美元,日度,Frankfurter API
2025-01-31,USD_CNY,人民币/美元汇率（USD/CNY，1美元兑人民币）,7.2513,人民币/美元,日度,Frankfurter API
2025-02-03,USD_CNY,人民币/美元汇率（USD/CNY，1美元兑人民币）,7.2513,人民币/美元,日度,Frankfurter API
2025-02-04,USD_CNY,人民币/美元汇率（USD/CNY，1美元兑人民币）,7.2514,人民币/美元,日度,Frankfurter API
2025-02-05,USD_CNY,人民币/美元汇率（USD/CNY，1美元兑人民币）,7.2728,人民币/美元,日度,Frankfurter API
2025-02-06,USD_CNY,人民币/美元汇率（USD/CNY，1美元兑人民币）,7.2887,人民币/美元,日度,Frankfurter API
2025-02-07,USD_CNY,人民币/美元汇率（USD/CNY，1美元兑人民币）,7.2886,人民币/美元,日度,Frankfurter API
2025-02-10,USD_CNY,人民币/美元汇率（USD/CNY，1美元兑人民币）,7.3057,人民币/美元,日度,Frankfurter API
2025-02-11,USD_CNY,人民币/美元汇率（USD/CNY，1美元兑人民币）,7.3072,人民币/美元,日度,Frankfurter API
2025-02-12,USD_CNY,人民币/美元汇率（USD/CNY，1美元兑人民币）,7.309,人民币/美元,日度,Frankfurter API
2025-02-13,USD_CNY,人民币/美元汇率（USD/CNY，1美元兑人民币）,7.2971,人民币/美元,日度,Frankfurter API
2025-02-14,USD_CNY,人民币/美元汇率（USD/CNY，1美元兑人民币）,7.2667,人民币/美元,日度,Frankfurter API
2025-02-17,USD_CNY,人民币/美元汇率（USD/CNY，1美元兑人民币）,7.2631,人民币/美元,日度,Frankfurter API
2025-02-18,USD_CNY,人民币/美元汇率（USD/CNY，1美元兑人民币）,7.2802,人民币/美元,日度,Frankfurter API
2025-02-19,USD_CNY,人民币/美元汇率（USD/CNY，1美元兑人民币）,7.2855,人民币/美元,日度,Frankfurter API
2025-02-20,USD_CNY,人民币/美元汇率（USD/CNY，1美元兑人民币）,7.2591,人民币/美元,日度,Frankfurter API
2025-02-21,USD_CNY,人民币/美元汇率（USD/CNY，1美元兑人民币）,7.2559,人民币/美元,日度,Frankfurter API
2025-02-24,USD_CNY,人民币/美元汇率（USD/CNY，1美元兑人民币）,7.25,人民币/美元,日度,Frankfurter API
2025-02-25,USD_CNY,人民币/美元汇率（USD/CNY，1美元兑人民币）,7.261,人民币/美元,日度,Frankfurter API
2025-02-26,USD_CNY,人民币/美元汇率（USD/CNY，1美元兑人民币）,7.259,人民币/美元,日度,Frankfurter API
2025-02-27,USD_CNY,人民币/美元汇率（USD/CNY，1美元兑人民币）,7.2661,人民币/美元,日度,Frankfurter API
2025-02-28,USD_CNY,人民币/美元汇率（USD/CNY，1美元兑人民币）,7.279,人民币/美元,日度,Frankfurter API
2025-03-03,USD_CNY,人民币/美元汇率（USD/CNY，1美元兑人民币）,7.2892,人民币/美元,日度,Frankfurter API
2025-03-04,USD_CNY,人民币/美元汇率（USD/CNY，1美元兑人民币）,7.2572,人民币/美元,日度,Frankfurter API
2025-03-05,USD_CNY,人民币/美元汇率（USD/CNY，1美元兑人民币）,7.2634,人民币/美元,日度,Frankfurter API
2025-03-06,USD_CNY,人民币/美元汇率（USD/CNY，1美元兑人民币）,7.2478,人民币/美元,日度,Frankfurter API
2025-03-07,USD_CNY,人民币/美元汇率（USD/CNY，1美元兑人民币）,7.236,人民币/美元,日度,Frankfurter API
2025-03-10,USD_CNY,人民币/美元汇率（USD/CNY，1美元兑人民币）,7.2585,人民币/美元,日度,Frankfurter API
2025-03-11,USD_CNY,人民币/美元汇率（USD/CNY，1美元兑人民币）,7.2332,人民币/美元,日度,Frankfurter API
2025-03-12,USD_CNY,人民币/美元汇率（USD/CNY，1美元兑人民币）,7.2431,人民币/美元,日度,Frankfurter API
2025-03-13,USD_CNY,人民币/美元汇率（USD/CNY，1美元兑人民币）,7.2477,人民币/美元,日度,Frankfurter API
2025-03-14,USD_CNY,人民币/美元汇率（USD/CNY，1美元兑人民币）,7.2387,人民币/美元,日度,Frankfurter API
2025-03-17,USD_CNY,人民币/美元汇率（USD/CNY，1美元兑人民币）,7.2337,人民币/美元,日度,Frankfurter API
2025-03-18,USD_CNY,人民币/美元汇率（USD/CNY，1美元兑人民币）,7.2272,人民币/美元,日度,Frankfurter API
2025-03-19,USD_CNY,人民币/美元汇率（USD/CNY，1美元兑人民币）,7.2301,人民币/美元,日度,Frankfurter API
2025-03-20,USD_CNY,人民币/美元汇率（USD/CNY，1美元兑人民币）,7.2446,人民币/美元,日度,Frankfurter API
2025-03-21,USD_CNY,人民币/美元汇率（USD/CNY，1美元兑人民币）,7.2483,人民币/美元,日度,Frankfurter API
2025-03-24,USD_CNY,人民币/美元汇率（USD/CNY，1美元兑人民币）,7.2536,人民币/美元,日度,Frankfurter API
2025-03-25,USD_CNY,人民币/美元汇率（USD/CNY，1美元兑人民币）,7.2583,人民币/美元,日度,Frankfurter API
2025-03-26,USD_CNY,人民币/美元汇率（USD/CNY，1美元兑人民币）,7.2656,人民币/美元,日度,Frankfurter API
2025-03-27,USD_CNY,人民币/美元汇率（USD/CNY，1美元兑人民币）,7.2657,人民币/美元,日度,Frankfurter API
2025-03-28,USD_CNY,人民币/美元汇率（USD/CNY，1美元兑人民币）,7.2654,人民币/美元,日度,Frankfurter API
2025-03-31,USD_CNY,人民币/美元汇率（USD/CNY，1美元兑人民币）,7.2531,人民币/美元,日度,Frankfurter API
2025-04-01,USD_CNY,人民币/美元汇率（USD/CNY，1美元兑人民币）,7.2702,人民币/美元,日度,Frankfurter API
2025-04-02,USD_CNY,人民币/美元汇率（USD/CNY，1美元兑人民币）,7.2692,人民币/美元,日度,Frankfurter API
2025-04-03,USD_CNY,人民币/美元汇率（USD/CNY，1美元兑人民币）,7.292,人民币/美元,日度,Frankfurter API
2025-04-04,USD_CNY,人民币/美元汇率（USD/CNY，1美元兑人民币）,7.2821,人民币/美元,日度,Frankfurter API
2025-04-07,USD_CNY,人民币/美元汇率（USD/CNY，1美元兑人民币）,7.3087,人民币/美元,日度,Frankfurter API
2025-04-08,USD_CNY,人民币/美元汇率（USD/CNY，1美元兑人民币）,7.3387,人民币/美元,日度,Frankfurter API
2025-04-09,USD_CNY,人民币/美元汇率（USD/CNY，1美元兑人民币）,7.3498,人民币/美元,日度,Frankfurter API
2025-04-10,USD_CNY,人民币/美元汇率（USD/CNY，1美元兑人民币）,7.3215,人民币/美元,日度,Frankfurter API
2025-04-11,USD_CNY,人民币/美元汇率（USD/CNY，1美元兑人民币）,7.2994,人民币/美元,日度,Frankfurter API
2025-04-14,USD_CNY,人民币/美元汇率（USD/CNY，1美元兑人民币）,7.3126,人民币/美元,日度,Frankfurter API
2025-04-15,USD_CNY,人民币/美元汇率（USD/CNY，1美元兑人民币）,7.315,人民币/美元,日度,Frankfurter API
2025-04-16,USD_CNY,人民币/美元汇率（USD/CNY，1美元兑人民币）,7.3061,人民币/美元,日度,Frankfurter API
2025-04-17,USD_CNY,人民币/美元汇率（USD/CNY，1美元兑人民币）,7.2975,人民币/美元,日度,Frankfurter API
2025-04-22,USD_CNY,人民币/美元汇率（USD/CNY，1美元兑人民币）,7.3134,人民币/美元,日度,Frankfurter API
2025-04-23,USD_CNY,人民币/美元汇率（USD/CNY，1美元兑人民币）,7.2886,人民币/美元,日度,Frankfurter API
2025-04-24,USD_CNY,人民币/美元汇率（USD/CNY，1美元兑人民币）,7.2895,人民币/美元,日度,Frankfurter API
2025-04-25,USD_CNY,人民币/美元汇率（USD/CNY，1美元兑人民币）,7.2883,人民币/美元,日度,Frankfurter API
2025-04-28,USD_CNY,人民币/美元汇率（USD/CNY，1美元兑人民币）,7.298,人民币/美元,日度,Frankfurter API
2025-04-29,USD_CNY,人民币/美元汇率（USD/CNY，1美元兑人民币）,7.2729,人民币/美元,日度,Frankfurter API
2025-04-30,USD_CNY,人民币/美元汇率（USD/CNY，1美元兑人民币）,7.2659,人民币/美元,日度,Frankfurter API
2025-05-02,USD_CNY,人民币/美元汇率（USD/CNY，1美元兑人民币）,7.2714,人民币/美元,日度,Frankfurter API
2025-05-05,USD_CNY,人民币/美元汇率（USD/CNY，1美元兑人民币）,7.2714,人民币/美元,日度,Frankfurter API
2025-05-06,USD_CNY,人民币/美元汇率（USD/CNY，1美元兑人民币）,7.2172,人民币/美元,日度,Frankfurter API
2025-05-07,USD_CNY,人民币/美元汇率（USD/CNY，1美元兑人民币）,7.2253,人民币/美元,日度,Frankfurter API
2025-05-08,USD_CNY,人民币/美元汇率（USD/CNY，1美元兑人民币）,7.2377,人民币/美元,日度,Frankfurter API
2025-05-09,USD_CNY,人民币/美元汇率（USD/CNY，1美元兑人民币）,7.2405,人民币/美元,日度,Frankfurter API
2025-05-12,USD_CNY,人民币/美元汇率（USD/CNY，1美元兑人民币）,7.2032,人民币/美元,日度,Frankfurter API
2025-05-13,USD_CNY,人民币/美元汇率（USD/CNY，1美元兑人民币）,7.2013,人民币/美元,日度,Frankfurter API
2025-05-14,USD_CNY,人民币/美元汇率（USD/CNY，1美元兑人民币）,7.2047,人民币/美元,日度,Frankfurter API
2025-05-15,USD_CNY,人民币/美元汇率（USD/CNY，1美元兑人民币）,7.2115,人民币/美元,日度,Frankfurter API
2025-05-16,USD_CNY,人民币/美元汇率（USD/CNY，1美元兑人民币）,7.2056,人民币/美元,日度,Frankfurter API
2025-05-19,USD_CNY,人民币/美元汇率（USD/CNY，1美元兑人民币）,7.2123,人民币/美元,日度,Frankfurter API
2025-05-20,USD_CNY,人民币/美元汇率（USD/CNY，1美元兑人民币）,7.2195,人民币/美元,日度,Frankfurter API
2025-05-21,USD_CNY,人民币/美元汇率（USD/CNY，1美元兑人民币）,7.2034,人民币/美元,日度,Frankfurter API
2025-05-22,USD_CNY,人民币/美元汇率（USD/CNY，1美元兑人民币）,7.2046,人民币/美元,日度,Frankfurter API
2025-05-23,USD_CNY,人民币/美元汇率（USD/CNY，1美元兑人民币）,7.1849,人民币/美元,日度,Frankfurter API
2025-05-26,USD_CNY,人民币/美元汇率（USD/CNY，1美元兑人民币）,7.187,人民币/美元,日度,Frankfurter API
2025-05-27,USD_CNY,人民币/美元汇率（USD/CNY，1美元兑人民币）,7.1952,人民币/美元,日度,Frankfurter API
2025-05-28,USD_CNY,人民币/美元汇率（USD/CNY，1美元兑人民币）,7.1929,人民币/美元,日度,Frankfurter API
2025-05-29,USD_CNY,人民币/美元汇率（USD/CNY，1美元兑人民币）,7.1885,人民币/美元,日度,Frankfurter API
2025-05-30,USD_CNY,人民币/美元汇率（USD/CNY，1美元兑人民币）,7.1943,人民币/美元,日度,Frankfurter API
2025-06-02,USD_CNY,人民币/美元汇率（USD/CNY，1美元兑人民币）,7.1998,人民币/美元,日度,Frankfurter API
2025-06-03,USD_CNY,人民币/美元汇率（USD/CNY，1美元兑人民币）,7.1879,人民币/美元,日度,Frankfurter API
2025-06-04,USD_CNY,人民币/美元汇率（USD/CNY，1美元兑人民币）,7.1886,人民币/美元,日度,Frankfurter API
2025-06-05,USD_CNY,人民币/美元汇率（USD/CNY，1美元兑人民币）,7.1792,人民币/美元,日度,Frankfurter API
2025-06-06,USD_CNY,人民币/美元汇率（USD/CNY，1美元兑人民币）,7.1821,人民币/美元,日度,Frankfurter API
2025-06-09,USD_CNY,人民币/美元汇率（USD/CNY，1美元兑人民币）,7.1817,人民币/美元,日度,Frankfurter API
2025-06-10,USD_CNY,人民币/美元汇率（USD/CNY，1美元兑人民币）,7.1848,人民币/美元,日度,Frankfurter API
2025-06-11,USD_CNY,人民币/美元汇率（USD/CNY，1美元兑人民币）,7.1873,人民币/美元,日度,Frankfurter API
2025-06-12,USD_CNY,人民币/美元汇率（USD/CNY，1美元兑人民币）,7.1762,人民币/美元,日度,Frankfurter API
2025-06-13,USD_CNY,人民币/美元汇率（USD/CNY，1美元兑人民币）,7.1822,人民币/美元,日度,Frankfurter API
2025-06-16,USD_CNY,人民币/美元汇率（USD/CNY，1美元兑人民币）,7.1801,人民币/美元,日度,Frankfurter API
2025-06-17,USD_CNY,人民币/美元汇率（USD/CNY，1美元兑人民币）,7.1828,人民币/美元,日度,Frankfurter API
2025-06-18,USD_CNY,人民币/美元汇率（USD/CNY，1美元兑人民币）,7.1883,人民币/美元,日度,Frankfurter API
2025-06-19,USD_CNY,人民币/美元汇率（USD/CNY，1美元兑人民币）,7.1873,人民币/美元,日度,Frankfurter API
2025-06-20,USD_CNY,人民币/美元汇率（USD/CNY，1美元兑人民币）,7.177,人民币/美元,日度,Frankfurter API
2025-06-23,USD_CNY,人民币/美元汇率（USD/CNY，1美元兑人民币）,7.1864,人民币/美元,日度,Frankfurter API
2025-06-24,USD_CNY,人民币/美元汇率（USD/CNY，1美元兑人民币）,7.1734,人民币/美元,日度,Frankfurter API
2025-06-25,USD_CNY,人民币/美元汇率（USD/CNY，1美元兑人民币）,7.1745,人民币/美元,日度,Frankfurter API
2025-06-26,USD_CNY,人民币/美元汇率（USD/CNY，1美元兑人民币）,7.1708,人民币/美元,日度,Frankfurter API
2025-06-27,USD_CNY,人民币/美元汇率（USD/CNY，1美元兑人民币）,7.1718,人民币/美元,日度,Frankfurter API
2025-06-30,USD_CNY,人民币/美元汇率（USD/CNY，1美元兑人民币）,7.1647,人民币/美元,日度,Frankfurter API
2025-07-01,USD_CNY,人民币/美元汇率（USD/CNY，1美元兑人民币）,7.1621,人民币/美元,日度,Frankfurter API
2025-07-02,USD_CNY,人民币/美元汇率（USD/CNY，1美元兑人民币）,7.1693,人民币/美元,日度,Frankfurter API
2025-07-03,USD_CNY,人民币/美元汇率（USD/CNY，1美元兑人民币）,7.1615,人民币/美元,日度,Frankfurter API
2025-07-04,USD_CNY,人民币/美元汇率（USD/CNY，1美元兑人民币）,7.1628,人民币/美元,日度,Frankfurter API
2025-07-07,USD_CNY,人民币/美元汇率（USD/CNY，1美元兑人民币）,7.1733,人民币/美元,日度,Frankfurter API
2025-07-08,USD_CNY,人民币/美元汇率（USD/CNY，1美元兑人民币）,7.1741,人民币/美元,日度,Frankfurter API
2025-07-09,USD_CNY,人民币/美元汇率（USD/CNY，1美元兑人民币）,7.1801,人民币/美元,日度,Frankfurter API
2025-07-10,USD_CNY,人民币/美元汇率（USD/CNY，1美元兑人民币）,7.1748,人民币/美元,日度,Frankfurter API
2025-07-11,USD_CNY,人民币/美元汇率（USD/CNY，1美元兑人民币）,7.1678,人民币/美元,日度,Frankfurter API
2025-07-14,USD_CNY,人民币/美元汇率（USD/CNY，1美元兑人民币）,7.1672,人民币/美元,日度,Frankfurter API
2025-07-15,USD_CNY,人民币/美元汇率（USD/CNY，1美元兑人民币）,7.173,人民币/美元,日度,Frankfurter API
2025-07-16,USD_CNY,人民币/美元汇率（USD/CNY，1美元兑人民币）,7.1806,人民币/美元,日度,Frankfurter API
2025-07-17,USD_CNY,人民币/美元汇率（USD/CNY，1美元兑人民币）,7.1817,人民币/美元,日度,Frankfurter API
2025-07-18,USD_CNY,人民币/美元汇率（USD/CNY，1美元兑人民币）,7.1779,人民币/美元,日度,Frankfurter API
2025-07-21,USD_CNY,人民币/美元汇率（USD/CNY，1美元兑人民币）,7.1763,人民币/美元,日度,Frankfurter API
2025-07-22,USD_CNY,人民币/美元汇率（USD/CNY，1美元兑人民币）,7.175,人民币/美元,日度,Frankfurter API
2025-07-23,USD_CNY,人民币/美元汇率（USD/CNY，1美元兑人民币）,7.1602,人民币/美元,日度,Frankfurter API
2025-07-24,USD_CNY,人民币/美元汇率（USD/CNY，1美元兑人民币）,7.1574,人民币/美元,日度,Frankfurter API
2025-07-25,USD_CNY,人民币/美元汇率（USD/CNY，1美元兑人民币）,7.1687,人民币/美元,日度,Frankfurter API
2025-07-28,USD_CNY,人民币/美元汇率（USD/CNY，1美元兑人民币）,7.1739,人民币/美元,日度,Frankfurter API
2025-07-29,USD_CNY,人民币/美元汇率（USD/CNY，1美元兑人民币）,7.1775,人民币/美元,日度,Frankfurter API
2025-07-30,USD_CNY,人民币/美元汇率（USD/CNY，1美元兑人民币）,7.1817,人民币/美元,日度,Frankfurter API
2025-07-31,USD_CNY,人民币/美元汇率（USD/CNY，1美元兑人民币）,7.1947,人民币/美元,日度,Frankfurter API
2025-08-01,USD_CNY,人民币/美元汇率（USD/CNY，1美元兑人民币）,7.2118,人民币/美元,日度,Frankfurter API
2025-08-04,USD_CNY,人民币/美元汇率（USD/CNY，1美元兑人民币）,7.1762,人民币/美元,日度,Frankfurter API
2025-08-05,USD_CNY,人民币/美元汇率（USD/CNY，1美元兑人民币）,7.1874,人民币/美元,日度,Frankfurter API
2025-08-06,USD_CNY,人民币/美元汇率（USD/CNY，1美元兑人民币）,7.1857,人民币/美元,日度,Frankfurter API
2025-08-07,USD_CNY,人民币/美元汇率（USD/CNY，1美元兑人民币）,7.1792,人民币/美元,日度,Frankfurter API
2025-08-08,USD_CNY,人民币/美元汇率（USD/CNY，1美元兑人民币）,7.1838,人民币/美元,日度,Frankfurter API
2025-08-11,USD_CNY,人民币/美元汇率（USD/CNY，1美元兑人民币）,7.1846,人民币/美元,日度,Frankfurter API
2025-08-12,USD_CNY,人民币/美元汇率（USD/CNY，1美元兑人民币）,7.1873,人民币/美元,日度,Frankfurter API
2025-08-13,USD_CNY,人民币/美元汇率（USD/CNY，1美元兑人民币）,7.1745,人民币/美元,日度,Frankfurter API
2025-08-14,USD_CNY,人民币/美元汇率（USD/CNY，1美元兑人民币）,7.1706,人民币/美元,日度,Frankfurter API
2025-08-15,USD_CNY,人民币/美元汇率（USD/CNY，1美元兑人民币）,7.1791,人民币/美元,日度,Frankfurter API
2025-08-18,USD_CNY,人民币/美元汇率（USD/CNY，1美元兑人民币）,7.1788,人民币/美元,日度,Frankfurter API
2025-08-19,USD_CNY,人民币/美元汇率（USD/CNY，1美元兑人民币）,7.1791,人民币/美元,日度,Frankfurter API
2025-08-20,USD_CNY,人民币/美元汇率（USD/CNY，1美元兑人民币）,7.1761,人民币/美元,日度,Frankfurter API
2025-08-21,USD_CNY,人民币/美元汇率（USD/CNY，1美元兑人民币）,7.1782,人民币/美元,日度,Frankfurter API
2025-08-22,USD_CNY,人民币/美元汇率（USD/CNY，1美元兑人民币）,7.1789,人民币/美元,日度,Frankfurter API
2025-08-25,USD_CNY,人民币/美元汇率（USD/CNY，1美元兑人民币）,7.1565,人民币/美元,日度,Frankfurter API
2025-08-26,USD_CNY,人民币/美元汇率（USD/CNY，1美元兑人民币）,7.1574,人民币/美元,日度,Frankfurter API
2025-08-27,USD_CNY,人民币/美元汇率（USD/CNY，1美元兑人民币）,7.1618,人民币/美元,日度,Frankfurter API
2025-08-28,USD_CNY,人民币/美元汇率（USD/CNY，1美元兑人民币）,7.1314,人民币/美元,日度,Frankfurter API
2025-08-29,USD_CNY,人民币/美元汇率（USD/CNY，1美元兑人民币）,7.1329,人民币/美元,日度,Frankfurter API
2025-09-01,USD_CNY,人民币/美元汇率（USD/CNY，1美元兑人民币）,7.1345,人民币/美元,日度,Frankfurter API
2025-09-02,USD_CNY,人民币/美元汇率（USD/CNY，1美元兑人民币）,7.1443,人民币/美元,日度,Frankfurter API
2025-09-03,USD_CNY,人民币/美元汇率（USD/CNY，1美元兑人民币）,7.1456,人民币/美元,日度,Frankfurter API
2025-09-04,USD_CNY,人民币/美元汇率（USD/CNY，1美元兑人民币）,7.1407,人民币/美元,日度,Frankfurter API
2025-09-05,USD_CNY,人民币/美元汇率（USD/CNY，1美元兑人民币）,7.1376,人民币/美元,日度,Frankfurter API
2025-09-08,USD_CNY,人民币/美元汇率（USD/CNY，1美元兑人民币）,7.1299,人民币/美元,日度,Frankfurter API
2025-09-09,USD_CNY,人民币/美元汇率（USD/CNY，1美元兑人民币）,7.1215,人民币/美元,日度,Frankfurter API
2025-09-10,USD_CNY,人民币/美元汇率（USD/CNY，1美元兑人民币）,7.1228,人民币/美元,日度,Frankfurter API
2025-09-11,USD_CNY,人民币/美元汇率（USD/CNY，1美元兑人民币）,7.1247,人民币/美元,日度,Frankfurter API
2025-09-12,USD_CNY,人民币/美元汇率（USD/CNY，1美元兑人民币）,7.1225,人民币/美元,日度,Frankfurter API
2025-09-15,USD_CNY,人民币/美元汇率（USD/CNY，1美元兑人民币）,7.1218,人民币/美元,日度,Frankfurter API
2025-09-16,USD_CNY,人民币/美元汇率（USD/CNY，1美元兑人民币）,7.1153,人民币/美元,日度,Frankfurter API
2025-09-17,USD_CNY,人民币/美元汇率（USD/CNY，1美元兑人民币）,7.1042,人民币/美元,日度,Frankfurter API
2025-09-18,USD_CNY,人民币/美元汇率（USD/CNY，1美元兑人民币）,7.1055,人民币/美元,日度,Frankfurter API
2025-09-19,USD_CNY,人民币/美元汇率（USD/CNY，1美元兑人民币）,7.1157,人民币/美元,日度,Frankfurter API
2025-09-22,USD_CNY,人民币/美元汇率（USD/CNY，1美元兑人民币）,7.1121,人民币/美元,日度,Frankfurter API
2025-09-23,USD_CNY,人民币/美元汇率（USD/CNY，1美元兑人民币）,7.1118,人民币/美元,日度,Frankfurter API
2025-09-24,USD_CNY,人民币/美元汇率（USD/CNY，1美元兑人民币）,7.1271,人民币/美元,日度,Frankfurter API
2025-09-25,USD_CNY,人民币/美元汇率（USD/CNY，1美元兑人民币）,7.1241,人民币/美元,日度,Frankfurter API
2025-09-26,USD_CNY,人民币/美元汇率（USD/CNY，1美元兑人民币）,7.1374,人民币/美元,日度,Frankfurter API
2025-09-29,USD_CNY,人民币/美元汇率（USD/CNY，1美元兑人民币）,7.1212,人民币/美元,日度,Frankfurter API
2025-09-30,USD_CNY,人民币/美元汇率（USD/CNY，1美元兑人民币）,7.1196,人民币/美元,日度,Frankfurter API
2025-10-01,USD_CNY,人民币/美元汇率（USD/CNY，1美元兑人民币）,7.1196,人民币/美元,日度,Frankfurter API
2025-10-02,USD_CNY,人民币/美元汇率（USD/CNY，1美元兑人民币）,7.1195,人民币/美元,日度,Frankfurter API
2025-10-03,USD_CNY,人民币/美元汇率（USD/CNY，1美元兑人民币）,7.1196,人民币/美元,日度,Frankfurter API
2025-10-06,USD_CNY,人民币/美元汇率（USD/CNY，1美元兑人民币）,7.1195,人民币/美元,日度,Frankfurter API
2025-10-07,USD_CNY,人民币/美元汇率（USD/CNY，1美元兑人民币）,7.1196,人民币/美元,日度,Frankfurter API
2025-10-08,USD_CNY,人民币/美元汇率（USD/CNY，1美元兑人民币）,7.1195,人民币/美元,日度,Frankfurter API
2025-10-09,USD_CNY,人民币/美元汇率（USD/CNY，1美元兑人民币）,7.1224,人民币/美元,日度,Frankfurter API
2025-10-10,USD_CNY,人民币/美元汇率（USD/CNY，1美元兑人民币）,7.1228,人民币/美元,日度,Frankfurter API
2025-10-13,USD_CNY,人民币/美元汇率（USD/CNY，1美元兑人民币）,7.1321,人民币/美元,日度,Frankfurter API
2025-10-14,USD_CNY,人民币/美元汇率（USD/CNY，1美元兑人民币）,7.14,人民币/美元,日度,Frankfurter API
2025-10-15,USD_CNY,人民币/美元汇率（USD/CNY，1美元兑人民币）,7.1264,人民币/美元,日度,Frankfurter API
2025-10-16,USD_CNY,人民币/美元汇率（USD/CNY，1美元兑人民币）,7.1258,人民币/美元,日度,Frankfurter API
2025-10-17,USD_CNY,人民币/美元汇率（USD/CNY，1美元兑人民币）,7.1223,人民币/美元,日度,Frankfurter API
2025-10-20,USD_CNY,人民币/美元汇率（USD/CNY，1美元兑人民币）,7.1235,人民币/美元,日度,Frankfurter API
2025-10-21,USD_CNY,人民币/美元汇率（USD/CNY，1美元兑人民币）,7.1186,人民币/美元,日度,Frankfurter API
2025-10-22,USD_CNY,人民币/美元汇率（USD/CNY，1美元兑人民币）,7.1266,人民币/美元,日度,Frankfurter API
2025-10-23,USD_CNY,人民币/美元汇率（USD/CNY，1美元兑人民币）,7.1244,人民币/美元,日度,Frankfurter API
2025-10-24,USD_CNY,人民币/美元汇率（USD/CNY，1美元兑人民币）,7.1225,人民币/美元,日度,Frankfurter API
2025-10-27,USD_CNY,人民币/美元汇率（USD/CNY，1美元兑人民币）,7.1075,人民币/美元,日度,Frankfurter API
2025-10-28,USD_CNY,人民币/美元汇率（USD/CNY，1美元兑人民币）,7.1014,人民币/美元,日度,Frankfurter API
2025-10-29,USD_CNY,人民币/美元汇率（USD/CNY，1美元兑人民币）,7.0994,人民币/美元,日度,Frankfurter API
2025-10-30,USD_CNY,人民币/美元汇率（USD/CNY，1美元兑人民币）,7.1143,人民币/美元,日度,Frankfurter API
2025-10-31,USD_CNY,人民币/美元汇率（USD/CNY，1美元兑人民币）,7.1162,人民币/美元,日度,Frankfurter API
2025-11-03,USD_CNY,人民币/美元汇率（USD/CNY，1美元兑人民币）,7.1206,人民币/美元,日度,Frankfurter API
2025-11-04,USD_CNY,人民币/美元汇率（USD/CNY，1美元兑人民币）,7.1253,人民币/美元,日度,Frankfurter API
2025-11-05,USD_CNY,人民币/美元汇率（USD/CNY，1美元兑人民币）,7.1271,人民币/美元,日度,Frankfurter API
2025-11-06,USD_CNY,人民币/美元汇率（USD/CNY，1美元兑人民币）,7.1195,人民币/美元,日度,Frankfurter API
2025-11-07,USD_CNY,人民币/美元汇率（USD/CNY，1美元兑人民币）,7.1208,人民币/美元,日度,Frankfurter API
2025-11-10,USD_CNY,人民币/美元汇率（USD/CNY，1美元兑人民币）,7.1193,人民币/美元,日度,Frankfurter API
2025-11-11,USD_CNY,人民币/美元汇率（USD/CNY，1美元兑人民币）,7.1185,人民币/美元,日度,Frankfurter API
2025-11-12,USD_CNY,人民币/美元汇率（USD/CNY，1美元兑人民币）,7.1165,人民币/美元,日度,Frankfurter API
2025-11-13,USD_CNY,人民币/美元汇率（USD/CNY，1美元兑人民币）,7.0961,人民币/美元,日度,Frankfurter API
2025-11-14,USD_CNY,人民币/美元汇率（USD/CNY，1美元兑人民币）,7.0961,人民币/美元,日度,Frankfurter API
2025-11-17,USD_CNY,人民币/美元汇率（USD/CNY，1美元兑人民币）,7.1076,人民币/美元,日度,Frankfurter API
2025-11-18,USD_CNY,人民币/美元汇率（USD/CNY，1美元兑人民币）,7.1104,人民币/美元,日度,Frankfurter API
2025-11-19,USD_CNY,人民币/美元汇率（USD/CNY，1美元兑人民币）,7.1103,人民币/美元,日度,Frankfurter API
2025-11-20,USD_CNY,人民币/美元汇率（USD/CNY，1美元兑人民币）,7.1138,人民币/美元,日度,Frankfurter API
2025-11-21,USD_CNY,人民币/美元汇率（USD/CNY，1美元兑人民币）,7.1098,人民币/美元,日度,Frankfurter API
2025-11-24,USD_CNY,人民币/美元汇率（USD/CNY，1美元兑人民币）,7.0888,人民币/美元,日度,Frankfurter API
2025-11-25,USD_CNY,人民币/美元汇率（USD/CNY，1美元兑人民币）,7.0855,人民币/美元,日度,Frankfurter API
2025-11-26,USD_CNY,人民币/美元汇率（USD/CNY，1美元兑人民币）,7.0795,人民币/美元,日度,Frankfurter API
2025-11-27,USD_CNY,人民币/美元汇率（USD/CNY，1美元兑人民币）,7.0834,人民币/美元,日度,Frankfurter API
2025-11-28,USD_CNY,人民币/美元汇率（USD/CNY，1美元兑人民币）,7.0756,人民币/美元,日度,Frankfurter API
2025-12-01,USD_CNY,人民币/美元汇率（USD/CNY，1美元兑人民币）,7.0718,人民币/美元,日度,Frankfurter API
2025-12-02,USD_CNY,人民币/美元汇率（USD/CNY，1美元兑人民币）,7.071,人民币/美元,日度,Frankfurter API
2025-12-03,USD_CNY,人民币/美元汇率（USD/CNY，1美元兑人民币）,7.0638,人民币/美元,日度,Frankfurter API
2025-12-04,USD_CNY,人民币/美元汇率（USD/CNY，1美元兑人民币）,7.0717,人民币/美元,日度,Frankfurter API
2025-12-05,USD_CNY,人民币/美元汇率（USD/CNY，1美元兑人民币）,7.0702,人民币/美元,日度,Frankfurter API
2025-12-08,USD_CNY,人民币/美元汇率（USD/CNY，1美元兑人民币）,7.068,人民币/美元,日度,Frankfurter API
2025-12-09,USD_CNY,人民币/美元汇率（USD/CNY，1美元兑人民币）,7.0643,人民币/美元,日度,Frankfurter API
2025-12-10,USD_CNY,人民币/美元汇率（USD/CNY，1美元兑人民币）,7.0625,人民币/美元,日度,Frankfurter API
2025-12-11,USD_CNY,人民币/美元汇率（USD/CNY，1美元兑人民币）,7.0581,人民币/美元,日度,Frankfurter API
2025-12-12,USD_CNY,人民币/美元汇率（USD/CNY，1美元兑人民币）,7.0547,人民币/美元,日度,Frankfurter API
2025-12-15,USD_CNY,人民币/美元汇率（USD/CNY，1美元兑人民币）,7.0471,人民币/美元,日度,Frankfurter API
2025-12-16,USD_CNY,人民币/美元汇率（USD/CNY，1美元兑人民币）,7.0423,人民币/美元,日度,Frankfurter API
2025-12-17,USD_CNY,人民币/美元汇率（USD/CNY，1美元兑人民币）,7.0439,人民币/美元,日度,Frankfurter API
2025-12-18,USD_CNY,人民币/美元汇率（USD/CNY，1美元兑人民币）,7.0413,人民币/美元,日度,Frankfurter API
2025-12-19,USD_CNY,人民币/美元汇率（USD/CNY，1美元兑人民币）,7.0411,人民币/美元,日度,Frankfurter API
2025-12-22,USD_CNY,人民币/美元汇率（USD/CNY，1美元兑人民币）,7.037,人民币/美元,日度,Frankfurter API
2025-12-23,USD_CNY,人民币/美元汇率（USD/CNY，1美元兑人民币）,7.0281,人民币/美元,日度,Frankfurter API
2025-12-24,USD_CNY,人民币/美元汇率（USD/CNY，1美元兑人民币）,7.0144,人民币/美元,日度,Frankfurter API
2025-12-29,USD_CNY,人民币/美元汇率（USD/CNY，1美元兑人民币）,7.0065,人民币/美元,日度,Frankfurter API
2025-12-30,USD_CNY,人民币/美元汇率（USD/CNY，1美元兑人民币）,6.9929,人民币/美元,日度,Frankfurter API
2025-12-31,USD_CNY,人民币/美元汇率（USD/CNY，1美元兑人民币）,7.001,人民币/美元,日度,Frankfurter API
2026-01-02,USD_CNY,人民币/美元汇率（USD/CNY，1美元兑人民币）,6.9937,人民币/美元,日度,Frankfurter API
2026-01-05,USD_CNY,人民币/美元汇率（USD/CNY，1美元兑人民币）,6.9854,人民币/美元,日度,Frankfurter API
2026-01-06,USD_CNY,人民币/美元汇率（USD/CNY，1美元兑人民币）,6.9844,人民币/美元,日度,Frankfurter API
2026-01-07,USD_CNY,人民币/美元汇率（USD/CNY，1美元兑人民币）,6.9912,人民币/美元,日度,Frankfurter API
2026-01-08,USD_CNY,人民币/美元汇率（USD/CNY，1美元兑人民币）,6.9818,人民币/美元,日度,Frankfurter API
2026-01-09,USD_CNY,人民币/美元汇率（USD/CNY，1美元兑人民币）,6.9823,人民币/美元,日度,Frankfurter API
2026-01-12,USD_CNY,人民币/美元汇率（USD/CNY，1美元兑人民币）,6.9731,人民币/美元,日度,Frankfurter API
2026-01-13,USD_CNY,人民币/美元汇率（USD/CNY，1美元兑人民币）,6.9756,人民币/美元,日度,Frankfurter API
2026-01-14,USD_CNY,人民币/美元汇率（USD/CNY，1美元兑人民币）,6.9734,人民币/美元,日度,Frankfurter API
2026-01-15,USD_CNY,人民币/美元汇率（USD/CNY，1美元兑人民币）,6.9673,人民币/美元,日度,Frankfurter API
2026-01-16,USD_CNY,人民币/美元汇率（USD/CNY，1美元兑人民币）,6.9697,人民币/美元,日度,Frankfurter API
2026-01-19,USD_CNY,人民币/美元汇率（USD/CNY，1美元兑人民币）,6.9634,人民币/美元,日度,Frankfurter API
2026-01-20,USD_CNY,人民币/美元汇率（USD/CNY，1美元兑人民币）,6.9589,人民币/美元,日度,Frankfurter API
2026-01-21,USD_CNY,人民币/美元汇率（USD/CNY，1美元兑人民币）,6.9639,人民币/美元,日度,Frankfurter API
2026-01-22,USD_CNY,人民币/美元汇率（USD/CNY，1美元兑人民币）,6.9757,人民币/美元,日度,Frankfurter API
2026-01-23,USD_CNY,人民币/美元汇率（USD/CNY，1美元兑人民币）,6.9646,人民币/美元,日度,Frankfurter API
2026-01-26,USD_CNY,人民币/美元汇率（USD/CNY，1美元兑人民币）,6.9544,人民币/美元,日度,Frankfurter API
2026-01-27,USD_CNY,人民币/美元汇率（USD/CNY，1美元兑人民币）,6.9548,人民币/美元,日度,Frankfurter API
2026-01-28,USD_CNY,人民币/美元汇率（USD/CNY，1美元兑人民币）,6.9464,人民币/美元,日度,Frankfurter API
2026-01-29,USD_CNY,人民币/美元汇率（USD/CNY，1美元兑人民币）,6.9462,人民币/美元,日度,Frankfurter API
2026-01-30,USD_CNY,人民币/美元汇率（USD/CNY，1美元兑人民币）,6.9497,人民币/美元,日度,Frankfurter API
2026-02-02,USD_CNY,人民币/美元汇率（USD/CNY，1美元兑人民币）,6.9434,人民币/美元,日度,Frankfurter API
2026-02-03,USD_CNY,人民币/美元汇率（USD/CNY，1美元兑人民币）,6.9381,人民币/美元,日度,Frankfurter API
2026-02-04,USD_CNY,人民币/美元汇率（USD/CNY，1美元兑人民币）,6.9417,人民币/美元,日度,Frankfurter API
2026-02-05,USD_CNY,人民币/美元汇率（USD/CNY，1美元兑人民币）,6.9392,人民币/美元,日度,Frankfurter API
2026-02-06,USD_CNY,人民币/美元汇率（USD/CNY，1美元兑人民币）,6.939,人民币/美元,日度,Frankfurter API
2026-02-09,USD_CNY,人民币/美元汇率（USD/CNY，1美元兑人民币）,6.9225,人民币/美元,日度,Frankfurter API
2026-02-10,USD_CNY,人民币/美元汇率（USD/CNY，1美元兑人民币）,6.9148,人民币/美元,日度,Frankfurter API
2026-02-11,USD_CNY,人民币/美元汇率（USD/CNY，1美元兑人民币）,6.9113,人民币/美元,日度,Frankfurter API
2026-02-12,USD_CNY,人民币/美元汇率（USD/CNY，1美元兑人民币）,6.9011,人民币/美元,日度,Frankfurter API
2026-02-13,USD_CNY,人民币/美元汇率（USD/CNY，1美元兑人民币）,6.9086,人民币/美元,日度,Frankfurter API
2026-02-16,USD_CNY,人民币/美元汇率（USD/CNY，1美元兑人民币）,6.9086,人民币/美元,日度,Frankfurter API
2026-02-17,USD_CNY,人民币/美元汇率（USD/CNY，1美元兑人民币）,6.9087,人民币/美元,日度,Frankfurter API
2026-02-18,USD_CNY,人民币/美元汇率（USD/CNY，1美元兑人民币）,6.9087,人民币/美元,日度,Frankfurter API
2026-02-19,USD_CNY,人民币/美元汇率（USD/CNY，1美元兑人民币）,6.9086,人民币/美元,日度,Frankfurter API
2026-02-20,USD_CNY,人民币/美元汇率（USD/CNY，1美元兑人民币）,6.9086,人民币/美元,日度,Frankfurter API
2026-02-23,USD_CNY,人民币/美元汇率（USD/CNY，1美元兑人民币）,6.9087,人民币/美元,日度,Frankfurter API
2026-02-24,USD_CNY,人民币/美元汇率（USD/CNY，1美元兑人民币）,6.8817,人民币/美元,日度,Frankfurter API
2026-02-25,USD_CNY,人民币/美元汇率（USD/CNY，1美元兑人民币）,6.8695,人民币/美元,日度,Frankfurter API
2026-02-26,USD_CNY,人民币/美元汇率（USD/CNY，1美元兑人民币）,6.8413,人民币/美元,日度,Frankfurter API
2026-02-27,USD_CNY,人民币/美元汇率（USD/CNY，1美元兑人民币）,6.8582,人民币/美元,日度,Frankfurter API
2026-03-02,USD_CNY,人民币/美元汇率（USD/CNY，1美元兑人民币）,6.8825,人民币/美元,日度,Frankfurter API
2026-03-03,USD_CNY,人民币/美元汇率（USD/CNY，1美元兑人民币）,6.9076,人民币/美元,日度,Frankfurter API
2026-03-04,USD_CNY,人民币/美元汇率（USD/CNY，1美元兑人民币）,6.8973,人民币/美元,日度,Frankfurter API
2026-03-05,USD_CNY,人民币/美元汇率（USD/CNY，1美元兑人民币）,6.9011,人民币/美元,日度,Frankfurter API
2026-03-06,USD_CNY,人民币/美元汇率（USD/CNY，1美元兑人民币）,6.9047,人民币/美元,日度,Frankfurter API
2026-03-09,USD_CNY,人民币/美元汇率（USD/CNY，1美元兑人民币）,6.9173,人民币/美元,日度,Frankfurter API
2026-03-10,USD_CNY,人民币/美元汇率（USD/CNY，1美元兑人民币）,6.8772,人民币/美元,日度,Frankfurter API
2026-03-11,USD_CNY,人民币/美元汇率（USD/CNY，1美元兑人民币）,6.8662,人民币/美元,日度,Frankfurter API
2026-03-12,USD_CNY,人民币/美元汇率（USD/CNY，1美元兑人民币）,6.869,人民币/美元,日度,Frankfurter API
2026-03-13,USD_CNY,人民币/美元汇率（USD/CNY，1美元兑人民币）,6.8966,人民币/美元,日度,Frankfurter API
2026-03-16,USD_CNY,人民币/美元汇率（USD/CNY，1美元兑人民币）,6.8961,人民币/美元,日度,Frankfurter API
2026-03-17,USD_CNY,人民币/美元汇率（USD/CNY，1美元兑人民币）,6.8868,人民币/美元,日度,Frankfurter API
2026-03-18,USD_CNY,人民币/美元汇率（USD/CNY，1美元兑人民币）,6.8882,人民币/美元,日度,Frankfurter API
2026-03-19,USD_CNY,人民币/美元汇率（USD/CNY，1美元兑人民币）,6.9004,人民币/美元,日度,Frankfurter API
2026-03-20,USD_CNY,人民币/美元汇率（USD/CNY，1美元兑人民币）,6.8943,人民币/美元,日度,Frankfurter API
2026-03-23,USD_CNY,人民币/美元汇率（USD/CNY，1美元兑人民币）,6.8917,人民币/美元,日度,Frankfurter API
2026-03-24,USD_CNY,人民币/美元汇率（USD/CNY，1美元兑人民币）,6.8934,人民币/美元,日度,Frankfurter API
2026-03-25,USD_CNY,人民币/美元汇率（USD/CNY，1美元兑人民币）,6.8995,人民币/美元,日度,Frankfurter API
2026-03-26,USD_CNY,人民币/美元汇率（USD/CNY，1美元兑人民币）,6.9102,人民币/美元,日度,Frankfurter API
2026-03-27,USD_CNY,人民币/美元汇率（USD/CNY，1美元兑人民币）,6.9138,人民币/美元,日度,Frankfurter API
2026-03-30,USD_CNY,人民币/美元汇率（USD/CNY，1美元兑人民币）,6.9114,人民币/美元,日度,Frankfurter API
2026-03-31,USD_CNY,人民币/美元汇率（USD/CNY，1美元兑人民币）,6.9004,人民币/美元,日度,Frankfurter API
2026-04-01,USD_CNY,人民币/美元汇率（USD/CNY，1美元兑人民币）,6.8738,人民币/美元,日度,Frankfurter API
2026-04-02,USD_CNY,人民币/美元汇率（USD/CNY，1美元兑人民币）,6.8976,人民币/美元,日度,Frankfurter API
2026-04-07,USD_CNY,人民币/美元汇率（USD/CNY，1美元兑人民币）,6.8574,人民币/美元,日度,Frankfurter API
2026-04-08,USD_CNY,人民币/美元汇率（USD/CNY，1美元兑人民币）,6.8297,人民币/美元,日度,Frankfurter API
2026-04-09,USD_CNY,人民币/美元汇率（USD/CNY，1美元兑人民币）,6.8347,人民币/美元,日度,Frankfurter API
2026-04-10,USD_CNY,人民币/美元汇率（USD/CNY，1美元兑人民币）,6.8284,人民币/美元,日度,Frankfurter API
2026-04-13,USD_CNY,人民币/美元汇率（USD/CNY，1美元兑人民币）,6.8322,人民币/美元,日度,Frankfurter API
2026-04-14,USD_CNY,人民币/美元汇率（USD/CNY，1美元兑人民币）,6.8158,人民币/美元,日度,Frankfurter API
2026-04-15,USD_CNY,人民币/美元汇率（USD/CNY，1美元兑人民币）,6.8211,人民币/美元,日度,Frankfurter API
2026-04-16,USD_CNY,人民币/美元汇率（USD/CNY，1美元兑人民币）,6.8213,人民币/美元,日度,Frankfurter API
2026-04-17,USD_CNY,人民币/美元汇率（USD/CNY，1美元兑人民币）,6.8223,人民币/美元,日度,Frankfurter API
2026-04-20,USD_CNY,人民币/美元汇率（USD/CNY，1美元兑人民币）,6.8177,人民币/美元,日度,Frankfurter API
2026-04-21,USD_CNY,人民币/美元汇率（USD/CNY，1美元兑人民币）,6.8158,人民币/美元,日度,Frankfurter API
2026-04-22,USD_CNY,人民币/美元汇率（USD/CNY，1美元兑人民币）,6.8244,人民币/美元,日度,Frankfurter API
2026-04-23,USD_CNY,人民币/美元汇率（USD/CNY，1美元兑人民币）,6.835,人民币/美元,日度,Frankfurter API
2026-04-24,USD_CNY,人民币/美元汇率（USD/CNY，1美元兑人民币）,6.8363,人民币/美元,日度,Frankfurter API
2026-04-27,USD_CNY,人民币/美元汇率（USD/CNY，1美元兑人民币）,6.8231,人民币/美元,日度,Frankfurter API
2026-04-28,USD_CNY,人民币/美元汇率（USD/CNY，1美元兑人民币）,6.8388,人民币/美元,日度,Frankfurter API
2026-04-29,USD_CNY,人民币/美元汇率（USD/CNY，1美元兑人民币）,6.8335,人民币/美元,日度,Frankfurter API
2026-04-30,USD_CNY,人民币/美元汇率（USD/CNY，1美元兑人民币）,6.8287,人民币/美元,日度,Frankfurter API
2026-05-04,USD_CNY,人民币/美元汇率（USD/CNY，1美元兑人民币）,6.8303,人民币/美元,日度,Frankfurter API
2026-05-05,USD_CNY,人民币/美元汇率（USD/CNY，1美元兑人民币）,6.8302,人民币/美元,日度,Frankfurter API
2026-05-06,USD_CNY,人民币/美元汇率（USD/CNY，1美元兑人民币）,6.8112,人民币/美元,日度,Frankfurter API
2026-05-07,USD_CNY,人民币/美元汇率（USD/CNY，1美元兑人民币）,6.8019,人民币/美元,日度,Frankfurter API
2026-05-08,USD_CNY,人民币/美元汇率（USD/CNY，1美元兑人民币）,6.8012,人民币/美元,日度,Frankfurter API
2026-05-11,USD_CNY,人民币/美元汇率（USD/CNY，1美元兑人民币）,6.7965,人民币/美元,日度,Frankfurter API
2026-05-12,USD_CNY,人民币/美元汇率（USD/CNY，1美元兑人民币）,6.7921,人民币/美元,日度,Frankfurter API
2026-05-13,USD_CNY,人民币/美元汇率（USD/CNY，1美元兑人民币）,6.791,人民币/美元,日度,Frankfurter API
2026-05-14,USD_CNY,人民币/美元汇率（USD/CNY，1美元兑人民币）,6.7852,人民币/美元,日度,Frankfurter API
2026-05-15,USD_CNY,人民币/美元汇率（USD/CNY，1美元兑人民币）,6.8106,人民币/美元,日度,Frankfurter API
2020-01-01,M2_YOY,M2同比增速,8.4,%,月度,AkShare: macro_china_money_supply
2020-02-01,M2_YOY,M2同比增速,8.8,%,月度,AkShare: macro_china_money_supply
2020-03-01,M2_YOY,M2同比增速,10.1,%,月度,AkShare: macro_china_money_supply
2020-04-01,M2_YOY,M2同比增速,11.1,%,月度,AkShare: macro_china_money_supply
2020-05-01,M2_YOY,M2同比增速,11.1,%,月度,AkShare: macro_china_money_supply
2020-06-01,M2_YOY,M2同比增速,11.1,%,月度,AkShare: macro_china_money_supply
2020-07-01,M2_YOY,M2同比增速,10.7,%,月度,AkShare: macro_china_money_supply
2020-08-01,M2_YOY,M2同比增速,10.4,%,月度,AkShare: macro_china_money_supply
2020-09-01,M2_YOY,M2同比增速,10.9,%,月度,AkShare: macro_china_money_supply
2020-10-01,M2_YOY,M2同比增速,10.5,%,月度,AkShare: macro_china_money_supply
2020-11-01,M2_YOY,M2同比增速,10.7,%,月度,AkShare: macro_china_money_supply
2020-12-01,M2_YOY,M2同比增速,10.1,%,月度,AkShare: macro_china_money_supply
2021-01-01,M2_YOY,M2同比增速,9.4,%,月度,AkShare: macro_china_money_supply
2021-02-01,M2_YOY,M2同比增速,10.1,%,月度,AkShare: macro_china_money_supply
2021-03-01,M2_YOY,M2同比增速,9.4,%,月度,AkShare: macro_china_money_supply
2021-04-01,M2_YOY,M2同比增速,8.1,%,月度,AkShare: macro_china_money_supply
2021-05-01,M2_YOY,M2同比增速,8.3,%,月度,AkShare: macro_china_money_supply
2021-06-01,M2_YOY,M2同比增速,8.6,%,月度,AkShare: macro_china_money_supply
2021-07-01,M2_YOY,M2同比增速,8.3,%,月度,AkShare: macro_china_money_supply
2021-08-01,M2_YOY,M2同比增速,8.2,%,月度,AkShare: macro_china_money_supply
2021-09-01,M2_YOY,M2同比增速,8.3,%,月度,AkShare: macro_china_money_supply
2021-10-01,M2_YOY,M2同比增速,8.7,%,月度,AkShare: macro_china_money_supply
2021-11-01,M2_YOY,M2同比增速,8.5,%,月度,AkShare: macro_china_money_supply
2021-12-01,M2_YOY,M2同比增速,9.0,%,月度,AkShare: macro_china_money_supply
2022-01-01,M2_YOY,M2同比增速,9.8,%,月度,AkShare: macro_china_money_supply
2022-02-01,M2_YOY,M2同比增速,9.2,%,月度,AkShare: macro_china_money_supply
2022-03-01,M2_YOY,M2同比增速,9.7,%,月度,AkShare: macro_china_money_supply
2022-04-01,M2_YOY,M2同比增速,10.5,%,月度,AkShare: macro_china_money_supply
2022-05-01,M2_YOY,M2同比增速,11.1,%,月度,AkShare: macro_china_money_supply
2022-06-01,M2_YOY,M2同比增速,11.4,%,月度,AkShare: macro_china_money_supply
2022-07-01,M2_YOY,M2同比增速,12.0,%,月度,AkShare: macro_china_money_supply
2022-08-01,M2_YOY,M2同比增速,12.2,%,月度,AkShare: macro_china_money_supply
2022-09-01,M2_YOY,M2同比增速,12.1,%,月度,AkShare: macro_china_money_supply
2022-10-01,M2_YOY,M2同比增速,11.8,%,月度,AkShare: macro_china_money_supply
2022-11-01,M2_YOY,M2同比增速,12.4,%,月度,AkShare: macro_china_money_supply
2022-12-01,M2_YOY,M2同比增速,11.8,%,月度,AkShare: macro_china_money_supply
2023-01-01,M2_YOY,M2同比增速,12.6,%,月度,AkShare: macro_china_money_supply
2023-02-01,M2_YOY,M2同比增速,12.9,%,月度,AkShare: macro_china_money_supply
2023-03-01,M2_YOY,M2同比增速,12.7,%,月度,AkShare: macro_china_money_supply
2023-04-01,M2_YOY,M2同比增速,12.4,%,月度,AkShare: macro_china_money_supply
2023-05-01,M2_YOY,M2同比增速,11.6,%,月度,AkShare: macro_china_money_supply
2023-06-01,M2_YOY,M2同比增速,11.3,%,月度,AkShare: macro_china_money_supply
2023-07-01,M2_YOY,M2同比增速,10.7,%,月度,AkShare: macro_china_money_supply
2023-08-01,M2_YOY,M2同比增速,10.6,%,月度,AkShare: macro_china_money_supply
2023-09-01,M2_YOY,M2同比增速,10.3,%,月度,AkShare: macro_china_money_supply
2023-10-01,M2_YOY,M2同比增速,10.3,%,月度,AkShare: macro_china_money_supply
2023-11-01,M2_YOY,M2同比增速,10.0,%,月度,AkShare: macro_china_money_supply
2023-12-01,M2_YOY,M2同比增速,9.7,%,月度,AkShare: macro_china_money_supply
2024-01-01,M2_YOY,M2同比增速,8.7,%,月度,AkShare: macro_china_money_supply
2024-02-01,M2_YOY,M2同比增速,8.7,%,月度,AkShare: macro_china_money_supply
2024-03-01,M2_YOY,M2同比增速,8.3,%,月度,AkShare: macro_china_money_supply
2024-04-01,M2_YOY,M2同比增速,7.2,%,月度,AkShare: macro_china_money_supply
2024-05-01,M2_YOY,M2同比增速,7.0,%,月度,AkShare: macro_china_money_supply
2024-06-01,M2_YOY,M2同比增速,6.2,%,月度,AkShare: macro_china_money_supply
2024-07-01,M2_YOY,M2同比增速,6.3,%,月度,AkShare: macro_china_money_supply
2024-08-01,M2_YOY,M2同比增速,6.3,%,月度,AkShare: macro_china_money_supply
2024-09-01,M2_YOY,M2同比增速,6.8,%,月度,AkShare: macro_china_money_supply
2024-10-01,M2_YOY,M2同比增速,7.5,%,月度,AkShare: macro_china_money_supply
2024-11-01,M2_YOY,M2同比增速,7.1,%,月度,AkShare: macro_china_money_supply
2024-12-01,M2_YOY,M2同比增速,7.3,%,月度,AkShare: macro_china_money_supply
2025-01-01,M2_YOY,M2同比增速,7.0,%,月度,AkShare: macro_china_money_supply
2025-02-01,M2_YOY,M2同比增速,7.0,%,月度,AkShare: macro_china_money_supply
2025-03-01,M2_YOY,M2同比增速,7.0,%,月度,AkShare: macro_china_money_supply
2025-04-01,M2_YOY,M2同比增速,8.0,%,月度,AkShare: macro_china_money_supply
2025-05-01,M2_YOY,M2同比增速,7.9,%,月度,AkShare: macro_china_money_supply
2025-06-01,M2_YOY,M2同比增速,8.3,%,月度,AkShare: macro_china_money_supply
2025-07-01,M2_YOY,M2同比增速,8.8,%,月度,AkShare: macro_china_money_supply
2025-08-01,M2_YOY,M2同比增速,8.8,%,月度,AkShare: macro_china_money_supply
2025-09-01,M2_YOY,M2同比增速,8.4,%,月度,AkShare: macro_china_money_supply
2025-10-01,M2_YOY,M2同比增速,8.2,%,月度,AkShare: macro_china_money_supply
2025-11-01,M2_YOY,M2同比增速,8.0,%,月度,AkShare: macro_china_money_supply
2025-12-01,M2_YOY,M2同比增速,8.5,%,月度,AkShare: macro_china_money_supply
2026-01-01,M2_YOY,M2同比增速,9.0,%,月度,AkShare: macro_china_money_supply
2026-02-01,M2_YOY,M2同比增速,9.0,%,月度,AkShare: macro_china_money_supply
2026-03-01,M2_YOY,M2同比增速,8.5,%,月度,AkShare: macro_china_money_supply
2026-04-01,M2_YOY,M2同比增速,8.6,%,月度,AkShare: macro_china_money_supply
2020-01-20,LPR_1Y,1年期LPR利率,4.15,%,月度/发布日,AkShare: macro_china_lpr
2020-02-20,LPR_1Y,1年期LPR利率,4.05,%,月度/发布日,AkShare: macro_china_lpr
2020-03-20,LPR_1Y,1年期LPR利率,4.05,%,月度/发布日,AkShare: macro_china_lpr
2020-04-20,LPR_1Y,1年期LPR利率,3.85,%,月度/发布日,AkShare: macro_china_lpr
2020-05-20,LPR_1Y,1年期LPR利率,3.85,%,月度/发布日,AkShare: macro_china_lpr
2020-06-22,LPR_1Y,1年期LPR利率,3.85,%,月度/发布日,AkShare: macro_china_lpr
2020-07-20,LPR_1Y,1年期LPR利率,3.85,%,月度/发布日,AkShare: macro_china_lpr
2020-08-20,LPR_1Y,1年期LPR利率,3.85,%,月度/发布日,AkShare: macro_china_lpr
2020-09-21,LPR_1Y,1年期LPR利率,3.85,%,月度/发布日,AkShare: macro_china_lpr
2020-10-20,LPR_1Y,1年期LPR利率,3.85,%,月度/发布日,AkShare: macro_china_lpr
2020-11-20,LPR_1Y,1年期LPR利率,3.85,%,月度/发布日,AkShare: macro_china_lpr
2020-12-21,LPR_1Y,1年期LPR利率,3.85,%,月度/发布日,AkShare: macro_china_lpr
2021-01-20,LPR_1Y,1年期LPR利率,3.85,%,月度/发布日,AkShare: macro_china_lpr
2021-02-20,LPR_1Y,1年期LPR利率,3.85,%,月度/发布日,AkShare: macro_china_lpr
2021-03-22,LPR_1Y,1年期LPR利率,3.85,%,月度/发布日,AkShare: macro_china_lpr
2021-04-20,LPR_1Y,1年期LPR利率,3.85,%,月度/发布日,AkShare: macro_china_lpr
2021-05-20,LPR_1Y,1年期LPR利率,3.85,%,月度/发布日,AkShare: macro_china_lpr
2021-06-21,LPR_1Y,1年期LPR利率,3.85,%,月度/发布日,AkShare: macro_china_lpr
2021-07-20,LPR_1Y,1年期LPR利率,3.85,%,月度/发布日,AkShare: macro_china_lpr
2021-08-20,LPR_1Y,1年期LPR利率,3.85,%,月度/发布日,AkShare: macro_china_lpr
2021-09-22,LPR_1Y,1年期LPR利率,3.85,%,月度/发布日,AkShare: macro_china_lpr
2021-10-20,LPR_1Y,1年期LPR利率,3.85,%,月度/发布日,AkShare: macro_china_lpr
2021-11-22,LPR_1Y,1年期LPR利率,3.85,%,月度/发布日,AkShare: macro_china_lpr
2021-12-20,LPR_1Y,1年期LPR利率,3.8,%,月度/发布日,AkShare: macro_china_lpr
2022-01-20,LPR_1Y,1年期LPR利率,3.7,%,月度/发布日,AkShare: macro_china_lpr
2022-02-21,LPR_1Y,1年期LPR利率,3.7,%,月度/发布日,AkShare: macro_china_lpr
2022-03-21,LPR_1Y,1年期LPR利率,3.7,%,月度/发布日,AkShare: macro_china_lpr
2022-04-20,LPR_1Y,1年期LPR利率,3.7,%,月度/发布日,AkShare: macro_china_lpr
2022-05-20,LPR_1Y,1年期LPR利率,3.7,%,月度/发布日,AkShare: macro_china_lpr
2022-06-20,LPR_1Y,1年期LPR利率,3.7,%,月度/发布日,AkShare: macro_china_lpr
2022-07-20,LPR_1Y,1年期LPR利率,3.7,%,月度/发布日,AkShare: macro_china_lpr
2022-08-22,LPR_1Y,1年期LPR利率,3.65,%,月度/发布日,AkShare: macro_china_lpr
2022-09-20,LPR_1Y,1年期LPR利率,3.65,%,月度/发布日,AkShare: macro_china_lpr
2022-10-20,LPR_1Y,1年期LPR利率,3.65,%,月度/发布日,AkShare: macro_china_lpr
2022-11-21,LPR_1Y,1年期LPR利率,3.65,%,月度/发布日,AkShare: macro_china_lpr
2022-12-20,LPR_1Y,1年期LPR利率,3.65,%,月度/发布日,AkShare: macro_china_lpr
2023-01-20,LPR_1Y,1年期LPR利率,3.65,%,月度/发布日,AkShare: macro_china_lpr
2023-02-20,LPR_1Y,1年期LPR利率,3.65,%,月度/发布日,AkShare: macro_china_lpr
2023-03-20,LPR_1Y,1年期LPR利率,3.65,%,月度/发布日,AkShare: macro_china_lpr
2023-04-20,LPR_1Y,1年期LPR利率,3.65,%,月度/发布日,AkShare: macro_china_lpr
2023-05-22,LPR_1Y,1年期LPR利率,3.65,%,月度/发布日,AkShare: macro_china_lpr
2023-06-20,LPR_1Y,1年期LPR利率,3.55,%,月度/发布日,AkShare: macro_china_lpr
2023-07-20,LPR_1Y,1年期LPR利率,3.55,%,月度/发布日,AkShare: macro_china_lpr
2023-08-21,LPR_1Y,1年期LPR利率,3.45,%,月度/发布日,AkShare: macro_china_lpr
2023-09-20,LPR_1Y,1年期LPR利率,3.45,%,月度/发布日,AkShare: macro_china_lpr
2023-10-20,LPR_1Y,1年期LPR利率,3.45,%,月度/发布日,AkShare: macro_china_lpr
2023-11-20,LPR_1Y,1年期LPR利率,3.45,%,月度/发布日,AkShare: macro_china_lpr
2023-12-20,LPR_1Y,1年期LPR利率,3.45,%,月度/发布日,AkShare: macro_china_lpr
2024-01-22,LPR_1Y,1年期LPR利率,3.45,%,月度/发布日,AkShare: macro_china_lpr
2024-02-20,LPR_1Y,1年期LPR利率,3.45,%,月度/发布日,AkShare: macro_china_lpr
2024-03-20,LPR_1Y,1年期LPR利率,3.45,%,月度/发布日,AkShare: macro_china_lpr
2024-04-22,LPR_1Y,1年期LPR利率,3.45,%,月度/发布日,AkShare: macro_china_lpr
2024-05-20,LPR_1Y,1年期LPR利率,3.45,%,月度/发布日,AkShare: macro_china_lpr
2024-06-20,LPR_1Y,1年期LPR利率,3.45,%,月度/发布日,AkShare: macro_china_lpr
2024-07-22,LPR_1Y,1年期LPR利率,3.35,%,月度/发布日,AkShare: macro_china_lpr
2024-08-20,LPR_1Y,1年期LPR利率,3.35,%,月度/发布日,AkShare: macro_china_lpr
2024-09-20,LPR_1Y,1年期LPR利率,3.35,%,月度/发布日,AkShare: macro_china_lpr
2024-10-21,LPR_1Y,1年期LPR利率,3.1,%,月度/发布日,AkShare: macro_china_lpr
2024-11-20,LPR_1Y,1年期LPR利率,3.1,%,月度/发布日,AkShare: macro_china_lpr
2024-12-20,LPR_1Y,1年期LPR利率,3.1,%,月度/发布日,AkShare: macro_china_lpr
2025-01-20,LPR_1Y,1年期LPR利率,3.1,%,月度/发布日,AkShare: macro_china_lpr
2025-02-20,LPR_1Y,1年期LPR利率,3.1,%,月度/发布日,AkShare: macro_china_lpr
2025-03-20,LPR_1Y,1年期LPR利率,3.1,%,月度/发布日,AkShare: macro_china_lpr
2025-04-21,LPR_1Y,1年期LPR利率,3.1,%,月度/发布日,AkShare: macro_china_lpr
2025-05-20,LPR_1Y,1年期LPR利率,3.0,%,月度/发布日,AkShare: macro_china_lpr
2025-06-20,LPR_1Y,1年期LPR利率,3.0,%,月度/发布日,AkShare: macro_china_lpr
2025-07-21,LPR_1Y,1年期LPR利率,3.0,%,月度/发布日,AkShare: macro_china_lpr
2025-08-20,LPR_1Y,1年期LPR利率,3.0,%,月度/发布日,AkShare: macro_china_lpr
2025-09-22,LPR_1Y,1年期LPR利率,3.0,%,月度/发布日,AkShare: macro_china_lpr
2025-10-20,LPR_1Y,1年期LPR利率,3.0,%,月度/发布日,AkShare: macro_china_lpr
2025-11-20,LPR_1Y,1年期LPR利率,3.0,%,月度/发布日,AkShare: macro_china_lpr
2025-12-22,LPR_1Y,1年期LPR利率,3.0,%,月度/发布日,AkShare: macro_china_lpr
2026-01-20,LPR_1Y,1年期LPR利率,3.0,%,月度/发布日,AkShare: macro_china_lpr
2026-02-24,LPR_1Y,1年期LPR利率,3.0,%,月度/发布日,AkShare: macro_china_lpr
2026-03-20,LPR_1Y,1年期LPR利率,3.0,%,月度/发布日,AkShare: macro_china_lpr
2026-04-20,LPR_1Y,1年期LPR利率,3.0,%,月度/发布日,AkShare: macro_china_lpr
2020-03-01,INDUSTRIAL_VALUE_ADDED_YOY,工业增加值增速,-1.1,%,月度,AkShare: macro_china_gyzjz
2020-04-01,INDUSTRIAL_VALUE_ADDED_YOY,工业增加值增速,3.9,%,月度,AkShare: macro_china_gyzjz
2020-05-01,INDUSTRIAL_VALUE_ADDED_YOY,工业增加值增速,4.4,%,月度,AkShare: macro_china_gyzjz
2020-06-01,INDUSTRIAL_VALUE_ADDED_YOY,工业增加值增速,4.8,%,月度,AkShare: macro_china_gyzjz
2020-07-01,INDUSTRIAL_VALUE_ADDED_YOY,工业增加值增速,4.8,%,月度,AkShare: macro_china_gyzjz
2020-08-01,INDUSTRIAL_VALUE_ADDED_YOY,工业增加值增速,5.6,%,月度,AkShare: macro_china_gyzjz
2020-09-01,INDUSTRIAL_VALUE_ADDED_YOY,工业增加值增速,6.9,%,月度,AkShare: macro_china_gyzjz
2020-10-01,INDUSTRIAL_VALUE_ADDED_YOY,工业增加值增速,6.9,%,月度,AkShare: macro_china_gyzjz
2020-11-01,INDUSTRIAL_VALUE_ADDED_YOY,工业增加值增速,7.0,%,月度,AkShare: macro_china_gyzjz
2020-12-01,INDUSTRIAL_VALUE_ADDED_YOY,工业增加值增速,7.3,%,月度,AkShare: macro_china_gyzjz
2021-03-01,INDUSTRIAL_VALUE_ADDED_YOY,工业增加值增速,14.1,%,月度,AkShare: macro_china_gyzjz
2021-04-01,INDUSTRIAL_VALUE_ADDED_YOY,工业增加值增速,9.8,%,月度,AkShare: macro_china_gyzjz
2021-05-01,INDUSTRIAL_VALUE_ADDED_YOY,工业增加值增速,8.8,%,月度,AkShare: macro_china_gyzjz
2021-06-01,INDUSTRIAL_VALUE_ADDED_YOY,工业增加值增速,8.3,%,月度,AkShare: macro_china_gyzjz
2021-07-01,INDUSTRIAL_VALUE_ADDED_YOY,工业增加值增速,6.4,%,月度,AkShare: macro_china_gyzjz
2021-08-01,INDUSTRIAL_VALUE_ADDED_YOY,工业增加值增速,5.3,%,月度,AkShare: macro_china_gyzjz
2021-09-01,INDUSTRIAL_VALUE_ADDED_YOY,工业增加值增速,3.1,%,月度,AkShare: macro_china_gyzjz
2021-10-01,INDUSTRIAL_VALUE_ADDED_YOY,工业增加值增速,3.5,%,月度,AkShare: macro_china_gyzjz
2021-11-01,INDUSTRIAL_VALUE_ADDED_YOY,工业增加值增速,3.8,%,月度,AkShare: macro_china_gyzjz
2021-12-01,INDUSTRIAL_VALUE_ADDED_YOY,工业增加值增速,4.3,%,月度,AkShare: macro_china_gyzjz
2022-03-01,INDUSTRIAL_VALUE_ADDED_YOY,工业增加值增速,5.0,%,月度,AkShare: macro_china_gyzjz
2022-04-01,INDUSTRIAL_VALUE_ADDED_YOY,工业增加值增速,-2.9,%,月度,AkShare: macro_china_gyzjz
2022-05-01,INDUSTRIAL_VALUE_ADDED_YOY,工业增加值增速,0.7,%,月度,AkShare: macro_china_gyzjz
2022-06-01,INDUSTRIAL_VALUE_ADDED_YOY,工业增加值增速,3.9,%,月度,AkShare: macro_china_gyzjz
2022-07-01,INDUSTRIAL_VALUE_ADDED_YOY,工业增加值增速,3.8,%,月度,AkShare: macro_china_gyzjz
2022-08-01,INDUSTRIAL_VALUE_ADDED_YOY,工业增加值增速,4.2,%,月度,AkShare: macro_china_gyzjz
2022-09-01,INDUSTRIAL_VALUE_ADDED_YOY,工业增加值增速,6.3,%,月度,AkShare: macro_china_gyzjz
2022-10-01,INDUSTRIAL_VALUE_ADDED_YOY,工业增加值增速,5.0,%,月度,AkShare: macro_china_gyzjz
2022-11-01,INDUSTRIAL_VALUE_ADDED_YOY,工业增加值增速,2.2,%,月度,AkShare: macro_china_gyzjz
2022-12-01,INDUSTRIAL_VALUE_ADDED_YOY,工业增加值增速,1.3,%,月度,AkShare: macro_china_gyzjz
2023-03-01,INDUSTRIAL_VALUE_ADDED_YOY,工业增加值增速,3.9,%,月度,AkShare: macro_china_gyzjz
2023-04-01,INDUSTRIAL_VALUE_ADDED_YOY,工业增加值增速,5.6,%,月度,AkShare: macro_china_gyzjz
2023-05-01,INDUSTRIAL_VALUE_ADDED_YOY,工业增加值增速,3.5,%,月度,AkShare: macro_china_gyzjz
2023-06-01,INDUSTRIAL_VALUE_ADDED_YOY,工业增加值增速,4.4,%,月度,AkShare: macro_china_gyzjz
2023-07-01,INDUSTRIAL_VALUE_ADDED_YOY,工业增加值增速,3.7,%,月度,AkShare: macro_china_gyzjz
2023-08-01,INDUSTRIAL_VALUE_ADDED_YOY,工业增加值增速,4.5,%,月度,AkShare: macro_china_gyzjz
2023-09-01,INDUSTRIAL_VALUE_ADDED_YOY,工业增加值增速,4.5,%,月度,AkShare: macro_china_gyzjz
2023-10-01,INDUSTRIAL_VALUE_ADDED_YOY,工业增加值增速,4.6,%,月度,AkShare: macro_china_gyzjz
2023-11-01,INDUSTRIAL_VALUE_ADDED_YOY,工业增加值增速,6.6,%,月度,AkShare: macro_china_gyzjz
2023-12-01,INDUSTRIAL_VALUE_ADDED_YOY,工业增加值增速,6.8,%,月度,AkShare: macro_china_gyzjz
2024-03-01,INDUSTRIAL_VALUE_ADDED_YOY,工业增加值增速,4.5,%,月度,AkShare: macro_china_gyzjz
2024-04-01,INDUSTRIAL_VALUE_ADDED_YOY,工业增加值增速,6.7,%,月度,AkShare: macro_china_gyzjz
2024-05-01,INDUSTRIAL_VALUE_ADDED_YOY,工业增加值增速,5.6,%,月度,AkShare: macro_china_gyzjz
2024-06-01,INDUSTRIAL_VALUE_ADDED_YOY,工业增加值增速,5.3,%,月度,AkShare: macro_china_gyzjz
2024-07-01,INDUSTRIAL_VALUE_ADDED_YOY,工业增加值增速,5.1,%,月度,AkShare: macro_china_gyzjz
2024-08-01,INDUSTRIAL_VALUE_ADDED_YOY,工业增加值增速,4.5,%,月度,AkShare: macro_china_gyzjz
2024-09-01,INDUSTRIAL_VALUE_ADDED_YOY,工业增加值增速,5.4,%,月度,AkShare: macro_china_gyzjz
2024-10-01,INDUSTRIAL_VALUE_ADDED_YOY,工业增加值增速,5.3,%,月度,AkShare: macro_china_gyzjz
2024-11-01,INDUSTRIAL_VALUE_ADDED_YOY,工业增加值增速,5.4,%,月度,AkShare: macro_china_gyzjz
2024-12-01,INDUSTRIAL_VALUE_ADDED_YOY,工业增加值增速,6.2,%,月度,AkShare: macro_china_gyzjz
2025-03-01,INDUSTRIAL_VALUE_ADDED_YOY,工业增加值增速,7.7,%,月度,AkShare: macro_china_gyzjz
2025-04-01,INDUSTRIAL_VALUE_ADDED_YOY,工业增加值增速,6.1,%,月度,AkShare: macro_china_gyzjz
2025-05-01,INDUSTRIAL_VALUE_ADDED_YOY,工业增加值增速,5.8,%,月度,AkShare: macro_china_gyzjz
2025-06-01,INDUSTRIAL_VALUE_ADDED_YOY,工业增加值增速,6.8,%,月度,AkShare: macro_china_gyzjz
2025-07-01,INDUSTRIAL_VALUE_ADDED_YOY,工业增加值增速,5.7,%,月度,AkShare: macro_china_gyzjz
2025-08-01,INDUSTRIAL_VALUE_ADDED_YOY,工业增加值增速,5.2,%,月度,AkShare: macro_china_gyzjz
2025-09-01,INDUSTRIAL_VALUE_ADDED_YOY,工业增加值增速,6.5,%,月度,AkShare: macro_china_gyzjz
2025-10-01,INDUSTRIAL_VALUE_ADDED_YOY,工业增加值增速,4.9,%,月度,AkShare: macro_china_gyzjz
2025-11-01,INDUSTRIAL_VALUE_ADDED_YOY,工业增加值增速,4.8,%,月度,AkShare: macro_china_gyzjz
2025-12-01,INDUSTRIAL_VALUE_ADDED_YOY,工业增加值增速,5.2,%,月度,AkShare: macro_china_gyzjz
2026-03-01,INDUSTRIAL_VALUE_ADDED_YOY,工业增加值增速,5.7,%,月度,AkShare: macro_china_gyzjz
2026-04-01,INDUSTRIAL_VALUE_ADDED_YOY,工业增加值增速,4.1,%,月度,AkShare: macro_china_gyzjz
2020-12-31,CPI_YOY_WB,CPI同比增速（世界银行年度口径）,2.41942189457782,%,年度,World Bank API: FP.CPI.TOTL.ZG
2021-12-31,CPI_YOY_WB,CPI同比增速（世界银行年度口径）,0.981015135544881,%,年度,World Bank API: FP.CPI.TOTL.ZG
2022-12-31,CPI_YOY_WB,CPI同比增速（世界银行年度口径）,1.9735755573905,%,年度,World Bank API: FP.CPI.TOTL.ZG
2023-12-31,CPI_YOY_WB,CPI同比增速（世界银行年度口径）,0.23483682889305,%,年度,World Bank API: FP.CPI.TOTL.ZG
2024-12-31,CPI_YOY_WB,CPI同比增速（世界银行年度口径）,0.218128938439177,%,年度,World Bank API: FP.CPI.TOTL.ZG
2020-12-31,M2_YOY_WB,M2同比增速（世界银行年度口径）,10.0135623141248,%,年度,World Bank API: FM.LBL.BMNY.ZG
2021-12-31,M2_YOY_WB,M2同比增速（世界银行年度口径）,9.0757457335677,%,年度,World Bank API: FM.LBL.BMNY.ZG
2022-12-31,M2_YOY_WB,M2同比增速（世界银行年度口径）,11.6633002240566,%,年度,World Bank API: FM.LBL.BMNY.ZG
2023-12-31,M2_YOY_WB,M2同比增速（世界银行年度口径）,9.84883453512065,%,年度,World Bank API: FM.LBL.BMNY.ZG
2024-12-31,M2_YOY_WB,M2同比增速（世界银行年度口径）,6.8107070839647,%,年度,World Bank API: FM.LBL.BMNY.ZG
2020-12-31,USD_CNY_WB,人民币/美元汇率（世界银行年度官方汇率）,6.90076726944924,人民币/美元,年度,World Bank API: PA.NUS.FCRF
2021-12-31,USD_CNY_WB,人民币/美元汇率（世界银行年度官方汇率）,6.44897518024316,人民币/美元,年度,World Bank API: PA.NUS.FCRF
2022-12-31,USD_CNY_WB,人民币/美元汇率（世界银行年度官方汇率）,6.73715811237118,人民币/美元,年度,World Bank API: PA.NUS.FCRF
2023-12-31,USD_CNY_WB,人民币/美元汇率（世界银行年度官方汇率）,7.0839984234363,人民币/美元,年度,World Bank API: PA.NUS.FCRF
2024-12-31,USD_CNY_WB,人民币/美元汇率（世界银行年度官方汇率）,7.19749110789916,人民币/美元,年度,World Bank API: PA.NUS.FCRF
2020-12-31,INDUSTRY_VALUE_ADDED_YOY_WB,工业增加值增速（世界银行年度口径）,2.13348857912719,%,年度,World Bank API: NV.IND.TOTL.KD.ZG
2021-12-31,INDUSTRY_VALUE_ADDED_YOY_WB,工业增加值增速（世界银行年度口径）,8.20983100863958,%,年度,World Bank API: NV.IND.TOTL.KD.ZG
2022-12-31,INDUSTRY_VALUE_ADDED_YOY_WB,工业增加值增速（世界银行年度口径）,2.3007204275667,%,年度,World Bank API: NV.IND.TOTL.KD.ZG
2023-12-31,INDUSTRY_VALUE_ADDED_YOY_WB,工业增加值增速（世界银行年度口径）,4.37225503554095,%,年度,World Bank API: NV.IND.TOTL.KD.ZG
2024-12-31,INDUSTRY_VALUE_ADDED_YOY_WB,工业增加值增速（世界银行年度口径）,5.31944222768053,%,年度,World Bank API: NV.IND.TOTL.KD.ZG
2020-12-31,USD_CNY_GMD,人民币/美元汇率（GMD年度USDfx口径）,6.900323,人民币/美元,年度,GMD: USDfx via forex-centuries GMD exchange-rate extract
2021-12-31,USD_CNY_GMD,人民币/美元汇率（GMD年度USDfx口径）,6.449111,人民币/美元,年度,GMD: USDfx via forex-centuries GMD exchange-rate extract
2022-12-31,USD_CNY_GMD,人民币/美元汇率（GMD年度USDfx口径）,6.734739,人民币/美元,年度,GMD: USDfx via forex-centuries GMD exchange-rate extract
2023-12-31,USD_CNY_GMD,人民币/美元汇率（GMD年度USDfx口径）,7.084631,人民币/美元,年度,GMD: USDfx via forex-centuries GMD exchange-rate extract
2024-12-31,USD_CNY_GMD,人民币/美元汇率（GMD年度USDfx口径）,7.195586,人民币/美元,年度,GMD: USDfx via forex-centuries GMD exchange-rate extract
2025-12-31,USD_CNY_GMD,人民币/美元汇率（GMD年度USDfx口径）,7.2333,人民币/美元,年度,GMD: USDfx via forex-centuries GMD exchange-rate extract
